# Generated input: nx=250 ny=50 Lx=303.000000 Ly=180.000000 T=0.500000 seed=42
12500
1.207171 3.529412 0.000000 -0.102264 -0.127743 0.000000 1.000000
2.414343 3.529412 0.000000 -0.079089 0.490896 0.000000 1.000000
3.621514 3.529412 0.000000 -0.090595 -1.064270 0.000000 1.000000
4.828685 3.529412 0.000000 0.234608 -0.194517 0.000000 1.000000
6.035857 3.529412 0.000000 -0.153789 0.076462 0.000000 1.000000
7.243028 3.529412 0.000000 0.163883 0.817279 0.000000 1.000000
8.450199 3.529412 0.000000 0.463936 0.072659 0.000000 1.000000
9.657371 3.529412 0.000000 -0.522449 -0.722956 0.000000 1.000000
10.864542 3.529412 0.000000 0.173814 0.921593 0.000000 1.000000
12.071713 3.529412 0.000000 0.029080 -0.080663 0.000000 1.000000
13.278884 3.529412 0.000000 0.375646 -1.033293 0.000000 1.000000
14.486056 3.529412 0.000000 -0.221190 0.341257 0.000000 1.000000
15.693227 3.529412 0.000000 0.617214 -0.175632 0.000000 1.000000
16.900398 3.529412 0.000000 0.265920 0.170032 0.000000 1.000000
18.107570 3.529412 0.000000 0.552812 -0.792648 0.000000 1.000000
19.314741 3.529412 0.000000 0.401438 -1.076409 0.000000 1.000000
20.521912 3.529412 0.000000 -1.852957 -0.434618 0.000000 1.000000
21.729084 3.529412 0.000000 -0.647952 0.613953 0.000000 1.000000
22.936255 3.529412 0.000000 0.469331 -0.867497 0.000000 1.000000
24.143426 3.529412 0.000000 0.598799 -0.714146 0.000000 1.000000
25.350598 3.529412 0.000000 -0.061360 -0.213300 0.000000 1.000000
26.557769 3.529412 0.000000 0.080531 0.573382 0.000000 1.000000
27.764940 3.529412 0.000000 0.451050 0.241925 0.000000 1.000000
28.972112 3.529412 0.000000 0.459206 0.332864 0.000000 1.000000
30.179283 3.529412 0.000000 -0.443722 -0.512739 0.000000 1.000000
31.386454 3.529412 0.000000 -0.332694 0.347596 0.000000 1.000000
32.593625 3.529412 0.000000 -0.177235 1.646146 0.000000 1.000000
33.800797 3.529412 0.000000 -0.579704 -0.782503 0.000000 1.000000
35.007968 3.529412 0.000000 0.543017 0.999918 0.000000 1.000000
36.215139 3.529412 0.000000 0.357202 0.585531 0.000000 1.000000
37.422311 3.529412 0.000000 1.008202 -0.071969 0.000000 1.000000
38.629482 3.529412 0.000000 -1.006560 -0.381716 0.000000 1.000000
39.836653 3.529412 0.000000 0.673423 -1.026316 0.000000 1.000000
41.043825 3.529412 0.000000 0.023334 0.173585 0.000000 1.000000
42.250996 3.529412 0.000000 -0.223534 0.506204 0.000000 1.000000
43.458167 3.529412 0.000000 0.410297 1.636002 0.000000 1.000000
44.665339 3.529412 0.000000 0.438007 -0.436395 0.000000 1.000000
45.872510 3.529412 0.000000 -0.397627 -0.593498 0.000000 1.000000
47.079681 3.529412 0.000000 0.672983 -0.406293 0.000000 1.000000
48.286853 3.529412 0.000000 -0.050058 0.524356 0.000000 1.000000
49.494024 3.529412 0.000000 -0.511942 -0.213129 0.000000 1.000000
50.701195 3.529412 0.000000 -1.302362 -0.770909 0.000000 1.000000
51.908367 3.529412 0.000000 -0.401827 0.288506 0.000000 1.000000
53.115538 3.529412 0.000000 0.843551 -0.018539 0.000000 1.000000
54.322709 3.529412 0.000000 0.184436 0.113291 0.000000 1.000000
55.529880 3.529412 0.000000 0.766651 0.626216 0.000000 1.000000
56.737052 3.529412 0.000000 0.193154 -0.720327 0.000000 1.000000
57.944223 3.529412 0.000000 0.638414 0.263960 0.000000 1.000000
59.151394 3.529412 0.000000 0.867202 -0.026629 0.000000 1.000000
60.358566 3.529412 0.000000 1.380675 -0.259245 0.000000 1.000000
61.565737 3.529412 0.000000 1.126088 0.075920 0.000000 1.000000
62.772908 3.529412 0.000000 -0.365434 -0.803414 0.000000 1.000000
63.980080 3.529412 0.000000 -0.107171 1.000959 0.000000 1.000000
65.187251 3.529412 0.000000 0.576888 0.481633 0.000000 1.000000
66.394422 3.529412 0.000000 -1.680372 0.497246 0.000000 1.000000
67.601594 3.529412 0.000000 0.392671 -0.394338 0.000000 1.000000
68.808765 3.529412 0.000000 -0.444004 -0.007115 0.000000 1.000000
70.015936 3.529412 0.000000 1.219295 -0.751550 0.000000 1.000000
71.223108 3.529412 0.000000 -0.302880 0.957446 0.000000 1.000000
72.430279 3.529412 0.000000 -0.315853 -0.263046 0.000000 1.000000
73.637450 3.529412 0.000000 0.068762 -0.883205 0.000000 1.000000
74.844622 3.529412 0.000000 0.155149 -0.860810 0.000000 1.000000
76.051793 3.529412 0.000000 0.625553 -0.003232 0.000000 1.000000
77.258964 3.529412 0.000000 1.614254 0.193103 0.000000 1.000000
78.466135 3.529412 0.000000 0.965312 -0.927028 0.000000 1.000000
79.673307 3.529412 0.000000 -0.086742 0.223017 0.000000 1.000000
80.880478 3.529412 0.000000 1.234035 -1.194068 0.000000 1.000000
82.087649 3.529412 0.000000 0.700098 0.412669 0.000000 1.000000
83.294821 3.529412 0.000000 1.084005 0.498251 0.000000 1.000000
84.501992 3.529412 0.000000 0.036444 -0.374343 0.000000 1.000000
85.709163 3.529412 0.000000 -0.882973 0.132703 0.000000 1.000000
86.916335 3.529412 0.000000 -0.135926 1.423063 0.000000 1.000000
88.123506 3.529412 0.000000 -0.432436 0.221070 0.000000 1.000000
89.330677 3.529412 0.000000 -1.109828 -0.285116 0.000000 1.000000
90.537849 3.529412 0.000000 0.184283 0.577146 0.000000 1.000000
91.745020 3.529412 0.000000 1.023586 -0.036699 0.000000 1.000000
92.952191 3.529412 0.000000 -0.790388 0.318268 0.000000 1.000000
94.159363 3.529412 0.000000 0.365189 0.342174 0.000000 1.000000
95.366534 3.529412 0.000000 -0.495554 0.795942 0.000000 1.000000
96.573705 3.529412 0.000000 0.061775 0.489369 0.000000 1.000000
97.780876 3.529412 0.000000 0.900530 0.425339 0.000000 1.000000
98.988048 3.529412 0.000000 0.202221 1.516775 0.000000 1.000000
100.195219 3.529412 0.000000 0.171948 -0.214760 0.000000 1.000000
101.402390 3.529412 0.000000 0.078796 1.042994 0.000000 1.000000
102.609562 3.529412 0.000000 0.083566 0.361774 0.000000 1.000000
103.816733 3.529412 0.000000 0.845133 -0.368127 0.000000 1.000000
105.023904 3.529412 0.000000 -1.221246 0.206243 0.000000 1.000000
106.231076 3.529412 0.000000 0.162071 -0.435409 0.000000 1.000000
107.438247 3.529412 0.000000 0.615575 0.424134 0.000000 1.000000
108.645418 3.529412 0.000000 -0.703942 0.360954 0.000000 1.000000
109.852590 3.529412 0.000000 -0.139043 -1.054139 0.000000 1.000000
111.059761 3.529412 0.000000 0.319908 -0.037453 0.000000 1.000000
112.266932 3.529412 0.000000 -0.527371 0.364297 0.000000 1.000000
113.474104 3.529412 0.000000 0.344758 -0.413862 0.000000 1.000000
114.681275 3.529412 0.000000 0.282715 0.712278 0.000000 1.000000
115.888446 3.529412 0.000000 -0.504308 0.263849 0.000000 1.000000
117.095618 3.529412 0.000000 0.001572 1.596830 0.000000 1.000000
118.302789 3.529412 0.000000 -1.317223 0.486159 0.000000 1.000000
119.509960 3.529412 0.000000 -0.216924 -0.076332 0.000000 1.000000
120.717131 3.529412 0.000000 1.344250 -0.011543 0.000000 1.000000
121.924303 3.529412 0.000000 1.584210 -0.318127 0.000000 1.000000
123.131474 3.529412 0.000000 0.247473 -0.352563 0.000000 1.000000
124.338645 3.529412 0.000000 -0.488766 0.038701 0.000000 1.000000
125.545817 3.529412 0.000000 -0.200185 0.137702 0.000000 1.000000
126.752988 3.529412 0.000000 -1.488856 1.410477 0.000000 1.000000
127.960159 3.529412 0.000000 -0.118461 1.226939 0.000000 1.000000
129.167331 3.529412 0.000000 -0.712512 0.201373 0.000000 1.000000
130.374502 3.529412 0.000000 2.237576 -0.620473 0.000000 1.000000
131.581673 3.529412 0.000000 -1.057713 -0.391922 0.000000 1.000000
132.788845 3.529412 0.000000 0.333723 0.484784 0.000000 1.000000
133.996016 3.529412 0.000000 0.912051 -0.187217 0.000000 1.000000
135.203187 3.529412 0.000000 -1.133339 -0.313094 0.000000 1.000000
136.410359 3.529412 0.000000 0.876594 0.323792 0.000000 1.000000
137.617530 3.529412 0.000000 -1.384141 -0.030267 0.000000 1.000000
138.824701 3.529412 0.000000 0.988278 1.498215 0.000000 1.000000
140.031873 3.529412 0.000000 0.396796 0.213228 0.000000 1.000000
141.239044 3.529412 0.000000 -0.877334 -0.601744 0.000000 1.000000
142.446215 3.529412 0.000000 0.032798 0.350333 0.000000 1.000000
143.653386 3.529412 0.000000 0.409876 -0.343626 0.000000 1.000000
144.860558 3.529412 0.000000 -0.814922 -0.555456 0.000000 1.000000
146.067729 3.529412 0.000000 -0.818481 0.449478 0.000000 1.000000
147.274900 3.529412 0.000000 -1.635406 -0.241145 0.000000 1.000000
148.482072 3.529412 0.000000 0.317736 1.070744 0.000000 1.000000
149.689243 3.529412 0.000000 0.050040 0.702533 0.000000 1.000000
150.896414 3.529412 0.000000 -0.282515 -0.531854 0.000000 1.000000
152.103586 3.529412 0.000000 -0.477244 1.074508 0.000000 1.000000
153.310757 3.529412 0.000000 0.702644 0.339161 0.000000 1.000000
154.517928 3.529412 0.000000 2.354479 -0.028350 0.000000 1.000000
155.725100 3.529412 0.000000 0.438277 0.212019 0.000000 1.000000
156.932271 3.529412 0.000000 -0.157273 1.632299 0.000000 1.000000
158.139442 3.529412 0.000000 1.064954 -0.995063 0.000000 1.000000
159.346614 3.529412 0.000000 -0.283110 0.297398 0.000000 1.000000
160.553785 3.529412 0.000000 0.553418 -0.958977 0.000000 1.000000
161.760956 3.529412 0.000000 -1.595299 -1.353486 0.000000 1.000000
162.968127 3.529412 0.000000 -0.050660 -0.078457 0.000000 1.000000
164.175299 3.529412 0.000000 0.243731 -0.549724 0.000000 1.000000
165.382470 3.529412 0.000000 -0.866043 -1.435990 0.000000 1.000000
166.589641 3.529412 0.000000 0.232394 0.256186 0.000000 1.000000
167.796813 3.529412 0.000000 0.701776 0.553696 0.000000 1.000000
169.003984 3.529412 0.000000 -0.135233 0.948590 0.000000 1.000000
170.211155 3.529412 0.000000 -0.096802 -0.472763 0.000000 1.000000
171.418327 3.529412 0.000000 -0.368481 -0.419006 0.000000 1.000000
172.625498 3.529412 0.000000 -1.531783 0.105058 0.000000 1.000000
173.832669 3.529412 0.000000 0.176319 -0.261642 0.000000 1.000000
175.039841 3.529412 0.000000 -0.505138 0.257424 0.000000 1.000000
176.247012 3.529412 0.000000 1.213635 0.021569 0.000000 1.000000
177.454183 3.529412 0.000000 -0.359327 -0.423698 0.000000 1.000000
178.661355 3.529412 0.000000 -0.049702 -0.899806 0.000000 1.000000
179.868526 3.529412 0.000000 -0.088949 0.037781 0.000000 1.000000
181.075697 3.529412 0.000000 1.304008 0.661655 0.000000 1.000000
182.282869 3.529412 0.000000 0.730793 -0.509612 0.000000 1.000000
183.490040 3.529412 0.000000 0.473330 -0.811146 0.000000 1.000000
184.697211 3.529412 0.000000 0.220213 0.290611 0.000000 1.000000
185.904382 3.529412 0.000000 -0.542310 1.408294 0.000000 1.000000
187.111554 3.529412 0.000000 0.400817 -1.350913 0.000000 1.000000
188.318725 3.529412 0.000000 0.390555 -0.293565 0.000000 1.000000
189.525896 3.529412 0.000000 0.000597 0.323864 0.000000 1.000000
190.733068 3.529412 0.000000 0.275772 -1.447379 0.000000 1.000000
191.940239 3.529412 0.000000 -0.819432 0.540846 0.000000 1.000000
193.147410 3.529412 0.000000 0.919714 1.340251 0.000000 1.000000
194.354582 3.529412 0.000000 1.274656 -1.458965 0.000000 1.000000
195.561753 3.529412 0.000000 0.543730 -1.360503 0.000000 1.000000
196.768924 3.529412 0.000000 1.140612 0.173664 0.000000 1.000000
197.976096 3.529412 0.000000 -0.807305 1.415733 0.000000 1.000000
199.183267 3.529412 0.000000 0.454980 -1.342726 0.000000 1.000000
200.390438 3.529412 0.000000 0.207137 -0.522475 0.000000 1.000000
201.597610 3.529412 0.000000 0.078321 -0.334424 0.000000 1.000000
202.804781 3.529412 0.000000 0.970831 -1.011897 0.000000 1.000000
204.011952 3.529412 0.000000 0.224063 1.277344 0.000000 1.000000
205.219124 3.529412 0.000000 -0.585126 0.143470 0.000000 1.000000
206.426295 3.529412 0.000000 0.142460 -0.493174 0.000000 1.000000
207.633466 3.529412 0.000000 0.457754 0.063144 0.000000 1.000000
208.840637 3.529412 0.000000 -0.667721 1.240452 0.000000 1.000000
210.047809 3.529412 0.000000 0.559380 -0.123644 0.000000 1.000000
211.254980 3.529412 0.000000 -0.450573 -0.560109 0.000000 1.000000
212.462151 3.529412 0.000000 0.870030 -0.109057 0.000000 1.000000
213.669323 3.529412 0.000000 0.324496 -0.135912 0.000000 1.000000
214.876494 3.529412 0.000000 0.435491 -0.087491 0.000000 1.000000
216.083665 3.529412 0.000000 0.539750 -0.135031 0.000000 1.000000
217.290837 3.529412 0.000000 0.586230 0.469966 0.000000 1.000000
218.498008 3.529412 0.000000 -0.082832 -0.613436 0.000000 1.000000
219.705179 3.529412 0.000000 -0.665142 -0.529261 0.000000 1.000000
220.912351 3.529412 0.000000 -0.696514 0.606729 0.000000 1.000000
222.119522 3.529412 0.000000 -0.033329 1.104748 0.000000 1.000000
223.326693 3.529412 0.000000 1.611353 0.011647 0.000000 1.000000
224.533865 3.529412 0.000000 -1.094990 -0.275210 0.000000 1.000000
225.741036 3.529412 0.000000 -0.053656 -1.057969 0.000000 1.000000
226.948207 3.529412 0.000000 -0.177502 0.197420 0.000000 1.000000
228.155378 3.529412 0.000000 -0.325241 -0.548841 0.000000 1.000000
229.362550 3.529412 0.000000 -0.536898 1.257895 0.000000 1.000000
230.569721 3.529412 0.000000 -0.113263 -0.592331 0.000000 1.000000
231.776892 3.529412 0.000000 -0.264055 0.669342 0.000000 1.000000
232.984064 3.529412 0.000000 -0.484524 0.335236 0.000000 1.000000
234.191235 3.529412 0.000000 0.514316 0.524225 0.000000 1.000000
235.398406 3.529412 0.000000 0.989357 -0.394731 0.000000 1.000000
236.605578 3.529412 0.000000 0.800587 -0.566114 0.000000 1.000000
237.812749 3.529412 0.000000 -0.280772 0.840280 0.000000 1.000000
239.019920 3.529412 0.000000 0.581131 -0.003998 0.000000 1.000000
240.227092 3.529412 0.000000 -0.842833 0.391672 0.000000 1.000000
241.434263 3.529412 0.000000 -0.446117 -0.658767 0.000000 1.000000
242.641434 3.529412 0.000000 -0.458676 0.168816 0.000000 1.000000
243.848606 3.529412 0.000000 -1.500172 0.249617 0.000000 1.000000
245.055777 3.529412 0.000000 0.122596 -0.418804 0.000000 1.000000
246.262948 3.529412 0.000000 0.732842 0.426872 0.000000 1.000000
247.470120 3.529412 0.000000 -0.429084 -0.479255 0.000000 1.000000
248.677291 3.529412 0.000000 0.491170 -1.077507 0.000000 1.000000
249.884462 3.529412 0.000000 -0.235576 -0.451699 0.000000 1.000000
251.091633 3.529412 0.000000 0.049035 0.143808 0.000000 1.000000
252.298805 3.529412 0.000000 0.025637 0.796977 0.000000 1.000000
253.505976 3.529412 0.000000 0.160889 -0.228215 0.000000 1.000000
254.713147 3.529412 0.000000 -0.856580 0.504944 0.000000 1.000000
255.920319 3.529412 0.000000 0.373080 1.020396 0.000000 1.000000
257.127490 3.529412 0.000000 -0.528907 0.013199 0.000000 1.000000
258.334661 3.529412 0.000000 -0.041878 -0.067432 0.000000 1.000000
259.541833 3.529412 0.000000 0.006971 -1.217844 0.000000 1.000000
260.749004 3.529412 0.000000 0.582977 0.456405 0.000000 1.000000
261.956175 3.529412 0.000000 0.798989 1.585208 0.000000 1.000000
263.163347 3.529412 0.000000 -0.225920 -0.031038 0.000000 1.000000
264.370518 3.529412 0.000000 0.006542 1.367851 0.000000 1.000000
265.577689 3.529412 0.000000 -1.224534 0.338008 0.000000 1.000000
266.784861 3.529412 0.000000 -1.040411 -1.830928 0.000000 1.000000
267.992032 3.529412 0.000000 -1.429321 -0.982539 0.000000 1.000000
269.199203 3.529412 0.000000 0.755539 -0.619505 0.000000 1.000000
270.406375 3.529412 0.000000 -0.161213 -0.828209 0.000000 1.000000
271.613546 3.529412 0.000000 0.431631 -0.784686 0.000000 1.000000
272.820717 3.529412 0.000000 0.931344 -0.707713 0.000000 1.000000
274.027888 3.529412 0.000000 -0.541191 0.081310 0.000000 1.000000
275.235060 3.529412 0.000000 0.017097 1.001927 0.000000 1.000000
276.442231 3.529412 0.000000 0.084764 -0.859549 0.000000 1.000000
277.649402 3.529412 0.000000 -0.396593 -0.410501 0.000000 1.000000
278.856574 3.529412 0.000000 0.512306 0.265901 0.000000 1.000000
280.063745 3.529412 0.000000 -0.084799 0.609424 0.000000 1.000000
281.270916 3.529412 0.000000 -0.374080 -0.101813 0.000000 1.000000
282.478088 3.529412 0.000000 0.127441 1.075106 0.000000 1.000000
283.685259 3.529412 0.000000 -0.070050 -0.253534 0.000000 1.000000
284.892430 3.529412 0.000000 -0.739895 0.479631 0.000000 1.000000
286.099602 3.529412 0.000000 -0.415904 0.237541 0.000000 1.000000
287.306773 3.529412 0.000000 -1.345018 0.732163 0.000000 1.000000
288.513944 3.529412 0.000000 -0.942199 -0.555145 0.000000 1.000000
289.721116 3.529412 0.000000 0.748154 -0.949095 0.000000 1.000000
290.928287 3.529412 0.000000 -0.056560 0.047026 0.000000 1.000000
292.135458 3.529412 0.000000 -0.706463 0.944116 0.000000 1.000000
293.342629 3.529412 0.000000 1.059420 -1.399625 0.000000 1.000000
294.549801 3.529412 0.000000 -1.024967 0.566025 0.000000 1.000000
295.756972 3.529412 0.000000 -0.921754 -0.280289 0.000000 1.000000
296.964143 3.529412 0.000000 0.091231 0.483731 0.000000 1.000000
298.171315 3.529412 0.000000 -0.158240 0.061850 0.000000 1.000000
299.378486 3.529412 0.000000 -0.549609 0.908356 0.000000 1.000000
300.585657 3.529412 0.000000 -0.350616 0.234746 0.000000 1.000000
301.792829 3.529412 0.000000 -0.362159 0.069701 0.000000 1.000000
1.207171 7.058824 0.000000 -0.119286 -0.120361 0.000000 1.000000
2.414343 7.058824 0.000000 -0.717228 0.557668 0.000000 1.000000
3.621514 7.058824 0.000000 0.999503 0.166450 0.000000 1.000000
4.828685 7.058824 0.000000 0.517463 0.587122 0.000000 1.000000
6.035857 7.058824 0.000000 0.655809 0.209024 0.000000 1.000000
7.243028 7.058824 0.000000 0.149712 0.605464 0.000000 1.000000
8.450199 7.058824 0.000000 0.048295 -0.694146 0.000000 1.000000
9.657371 7.058824 0.000000 0.016487 -1.340793 0.000000 1.000000
10.864542 7.058824 0.000000 -0.004548 0.286817 0.000000 1.000000
12.071713 7.058824 0.000000 0.873594 0.101488 0.000000 1.000000
13.278884 7.058824 0.000000 0.655918 -0.005861 0.000000 1.000000
14.486056 7.058824 0.000000 -0.724083 -1.003478 0.000000 1.000000
15.693227 7.058824 0.000000 -0.686082 -0.971494 0.000000 1.000000
16.900398 7.058824 0.000000 0.447723 -0.152287 0.000000 1.000000
18.107570 7.058824 0.000000 0.402897 0.046443 0.000000 1.000000
19.314741 7.058824 0.000000 0.737878 0.744188 0.000000 1.000000
20.521912 7.058824 0.000000 -0.456699 -0.199452 0.000000 1.000000
21.729084 7.058824 0.000000 -0.377143 -1.151922 0.000000 1.000000
22.936255 7.058824 0.000000 0.477074 0.835124 0.000000 1.000000
24.143426 7.058824 0.000000 -0.004922 -0.354221 0.000000 1.000000
25.350598 7.058824 0.000000 0.771010 -1.663620 0.000000 1.000000
26.557769 7.058824 0.000000 0.125118 0.095836 0.000000 1.000000
27.764940 7.058824 0.000000 -0.404033 0.978510 0.000000 1.000000
28.972112 7.058824 0.000000 0.686037 -0.190147 0.000000 1.000000
30.179283 7.058824 0.000000 -0.061680 -0.279856 0.000000 1.000000
31.386454 7.058824 0.000000 -0.362500 -0.930518 0.000000 1.000000
32.593625 7.058824 0.000000 0.975395 0.721425 0.000000 1.000000
33.800797 7.058824 0.000000 0.564013 -0.779294 0.000000 1.000000
35.007968 7.058824 0.000000 1.471003 1.394707 0.000000 1.000000
36.215139 7.058824 0.000000 0.132600 -0.644862 0.000000 1.000000
37.422311 7.058824 0.000000 -0.613035 0.290477 0.000000 1.000000
38.629482 7.058824 0.000000 -0.645975 -0.029672 0.000000 1.000000
39.836653 7.058824 0.000000 0.769412 -1.070967 0.000000 1.000000
41.043825 7.058824 0.000000 1.417888 1.102349 0.000000 1.000000
42.250996 7.058824 0.000000 -0.875128 -1.005077 0.000000 1.000000
43.458167 7.058824 0.000000 -0.200786 -0.734610 0.000000 1.000000
44.665339 7.058824 0.000000 -0.186855 -1.830655 0.000000 1.000000
45.872510 7.058824 0.000000 -0.162093 1.269331 0.000000 1.000000
47.079681 7.058824 0.000000 -0.789928 -0.198570 0.000000 1.000000
48.286853 7.058824 0.000000 -1.053689 0.445821 0.000000 1.000000
49.494024 7.058824 0.000000 -0.159701 1.366824 0.000000 1.000000
50.701195 7.058824 0.000000 0.145881 -0.268652 0.000000 1.000000
51.908367 7.058824 0.000000 0.388725 -0.363439 0.000000 1.000000
53.115538 7.058824 0.000000 -0.947410 0.208028 0.000000 1.000000
54.322709 7.058824 0.000000 -0.124027 0.112121 0.000000 1.000000
55.529880 7.058824 0.000000 0.265112 -0.366332 0.000000 1.000000
56.737052 7.058824 0.000000 0.297723 1.223256 0.000000 1.000000
57.944223 7.058824 0.000000 -0.783709 1.223064 0.000000 1.000000
59.151394 7.058824 0.000000 -0.172064 -0.547568 0.000000 1.000000
60.358566 7.058824 0.000000 1.715928 0.104135 0.000000 1.000000
61.565737 7.058824 0.000000 0.968645 0.572645 0.000000 1.000000
62.772908 7.058824 0.000000 -1.188736 0.079951 0.000000 1.000000
63.980080 7.058824 0.000000 -0.371833 -0.954272 0.000000 1.000000
65.187251 7.058824 0.000000 -1.253165 0.066849 0.000000 1.000000
66.394422 7.058824 0.000000 0.416996 0.270763 0.000000 1.000000
67.601594 7.058824 0.000000 -0.216630 -0.570118 0.000000 1.000000
68.808765 7.058824 0.000000 -0.698193 -0.398039 0.000000 1.000000
70.015936 7.058824 0.000000 -0.730857 -0.149218 0.000000 1.000000
71.223108 7.058824 0.000000 -0.016560 -0.639041 0.000000 1.000000
72.430279 7.058824 0.000000 -0.164461 -0.543109 0.000000 1.000000
73.637450 7.058824 0.000000 -0.003539 0.353084 0.000000 1.000000
74.844622 7.058824 0.000000 0.125577 0.328380 0.000000 1.000000
76.051793 7.058824 0.000000 -1.168527 -0.273260 0.000000 1.000000
77.258964 7.058824 0.000000 0.195308 0.447889 0.000000 1.000000
78.466135 7.058824 0.000000 -1.130335 0.107075 0.000000 1.000000
79.673307 7.058824 0.000000 0.852692 -0.131778 0.000000 1.000000
80.880478 7.058824 0.000000 -0.067380 0.313040 0.000000 1.000000
82.087649 7.058824 0.000000 0.174363 0.471559 0.000000 1.000000
83.294821 7.058824 0.000000 0.050828 0.102350 0.000000 1.000000
84.501992 7.058824 0.000000 -0.553648 -0.125999 0.000000 1.000000
85.709163 7.058824 0.000000 0.885715 -0.149851 0.000000 1.000000
86.916335 7.058824 0.000000 -0.119569 -0.353027 0.000000 1.000000
88.123506 7.058824 0.000000 0.556248 -0.609831 0.000000 1.000000
89.330677 7.058824 0.000000 0.643446 -0.668022 0.000000 1.000000
90.537849 7.058824 0.000000 -0.748341 0.140140 0.000000 1.000000
91.745020 7.058824 0.000000 0.091674 0.204923 0.000000 1.000000
92.952191 7.058824 0.000000 0.750951 -0.297160 0.000000 1.000000
94.159363 7.058824 0.000000 0.312867 -0.648819 0.000000 1.000000
95.366534 7.058824 0.000000 0.889991 0.441734 0.000000 1.000000
96.573705 7.058824 0.000000 0.379000 0.127369 0.000000 1.000000
97.780876 7.058824 0.000000 -0.555879 -0.236968 0.000000 1.000000
98.988048 7.058824 0.000000 0.354435 -0.019047 0.000000 1.000000
100.195219 7.058824 0.000000 0.087124 -0.967019 0.000000 1.000000
101.402390 7.058824 0.000000 0.127676 -0.494748 0.000000 1.000000
102.609562 7.058824 0.000000 -0.766411 -0.114860 0.000000 1.000000
103.816733 7.058824 0.000000 -1.313123 0.488482 0.000000 1.000000
105.023904 7.058824 0.000000 0.602088 -0.043266 0.000000 1.000000
106.231076 7.058824 0.000000 -0.703086 -0.673958 0.000000 1.000000
107.438247 7.058824 0.000000 -0.107236 -1.719320 0.000000 1.000000
108.645418 7.058824 0.000000 0.127240 0.464343 0.000000 1.000000
109.852590 7.058824 0.000000 -0.220919 -0.355077 0.000000 1.000000
111.059761 7.058824 0.000000 0.128294 0.242461 0.000000 1.000000
112.266932 7.058824 0.000000 0.773306 0.007527 0.000000 1.000000
113.474104 7.058824 0.000000 -0.488109 -0.331645 0.000000 1.000000
114.681275 7.058824 0.000000 0.128279 1.094918 0.000000 1.000000
115.888446 7.058824 0.000000 -0.226844 -0.749730 0.000000 1.000000
117.095618 7.058824 0.000000 -0.615635 -1.487814 0.000000 1.000000
118.302789 7.058824 0.000000 0.232823 -0.968083 0.000000 1.000000
119.509960 7.058824 0.000000 -0.872599 -1.402735 0.000000 1.000000
120.717131 7.058824 0.000000 -0.790913 0.396448 0.000000 1.000000
121.924303 7.058824 0.000000 -0.927644 -1.242665 0.000000 1.000000
123.131474 7.058824 0.000000 0.125675 -0.246726 0.000000 1.000000
124.338645 7.058824 0.000000 0.305228 0.518174 0.000000 1.000000
125.545817 7.058824 0.000000 -0.006386 -0.923137 0.000000 1.000000
126.752988 7.058824 0.000000 -0.087916 0.348256 0.000000 1.000000
127.960159 7.058824 0.000000 -0.412612 -1.021920 0.000000 1.000000
129.167331 7.058824 0.000000 0.779288 -0.299106 0.000000 1.000000
130.374502 7.058824 0.000000 -0.289746 0.005806 0.000000 1.000000
131.581673 7.058824 0.000000 0.728278 0.180926 0.000000 1.000000
132.788845 7.058824 0.000000 -0.236003 0.476860 0.000000 1.000000
133.996016 7.058824 0.000000 1.517799 0.975832 0.000000 1.000000
135.203187 7.058824 0.000000 0.475416 -0.799053 0.000000 1.000000
136.410359 7.058824 0.000000 2.652730 -0.853060 0.000000 1.000000
137.617530 7.058824 0.000000 -0.263281 -0.500378 0.000000 1.000000
138.824701 7.058824 0.000000 1.150010 0.291673 0.000000 1.000000
140.031873 7.058824 0.000000 -1.009506 0.183731 0.000000 1.000000
141.239044 7.058824 0.000000 0.386344 -0.230683 0.000000 1.000000
142.446215 7.058824 0.000000 -0.863181 -0.518157 0.000000 1.000000
143.653386 7.058824 0.000000 -0.309275 0.010592 0.000000 1.000000
144.860558 7.058824 0.000000 -0.368008 0.514398 0.000000 1.000000
146.067729 7.058824 0.000000 -0.672091 -1.229757 0.000000 1.000000
147.274900 7.058824 0.000000 -0.523206 0.948328 0.000000 1.000000
148.482072 7.058824 0.000000 -0.405659 1.649720 0.000000 1.000000
149.689243 7.058824 0.000000 0.347156 -0.828855 0.000000 1.000000
150.896414 7.058824 0.000000 -0.590306 0.166609 0.000000 1.000000
152.103586 7.058824 0.000000 -0.833096 1.673599 0.000000 1.000000
153.310757 7.058824 0.000000 -0.701042 0.476018 0.000000 1.000000
154.517928 7.058824 0.000000 1.032091 -0.082698 0.000000 1.000000
155.725100 7.058824 0.000000 -0.704556 -0.198568 0.000000 1.000000
156.932271 7.058824 0.000000 0.255749 0.613769 0.000000 1.000000
158.139442 7.058824 0.000000 0.039729 -0.995588 0.000000 1.000000
159.346614 7.058824 0.000000 0.029551 -0.481617 0.000000 1.000000
160.553785 7.058824 0.000000 -1.544157 -0.498731 0.000000 1.000000
161.760956 7.058824 0.000000 -1.013272 0.409487 0.000000 1.000000
162.968127 7.058824 0.000000 1.374356 1.308856 0.000000 1.000000
164.175299 7.058824 0.000000 -0.405696 -0.335979 0.000000 1.000000
165.382470 7.058824 0.000000 0.486666 0.744961 0.000000 1.000000
166.589641 7.058824 0.000000 -0.296469 -0.106340 0.000000 1.000000
167.796813 7.058824 0.000000 1.560158 -0.081461 0.000000 1.000000
169.003984 7.058824 0.000000 -0.343550 0.079311 0.000000 1.000000
170.211155 7.058824 0.000000 0.409535 -0.727891 0.000000 1.000000
171.418327 7.058824 0.000000 -0.176024 -0.830223 0.000000 1.000000
172.625498 7.058824 0.000000 -0.197138 1.321705 0.000000 1.000000
173.832669 7.058824 0.000000 0.524100 -0.070919 0.000000 1.000000
175.039841 7.058824 0.000000 -0.660186 -0.225680 0.000000 1.000000
176.247012 7.058824 0.000000 0.742604 -0.402654 0.000000 1.000000
177.454183 7.058824 0.000000 1.025226 -0.976789 0.000000 1.000000
178.661355 7.058824 0.000000 -0.205470 1.226839 0.000000 1.000000
179.868526 7.058824 0.000000 -1.420133 0.834854 0.000000 1.000000
181.075697 7.058824 0.000000 -1.309498 -0.069177 0.000000 1.000000
182.282869 7.058824 0.000000 -0.122377 0.577382 0.000000 1.000000
183.490040 7.058824 0.000000 -2.230975 -1.361578 0.000000 1.000000
184.697211 7.058824 0.000000 -0.400610 0.020607 0.000000 1.000000
185.904382 7.058824 0.000000 -0.631976 -0.161658 0.000000 1.000000
187.111554 7.058824 0.000000 -0.839127 -0.289224 0.000000 1.000000
188.318725 7.058824 0.000000 -0.599130 0.167068 0.000000 1.000000
189.525896 7.058824 0.000000 0.410750 1.007753 0.000000 1.000000
190.733068 7.058824 0.000000 -0.464534 -0.230336 0.000000 1.000000
191.940239 7.058824 0.000000 0.033385 -0.214021 0.000000 1.000000
193.147410 7.058824 0.000000 -0.037139 -1.110109 0.000000 1.000000
194.354582 7.058824 0.000000 0.262494 -0.652620 0.000000 1.000000
195.561753 7.058824 0.000000 -0.677050 -1.128456 0.000000 1.000000
196.768924 7.058824 0.000000 0.820576 -0.104907 0.000000 1.000000
197.976096 7.058824 0.000000 0.812437 0.187065 0.000000 1.000000
199.183267 7.058824 0.000000 -1.204834 -0.771770 0.000000 1.000000
200.390438 7.058824 0.000000 0.535563 -0.546901 0.000000 1.000000
201.597610 7.058824 0.000000 -0.771366 -0.132322 0.000000 1.000000
202.804781 7.058824 0.000000 -0.125511 -0.720980 0.000000 1.000000
204.011952 7.058824 0.000000 -0.230996 -0.343827 0.000000 1.000000
205.219124 7.058824 0.000000 -1.831776 0.349955 0.000000 1.000000
206.426295 7.058824 0.000000 -0.574105 0.916897 0.000000 1.000000
207.633466 7.058824 0.000000 -0.813637 -1.122426 0.000000 1.000000
208.840637 7.058824 0.000000 0.839401 -1.126285 0.000000 1.000000
210.047809 7.058824 0.000000 -0.450219 0.416899 0.000000 1.000000
211.254980 7.058824 0.000000 -0.233471 -1.176077 0.000000 1.000000
212.462151 7.058824 0.000000 0.132585 -0.142888 0.000000 1.000000
213.669323 7.058824 0.000000 0.907446 0.410756 0.000000 1.000000
214.876494 7.058824 0.000000 2.146198 -1.169304 0.000000 1.000000
216.083665 7.058824 0.000000 -0.015703 -0.759720 0.000000 1.000000
217.290837 7.058824 0.000000 0.816156 0.575646 0.000000 1.000000
218.498008 7.058824 0.000000 0.532809 -0.555138 0.000000 1.000000
219.705179 7.058824 0.000000 -0.527278 -1.440682 0.000000 1.000000
220.912351 7.058824 0.000000 1.208423 0.353884 0.000000 1.000000
222.119522 7.058824 0.000000 -0.184832 0.654614 0.000000 1.000000
223.326693 7.058824 0.000000 0.530601 0.684135 0.000000 1.000000
224.533865 7.058824 0.000000 -1.148391 -0.510240 0.000000 1.000000
225.741036 7.058824 0.000000 0.137822 0.245839 0.000000 1.000000
226.948207 7.058824 0.000000 0.676491 -0.718694 0.000000 1.000000
228.155378 7.058824 0.000000 0.089574 1.553939 0.000000 1.000000
229.362550 7.058824 0.000000 0.488886 0.610100 0.000000 1.000000
230.569721 7.058824 0.000000 -0.013944 0.537313 0.000000 1.000000
231.776892 7.058824 0.000000 1.275237 0.069926 0.000000 1.000000
232.984064 7.058824 0.000000 0.865107 -0.624298 0.000000 1.000000
234.191235 7.058824 0.000000 0.416887 0.633896 0.000000 1.000000
235.398406 7.058824 0.000000 -0.532123 0.771010 0.000000 1.000000
236.605578 7.058824 0.000000 -0.477848 -0.574871 0.000000 1.000000
237.812749 7.058824 0.000000 -0.001219 1.360642 0.000000 1.000000
239.019920 7.058824 0.000000 0.218228 0.656218 0.000000 1.000000
240.227092 7.058824 0.000000 -0.517835 0.049318 0.000000 1.000000
241.434263 7.058824 0.000000 -0.832327 -0.409315 0.000000 1.000000
242.641434 7.058824 0.000000 0.590511 -0.032632 0.000000 1.000000
243.848606 7.058824 0.000000 1.025845 -0.148611 0.000000 1.000000
245.055777 7.058824 0.000000 -0.140338 0.897269 0.000000 1.000000
246.262948 7.058824 0.000000 -0.459017 -1.080117 0.000000 1.000000
247.470120 7.058824 0.000000 0.919765 0.287394 0.000000 1.000000
248.677291 7.058824 0.000000 -1.531400 0.026006 0.000000 1.000000
249.884462 7.058824 0.000000 -0.285897 1.228307 0.000000 1.000000
251.091633 7.058824 0.000000 -0.515851 -0.416146 0.000000 1.000000
252.298805 7.058824 0.000000 -0.644127 -0.750812 0.000000 1.000000
253.505976 7.058824 0.000000 -0.495702 -1.020833 0.000000 1.000000
254.713147 7.058824 0.000000 -0.729543 -1.141509 0.000000 1.000000
255.920319 7.058824 0.000000 -1.059112 -1.108338 0.000000 1.000000
257.127490 7.058824 0.000000 -0.368891 -0.488922 0.000000 1.000000
258.334661 7.058824 0.000000 -0.867622 0.332707 0.000000 1.000000
259.541833 7.058824 0.000000 -0.034371 -0.310934 0.000000 1.000000
260.749004 7.058824 0.000000 -0.328455 1.120855 0.000000 1.000000
261.956175 7.058824 0.000000 0.169198 0.330662 0.000000 1.000000
263.163347 7.058824 0.000000 -1.828983 -0.467741 0.000000 1.000000
264.370518 7.058824 0.000000 -1.535510 -0.306853 0.000000 1.000000
265.577689 7.058824 0.000000 0.263594 -0.482282 0.000000 1.000000
266.784861 7.058824 0.000000 0.366336 -0.728675 0.000000 1.000000
267.992032 7.058824 0.000000 0.406778 -1.104049 0.000000 1.000000
269.199203 7.058824 0.000000 -0.185418 0.291367 0.000000 1.000000
270.406375 7.058824 0.000000 0.378577 -0.095470 0.000000 1.000000
271.613546 7.058824 0.000000 1.371209 -0.298520 0.000000 1.000000
272.820717 7.058824 0.000000 -0.319278 -1.956748 0.000000 1.000000
274.027888 7.058824 0.000000 1.250449 -0.266403 0.000000 1.000000
275.235060 7.058824 0.000000 -0.831945 0.928539 0.000000 1.000000
276.442231 7.058824 0.000000 0.873258 0.071116 0.000000 1.000000
277.649402 7.058824 0.000000 -1.015019 0.290779 0.000000 1.000000
278.856574 7.058824 0.000000 -0.439767 -0.833342 0.000000 1.000000
280.063745 7.058824 0.000000 0.737399 -1.513452 0.000000 1.000000
281.270916 7.058824 0.000000 0.400669 0.319332 0.000000 1.000000
282.478088 7.058824 0.000000 1.449907 0.224451 0.000000 1.000000
283.685259 7.058824 0.000000 -1.455907 -0.596708 0.000000 1.000000
284.892430 7.058824 0.000000 0.045350 0.245940 0.000000 1.000000
286.099602 7.058824 0.000000 0.693165 -1.391181 0.000000 1.000000
287.306773 7.058824 0.000000 -0.233686 0.680314 0.000000 1.000000
288.513944 7.058824 0.000000 1.091375 1.310461 0.000000 1.000000
289.721116 7.058824 0.000000 -0.276303 0.770643 0.000000 1.000000
290.928287 7.058824 0.000000 1.209987 0.841682 0.000000 1.000000
292.135458 7.058824 0.000000 0.511346 0.579859 0.000000 1.000000
293.342629 7.058824 0.000000 -0.558909 -1.028841 0.000000 1.000000
294.549801 7.058824 0.000000 0.694602 -0.250895 0.000000 1.000000
295.756972 7.058824 0.000000 -0.020270 -0.414698 0.000000 1.000000
296.964143 7.058824 0.000000 -0.278203 0.159097 0.000000 1.000000
298.171315 7.058824 0.000000 -0.722940 0.042955 0.000000 1.000000
299.378486 7.058824 0.000000 0.173611 -0.060180 0.000000 1.000000
300.585657 7.058824 0.000000 -0.526202 0.550743 0.000000 1.000000
301.792829 7.058824 0.000000 1.323778 -0.430624 0.000000 1.000000
1.207171 10.588235 0.000000 0.872521 0.623323 0.000000 1.000000
2.414343 10.588235 0.000000 -1.876509 -0.543727 0.000000 1.000000
3.621514 10.588235 0.000000 -0.449983 0.547315 0.000000 1.000000
4.828685 10.588235 0.000000 0.132905 0.329969 0.000000 1.000000
6.035857 10.588235 0.000000 0.449541 -0.641111 0.000000 1.000000
7.243028 10.588235 0.000000 -0.528267 -0.870194 0.000000 1.000000
8.450199 10.588235 0.000000 -0.120776 -0.089700 0.000000 1.000000
9.657371 10.588235 0.000000 0.120684 -0.519766 0.000000 1.000000
10.864542 10.588235 0.000000 0.640633 0.643014 0.000000 1.000000
12.071713 10.588235 0.000000 1.093178 0.497489 0.000000 1.000000
13.278884 10.588235 0.000000 0.130800 0.469994 0.000000 1.000000
14.486056 10.588235 0.000000 0.430783 -0.466384 0.000000 1.000000
15.693227 10.588235 0.000000 0.911357 1.209694 0.000000 1.000000
16.900398 10.588235 0.000000 1.397541 0.019427 0.000000 1.000000
18.107570 10.588235 0.000000 0.228918 0.288929 0.000000 1.000000
19.314741 10.588235 0.000000 -0.002176 0.432422 0.000000 1.000000
20.521912 10.588235 0.000000 -0.086063 -0.142507 0.000000 1.000000
21.729084 10.588235 0.000000 1.243412 0.110990 0.000000 1.000000
22.936255 10.588235 0.000000 0.047007 0.618200 0.000000 1.000000
24.143426 10.588235 0.000000 0.105925 0.200727 0.000000 1.000000
25.350598 10.588235 0.000000 -0.045323 -0.868446 0.000000 1.000000
26.557769 10.588235 0.000000 -0.022277 -0.809380 0.000000 1.000000
27.764940 10.588235 0.000000 0.148223 -0.840884 0.000000 1.000000
28.972112 10.588235 0.000000 0.647835 0.524308 0.000000 1.000000
30.179283 10.588235 0.000000 0.197916 -0.076287 0.000000 1.000000
31.386454 10.588235 0.000000 0.293993 -1.394945 0.000000 1.000000
32.593625 10.588235 0.000000 -0.775945 -0.110652 0.000000 1.000000
33.800797 10.588235 0.000000 0.243759 -0.061623 0.000000 1.000000
35.007968 10.588235 0.000000 -0.710743 0.088879 0.000000 1.000000
36.215139 10.588235 0.000000 -0.321191 -0.761094 0.000000 1.000000
37.422311 10.588235 0.000000 0.232617 -0.153958 0.000000 1.000000
38.629482 10.588235 0.000000 0.845665 0.465121 0.000000 1.000000
39.836653 10.588235 0.000000 0.519115 0.221971 0.000000 1.000000
41.043825 10.588235 0.000000 -0.598007 -0.667070 0.000000 1.000000
42.250996 10.588235 0.000000 -1.040642 2.030288 0.000000 1.000000
43.458167 10.588235 0.000000 -0.763659 -0.153855 0.000000 1.000000
44.665339 10.588235 0.000000 -0.255210 -0.204247 0.000000 1.000000
45.872510 10.588235 0.000000 -0.413362 -1.326601 0.000000 1.000000
47.079681 10.588235 0.000000 -0.706206 -0.988833 0.000000 1.000000
48.286853 10.588235 0.000000 -0.090023 -0.489283 0.000000 1.000000
49.494024 10.588235 0.000000 -0.486286 0.147168 0.000000 1.000000
50.701195 10.588235 0.000000 -0.412468 0.653609 0.000000 1.000000
51.908367 10.588235 0.000000 -0.273447 0.153728 0.000000 1.000000
53.115538 10.588235 0.000000 -0.937503 0.458998 0.000000 1.000000
54.322709 10.588235 0.000000 -0.286884 0.283554 0.000000 1.000000
55.529880 10.588235 0.000000 0.232973 -0.128124 0.000000 1.000000
56.737052 10.588235 0.000000 0.153376 -0.277927 0.000000 1.000000
57.944223 10.588235 0.000000 0.951467 0.655161 0.000000 1.000000
59.151394 10.588235 0.000000 0.340799 -0.839967 0.000000 1.000000
60.358566 10.588235 0.000000 -0.777703 -0.474902 0.000000 1.000000
61.565737 10.588235 0.000000 -0.173619 0.311314 0.000000 1.000000
62.772908 10.588235 0.000000 -0.634324 0.826836 0.000000 1.000000
63.980080 10.588235 0.000000 0.002166 -1.428733 0.000000 1.000000
65.187251 10.588235 0.000000 -0.336476 -1.833483 0.000000 1.000000
66.394422 10.588235 0.000000 -0.531929 -0.393773 0.000000 1.000000
67.601594 10.588235 0.000000 -0.432001 -0.235470 0.000000 1.000000
68.808765 10.588235 0.000000 -0.279048 -0.425315 0.000000 1.000000
70.015936 10.588235 0.000000 1.062049 0.853584 0.000000 1.000000
71.223108 10.588235 0.000000 -0.807780 0.881160 0.000000 1.000000
72.430279 10.588235 0.000000 -1.146856 -0.581499 0.000000 1.000000
73.637450 10.588235 0.000000 1.078098 -1.589085 0.000000 1.000000
74.844622 10.588235 0.000000 0.406059 -0.891836 0.000000 1.000000
76.051793 10.588235 0.000000 -0.102200 -0.132904 0.000000 1.000000
77.258964 10.588235 0.000000 1.199728 -0.578665 0.000000 1.000000
78.466135 10.588235 0.000000 -0.049177 0.437889 0.000000 1.000000
79.673307 10.588235 0.000000 -0.178410 -0.586771 0.000000 1.000000
80.880478 10.588235 0.000000 -0.042237 0.060641 0.000000 1.000000
82.087649 10.588235 0.000000 0.624745 -0.672320 0.000000 1.000000
83.294821 10.588235 0.000000 -0.317960 0.222874 0.000000 1.000000
84.501992 10.588235 0.000000 -0.118582 -0.136494 0.000000 1.000000
85.709163 10.588235 0.000000 -0.012399 -0.497514 0.000000 1.000000
86.916335 10.588235 0.000000 -0.565843 0.306162 0.000000 1.000000
88.123506 10.588235 0.000000 -0.774729 0.818569 0.000000 1.000000
89.330677 10.588235 0.000000 0.153281 -0.908132 0.000000 1.000000
90.537849 10.588235 0.000000 0.199754 0.112802 0.000000 1.000000
91.745020 10.588235 0.000000 0.538553 0.813949 0.000000 1.000000
92.952191 10.588235 0.000000 -0.259474 -0.505945 0.000000 1.000000
94.159363 10.588235 0.000000 -0.428870 -0.699216 0.000000 1.000000
95.366534 10.588235 0.000000 -0.528190 0.195692 0.000000 1.000000
96.573705 10.588235 0.000000 0.010418 -0.352923 0.000000 1.000000
97.780876 10.588235 0.000000 -0.522402 0.240511 0.000000 1.000000
98.988048 10.588235 0.000000 -0.355060 -0.740983 0.000000 1.000000
100.195219 10.588235 0.000000 -0.107627 -0.192507 0.000000 1.000000
101.402390 10.588235 0.000000 -0.757010 0.579421 0.000000 1.000000
102.609562 10.588235 0.000000 0.597845 0.023435 0.000000 1.000000
103.816733 10.588235 0.000000 0.092283 0.367382 0.000000 1.000000
105.023904 10.588235 0.000000 -0.022242 0.624757 0.000000 1.000000
106.231076 10.588235 0.000000 1.170599 0.051436 0.000000 1.000000
107.438247 10.588235 0.000000 0.310930 0.612142 0.000000 1.000000
108.645418 10.588235 0.000000 -0.239409 -0.803313 0.000000 1.000000
109.852590 10.588235 0.000000 0.640263 -1.114765 0.000000 1.000000
111.059761 10.588235 0.000000 1.264522 0.610008 0.000000 1.000000
112.266932 10.588235 0.000000 0.132341 0.030649 0.000000 1.000000
113.474104 10.588235 0.000000 1.238021 -0.674564 0.000000 1.000000
114.681275 10.588235 0.000000 -0.820757 -0.428427 0.000000 1.000000
115.888446 10.588235 0.000000 -0.185495 -0.717163 0.000000 1.000000
117.095618 10.588235 0.000000 0.108420 0.090646 0.000000 1.000000
118.302789 10.588235 0.000000 -0.575860 1.128048 0.000000 1.000000
119.509960 10.588235 0.000000 -0.984721 -0.908261 0.000000 1.000000
120.717131 10.588235 0.000000 0.265581 -0.152194 0.000000 1.000000
121.924303 10.588235 0.000000 0.295001 -0.443160 0.000000 1.000000
123.131474 10.588235 0.000000 -0.731058 -0.461950 0.000000 1.000000
124.338645 10.588235 0.000000 -0.483751 0.365747 0.000000 1.000000
125.545817 10.588235 0.000000 -0.339758 0.532931 0.000000 1.000000
126.752988 10.588235 0.000000 0.415456 0.730331 0.000000 1.000000
127.960159 10.588235 0.000000 0.636528 0.549140 0.000000 1.000000
129.167331 10.588235 0.000000 0.543992 -0.370838 0.000000 1.000000
130.374502 10.588235 0.000000 -0.185556 -1.299577 0.000000 1.000000
131.581673 10.588235 0.000000 0.205922 -0.481906 0.000000 1.000000
132.788845 10.588235 0.000000 0.283559 0.367506 0.000000 1.000000
133.996016 10.588235 0.000000 -0.956451 -0.722374 0.000000 1.000000
135.203187 10.588235 0.000000 -0.247401 -0.371480 0.000000 1.000000
136.410359 10.588235 0.000000 0.117725 -0.822489 0.000000 1.000000
137.617530 10.588235 0.000000 0.032984 -1.199421 0.000000 1.000000
138.824701 10.588235 0.000000 -1.524269 0.501276 0.000000 1.000000
140.031873 10.588235 0.000000 -0.923372 -0.401403 0.000000 1.000000
141.239044 10.588235 0.000000 -1.002603 -1.001703 0.000000 1.000000
142.446215 10.588235 0.000000 -0.282410 -0.295486 0.000000 1.000000
143.653386 10.588235 0.000000 0.694418 0.312372 0.000000 1.000000
144.860558 10.588235 0.000000 -0.185015 0.530282 0.000000 1.000000
146.067729 10.588235 0.000000 0.789147 0.285350 0.000000 1.000000
147.274900 10.588235 0.000000 -0.287685 0.714780 0.000000 1.000000
148.482072 10.588235 0.000000 1.250157 0.461587 0.000000 1.000000
149.689243 10.588235 0.000000 1.251681 0.649723 0.000000 1.000000
150.896414 10.588235 0.000000 0.599857 -0.776360 0.000000 1.000000
152.103586 10.588235 0.000000 -0.787775 -0.040471 0.000000 1.000000
153.310757 10.588235 0.000000 -1.180861 -0.424763 0.000000 1.000000
154.517928 10.588235 0.000000 0.612924 -0.475817 0.000000 1.000000
155.725100 10.588235 0.000000 0.376647 -0.960960 0.000000 1.000000
156.932271 10.588235 0.000000 -0.349433 0.718200 0.000000 1.000000
158.139442 10.588235 0.000000 0.147064 0.199779 0.000000 1.000000
159.346614 10.588235 0.000000 1.205045 0.911497 0.000000 1.000000
160.553785 10.588235 0.000000 -0.620408 0.926414 0.000000 1.000000
161.760956 10.588235 0.000000 -0.435420 -0.017919 0.000000 1.000000
162.968127 10.588235 0.000000 0.010381 0.753273 0.000000 1.000000
164.175299 10.588235 0.000000 -0.798888 0.314033 0.000000 1.000000
165.382470 10.588235 0.000000 0.370158 0.568345 0.000000 1.000000
166.589641 10.588235 0.000000 -0.149142 0.704038 0.000000 1.000000
167.796813 10.588235 0.000000 -0.503514 0.805612 0.000000 1.000000
169.003984 10.588235 0.000000 0.248695 -0.995489 0.000000 1.000000
170.211155 10.588235 0.000000 0.288067 0.121306 0.000000 1.000000
171.418327 10.588235 0.000000 -0.251863 -0.526091 0.000000 1.000000
172.625498 10.588235 0.000000 -0.170218 -1.025240 0.000000 1.000000
173.832669 10.588235 0.000000 1.195143 -0.803295 0.000000 1.000000
175.039841 10.588235 0.000000 -0.467974 0.804085 0.000000 1.000000
176.247012 10.588235 0.000000 0.413303 0.503809 0.000000 1.000000
177.454183 10.588235 0.000000 1.072099 -0.226200 0.000000 1.000000
178.661355 10.588235 0.000000 -0.740360 0.591506 0.000000 1.000000
179.868526 10.588235 0.000000 0.562677 -0.236627 0.000000 1.000000
181.075697 10.588235 0.000000 -0.895276 0.870730 0.000000 1.000000
182.282869 10.588235 0.000000 0.406809 -0.976674 0.000000 1.000000
183.490040 10.588235 0.000000 0.551134 -1.024406 0.000000 1.000000
184.697211 10.588235 0.000000 -0.341648 -0.799781 0.000000 1.000000
185.904382 10.588235 0.000000 -0.451391 -0.594721 0.000000 1.000000
187.111554 10.588235 0.000000 -0.434053 0.506651 0.000000 1.000000
188.318725 10.588235 0.000000 0.207931 0.439099 0.000000 1.000000
189.525896 10.588235 0.000000 0.772026 -0.269022 0.000000 1.000000
190.733068 10.588235 0.000000 0.056118 0.375050 0.000000 1.000000
191.940239 10.588235 0.000000 1.206470 0.630263 0.000000 1.000000
193.147410 10.588235 0.000000 0.976528 0.715036 0.000000 1.000000
194.354582 10.588235 0.000000 0.747223 -1.267434 0.000000 1.000000
195.561753 10.588235 0.000000 0.622485 0.145079 0.000000 1.000000
196.768924 10.588235 0.000000 0.037959 -0.378307 0.000000 1.000000
197.976096 10.588235 0.000000 -0.301090 0.288803 0.000000 1.000000
199.183267 10.588235 0.000000 0.593576 -1.064576 0.000000 1.000000
200.390438 10.588235 0.000000 0.153846 -0.401947 0.000000 1.000000
201.597610 10.588235 0.000000 -0.672695 0.272145 0.000000 1.000000
202.804781 10.588235 0.000000 -0.232815 -0.471491 0.000000 1.000000
204.011952 10.588235 0.000000 -0.544258 0.193427 0.000000 1.000000
205.219124 10.588235 0.000000 -0.007474 -0.777388 0.000000 1.000000
206.426295 10.588235 0.000000 -0.595051 -0.134533 0.000000 1.000000
207.633466 10.588235 0.000000 0.286106 -0.747742 0.000000 1.000000
208.840637 10.588235 0.000000 0.344767 -0.588139 0.000000 1.000000
210.047809 10.588235 0.000000 1.928430 -0.670871 0.000000 1.000000
211.254980 10.588235 0.000000 -0.559079 0.131700 0.000000 1.000000
212.462151 10.588235 0.000000 -0.638456 0.579742 0.000000 1.000000
213.669323 10.588235 0.000000 1.273417 -0.279570 0.000000 1.000000
214.876494 10.588235 0.000000 0.121791 -0.371593 0.000000 1.000000
216.083665 10.588235 0.000000 -0.000397 1.006908 0.000000 1.000000
217.290837 10.588235 0.000000 0.631951 -0.644865 0.000000 1.000000
218.498008 10.588235 0.000000 1.092743 0.816220 0.000000 1.000000
219.705179 10.588235 0.000000 0.343538 -0.471618 0.000000 1.000000
220.912351 10.588235 0.000000 0.046086 -0.567961 0.000000 1.000000
222.119522 10.588235 0.000000 0.330271 -0.229260 0.000000 1.000000
223.326693 10.588235 0.000000 -1.580733 0.649443 0.000000 1.000000
224.533865 10.588235 0.000000 0.135001 0.757121 0.000000 1.000000
225.741036 10.588235 0.000000 -0.096670 0.127785 0.000000 1.000000
226.948207 10.588235 0.000000 0.788278 0.268733 0.000000 1.000000
228.155378 10.588235 0.000000 0.203272 2.267436 0.000000 1.000000
229.362550 10.588235 0.000000 -0.119877 0.114151 0.000000 1.000000
230.569721 10.588235 0.000000 1.225767 -0.574708 0.000000 1.000000
231.776892 10.588235 0.000000 -0.736473 -1.018105 0.000000 1.000000
232.984064 10.588235 0.000000 0.376980 0.436906 0.000000 1.000000
234.191235 10.588235 0.000000 0.523935 -0.962593 0.000000 1.000000
235.398406 10.588235 0.000000 0.710874 0.841113 0.000000 1.000000
236.605578 10.588235 0.000000 -0.069186 0.017547 0.000000 1.000000
237.812749 10.588235 0.000000 0.477342 0.254128 0.000000 1.000000
239.019920 10.588235 0.000000 0.453565 -0.773460 0.000000 1.000000
240.227092 10.588235 0.000000 -0.123853 -0.862829 0.000000 1.000000
241.434263 10.588235 0.000000 0.446004 0.369438 0.000000 1.000000
242.641434 10.588235 0.000000 -0.070249 0.204387 0.000000 1.000000
243.848606 10.588235 0.000000 -1.101000 0.601163 0.000000 1.000000
245.055777 10.588235 0.000000 -0.330787 0.085771 0.000000 1.000000
246.262948 10.588235 0.000000 0.788309 -0.540408 0.000000 1.000000
247.470120 10.588235 0.000000 0.846196 0.082253 0.000000 1.000000
248.677291 10.588235 0.000000 0.019557 0.387702 0.000000 1.000000
249.884462 10.588235 0.000000 -0.882157 0.414615 0.000000 1.000000
251.091633 10.588235 0.000000 0.043117 0.727277 0.000000 1.000000
252.298805 10.588235 0.000000 -0.153682 -0.262386 0.000000 1.000000
253.505976 10.588235 0.000000 0.260997 -0.047461 0.000000 1.000000
254.713147 10.588235 0.000000 -0.830498 -0.142630 0.000000 1.000000
255.920319 10.588235 0.000000 0.895973 -0.071316 0.000000 1.000000
257.127490 10.588235 0.000000 -0.615884 0.500763 0.000000 1.000000
258.334661 10.588235 0.000000 -1.310959 -1.504737 0.000000 1.000000
259.541833 10.588235 0.000000 -0.003311 0.122452 0.000000 1.000000
260.749004 10.588235 0.000000 0.155469 -0.636774 0.000000 1.000000
261.956175 10.588235 0.000000 -0.106796 -0.994535 0.000000 1.000000
263.163347 10.588235 0.000000 0.154878 -1.147684 0.000000 1.000000
264.370518 10.588235 0.000000 -0.105907 0.179483 0.000000 1.000000
265.577689 10.588235 0.000000 -1.242498 -0.374947 0.000000 1.000000
266.784861 10.588235 0.000000 0.556927 1.089804 0.000000 1.000000
267.992032 10.588235 0.000000 -1.063837 0.234877 0.000000 1.000000
269.199203 10.588235 0.000000 -0.874324 -0.956722 0.000000 1.000000
270.406375 10.588235 0.000000 1.128218 0.466995 0.000000 1.000000
271.613546 10.588235 0.000000 -0.569028 0.149395 0.000000 1.000000
272.820717 10.588235 0.000000 0.453548 0.122712 0.000000 1.000000
274.027888 10.588235 0.000000 1.588690 0.422869 0.000000 1.000000
275.235060 10.588235 0.000000 -2.116734 -0.210684 0.000000 1.000000
276.442231 10.588235 0.000000 -0.521214 -0.149835 0.000000 1.000000
277.649402 10.588235 0.000000 0.009146 -0.465909 0.000000 1.000000
278.856574 10.588235 0.000000 -0.767529 0.958592 0.000000 1.000000
280.063745 10.588235 0.000000 0.422008 -0.479766 0.000000 1.000000
281.270916 10.588235 0.000000 0.480209 0.471943 0.000000 1.000000
282.478088 10.588235 0.000000 0.895745 -0.751701 0.000000 1.000000
283.685259 10.588235 0.000000 0.551083 -0.435253 0.000000 1.000000
284.892430 10.588235 0.000000 0.816364 -0.141563 0.000000 1.000000
286.099602 10.588235 0.000000 -1.606767 0.019518 0.000000 1.000000
287.306773 10.588235 0.000000 -1.261970 -0.159029 0.000000 1.000000
288.513944 10.588235 0.000000 -0.041524 -0.289247 0.000000 1.000000
289.721116 10.588235 0.000000 -1.051787 -0.794421 0.000000 1.000000
290.928287 10.588235 0.000000 -0.597592 -0.180921 0.000000 1.000000
292.135458 10.588235 0.000000 0.910731 0.495918 0.000000 1.000000
293.342629 10.588235 0.000000 -0.334269 0.895286 0.000000 1.000000
294.549801 10.588235 0.000000 -0.967743 0.478902 0.000000 1.000000
295.756972 10.588235 0.000000 -0.124286 0.161626 0.000000 1.000000
296.964143 10.588235 0.000000 0.451085 -0.486013 0.000000 1.000000
298.171315 10.588235 0.000000 0.566128 -0.012065 0.000000 1.000000
299.378486 10.588235 0.000000 1.705023 -0.220626 0.000000 1.000000
300.585657 10.588235 0.000000 0.897066 0.452081 0.000000 1.000000
301.792829 10.588235 0.000000 -0.830609 0.956624 0.000000 1.000000
1.207171 14.117647 0.000000 -0.750200 -1.583740 0.000000 1.000000
2.414343 14.117647 0.000000 0.603009 0.750383 0.000000 1.000000
3.621514 14.117647 0.000000 0.036411 -0.190050 0.000000 1.000000
4.828685 14.117647 0.000000 1.119456 0.497885 0.000000 1.000000
6.035857 14.117647 0.000000 -0.464144 0.511791 0.000000 1.000000
7.243028 14.117647 0.000000 -0.879516 -0.400731 0.000000 1.000000
8.450199 14.117647 0.000000 -0.743637 -1.561129 0.000000 1.000000
9.657371 14.117647 0.000000 -0.832848 0.858835 0.000000 1.000000
10.864542 14.117647 0.000000 -0.776654 -0.394413 0.000000 1.000000
12.071713 14.117647 0.000000 -0.821309 0.606595 0.000000 1.000000
13.278884 14.117647 0.000000 0.000470 0.341528 0.000000 1.000000
14.486056 14.117647 0.000000 -0.075108 -0.833522 0.000000 1.000000
15.693227 14.117647 0.000000 -0.689058 0.586555 0.000000 1.000000
16.900398 14.117647 0.000000 -0.040969 0.542103 0.000000 1.000000
18.107570 14.117647 0.000000 -2.236669 0.779484 0.000000 1.000000
19.314741 14.117647 0.000000 -0.349664 1.530961 0.000000 1.000000
20.521912 14.117647 0.000000 -0.361535 0.014508 0.000000 1.000000
21.729084 14.117647 0.000000 0.466581 -0.624762 0.000000 1.000000
22.936255 14.117647 0.000000 0.616743 -0.461718 0.000000 1.000000
24.143426 14.117647 0.000000 0.911157 0.555400 0.000000 1.000000
25.350598 14.117647 0.000000 0.350092 -0.517564 0.000000 1.000000
26.557769 14.117647 0.000000 -0.149273 0.206588 0.000000 1.000000
27.764940 14.117647 0.000000 -1.438167 -0.395627 0.000000 1.000000
28.972112 14.117647 0.000000 0.662942 -0.902221 0.000000 1.000000
30.179283 14.117647 0.000000 0.903998 -0.449767 0.000000 1.000000
31.386454 14.117647 0.000000 0.228201 -0.817002 0.000000 1.000000
32.593625 14.117647 0.000000 0.342131 0.321717 0.000000 1.000000
33.800797 14.117647 0.000000 0.803161 0.951991 0.000000 1.000000
35.007968 14.117647 0.000000 0.885999 0.142247 0.000000 1.000000
36.215139 14.117647 0.000000 -0.867405 0.930562 0.000000 1.000000
37.422311 14.117647 0.000000 -0.922539 -0.315696 0.000000 1.000000
38.629482 14.117647 0.000000 0.520838 0.308161 0.000000 1.000000
39.836653 14.117647 0.000000 1.126091 -0.008348 0.000000 1.000000
41.043825 14.117647 0.000000 -1.195436 -0.200118 0.000000 1.000000
42.250996 14.117647 0.000000 0.122703 -0.253399 0.000000 1.000000
43.458167 14.117647 0.000000 0.998379 -0.180570 0.000000 1.000000
44.665339 14.117647 0.000000 -1.015674 0.324589 0.000000 1.000000
45.872510 14.117647 0.000000 -0.811912 1.196524 0.000000 1.000000
47.079681 14.117647 0.000000 0.190609 -0.997753 0.000000 1.000000
48.286853 14.117647 0.000000 0.762869 1.669829 0.000000 1.000000
49.494024 14.117647 0.000000 -1.417458 0.633088 0.000000 1.000000
50.701195 14.117647 0.000000 0.341883 0.118743 0.000000 1.000000
51.908367 14.117647 0.000000 0.242394 0.342334 0.000000 1.000000
53.115538 14.117647 0.000000 -0.490405 0.992239 0.000000 1.000000
54.322709 14.117647 0.000000 -0.954634 1.379432 0.000000 1.000000
55.529880 14.117647 0.000000 1.079862 -0.844205 0.000000 1.000000
56.737052 14.117647 0.000000 -0.004195 0.998511 0.000000 1.000000
57.944223 14.117647 0.000000 -0.347562 -0.120322 0.000000 1.000000
59.151394 14.117647 0.000000 -0.284900 0.820047 0.000000 1.000000
60.358566 14.117647 0.000000 -0.430073 -0.012429 0.000000 1.000000
61.565737 14.117647 0.000000 0.381614 -0.152278 0.000000 1.000000
62.772908 14.117647 0.000000 -0.613036 -0.954099 0.000000 1.000000
63.980080 14.117647 0.000000 -1.073946 -0.839729 0.000000 1.000000
65.187251 14.117647 0.000000 -1.216989 -0.519461 0.000000 1.000000
66.394422 14.117647 0.000000 0.211908 0.032770 0.000000 1.000000
67.601594 14.117647 0.000000 -0.584894 -0.725329 0.000000 1.000000
68.808765 14.117647 0.000000 -0.702808 -0.986873 0.000000 1.000000
70.015936 14.117647 0.000000 -0.874274 0.499649 0.000000 1.000000
71.223108 14.117647 0.000000 -0.993587 0.006763 0.000000 1.000000
72.430279 14.117647 0.000000 -0.437406 1.711335 0.000000 1.000000
73.637450 14.117647 0.000000 -1.270996 0.131203 0.000000 1.000000
74.844622 14.117647 0.000000 -0.236374 -0.550753 0.000000 1.000000
76.051793 14.117647 0.000000 0.222513 0.104534 0.000000 1.000000
77.258964 14.117647 0.000000 -0.756206 0.295942 0.000000 1.000000
78.466135 14.117647 0.000000 0.274807 0.920454 0.000000 1.000000
79.673307 14.117647 0.000000 -0.431691 1.034280 0.000000 1.000000
80.880478 14.117647 0.000000 -0.139547 -1.402733 0.000000 1.000000
82.087649 14.117647 0.000000 0.369508 -0.063174 0.000000 1.000000
83.294821 14.117647 0.000000 -0.624293 0.654419 0.000000 1.000000
84.501992 14.117647 0.000000 -0.333868 0.713565 0.000000 1.000000
85.709163 14.117647 0.000000 -0.058855 0.525076 0.000000 1.000000
86.916335 14.117647 0.000000 0.480087 0.329099 0.000000 1.000000
88.123506 14.117647 0.000000 -0.730141 0.644854 0.000000 1.000000
89.330677 14.117647 0.000000 0.015012 1.410331 0.000000 1.000000
90.537849 14.117647 0.000000 0.338094 0.525645 0.000000 1.000000
91.745020 14.117647 0.000000 -0.541237 -0.292667 0.000000 1.000000
92.952191 14.117647 0.000000 0.068014 -0.833133 0.000000 1.000000
94.159363 14.117647 0.000000 -0.827887 -0.082261 0.000000 1.000000
95.366534 14.117647 0.000000 -0.055440 0.137407 0.000000 1.000000
96.573705 14.117647 0.000000 0.789536 -0.288563 0.000000 1.000000
97.780876 14.117647 0.000000 0.481076 -0.107754 0.000000 1.000000
98.988048 14.117647 0.000000 -0.137563 0.176293 0.000000 1.000000
100.195219 14.117647 0.000000 -1.462481 0.041440 0.000000 1.000000
101.402390 14.117647 0.000000 -0.451693 -0.662976 0.000000 1.000000
102.609562 14.117647 0.000000 -1.334681 -0.318653 0.000000 1.000000
103.816733 14.117647 0.000000 -1.327924 0.609789 0.000000 1.000000
105.023904 14.117647 0.000000 -0.169592 -1.194886 0.000000 1.000000
106.231076 14.117647 0.000000 -0.476630 0.528352 0.000000 1.000000
107.438247 14.117647 0.000000 -0.421022 -0.204332 0.000000 1.000000
108.645418 14.117647 0.000000 -0.261428 -0.096186 0.000000 1.000000
109.852590 14.117647 0.000000 -1.202293 -0.037626 0.000000 1.000000
111.059761 14.117647 0.000000 -0.395007 2.083156 0.000000 1.000000
112.266932 14.117647 0.000000 -0.150996 -0.327657 0.000000 1.000000
113.474104 14.117647 0.000000 0.698582 -0.115813 0.000000 1.000000
114.681275 14.117647 0.000000 0.178764 -0.623575 0.000000 1.000000
115.888446 14.117647 0.000000 1.099336 -0.449314 0.000000 1.000000
117.095618 14.117647 0.000000 0.265036 0.795216 0.000000 1.000000
118.302789 14.117647 0.000000 -0.215694 -0.005587 0.000000 1.000000
119.509960 14.117647 0.000000 0.414351 0.477248 0.000000 1.000000
120.717131 14.117647 0.000000 -0.771192 0.122847 0.000000 1.000000
121.924303 14.117647 0.000000 -0.668853 -0.532538 0.000000 1.000000
123.131474 14.117647 0.000000 -0.458858 0.854345 0.000000 1.000000
124.338645 14.117647 0.000000 1.128574 1.836852 0.000000 1.000000
125.545817 14.117647 0.000000 -0.040363 -0.600446 0.000000 1.000000
126.752988 14.117647 0.000000 -0.685903 1.131179 0.000000 1.000000
127.960159 14.117647 0.000000 -1.088174 -0.229612 0.000000 1.000000
129.167331 14.117647 0.000000 -0.400643 1.231952 0.000000 1.000000
130.374502 14.117647 0.000000 -0.716919 0.773512 0.000000 1.000000
131.581673 14.117647 0.000000 0.928305 -0.123406 0.000000 1.000000
132.788845 14.117647 0.000000 0.328779 -1.093517 0.000000 1.000000
133.996016 14.117647 0.000000 -0.062749 -0.157528 0.000000 1.000000
135.203187 14.117647 0.000000 -1.824417 0.288235 0.000000 1.000000
136.410359 14.117647 0.000000 0.250764 -1.202879 0.000000 1.000000
137.617530 14.117647 0.000000 -0.999006 -0.535309 0.000000 1.000000
138.824701 14.117647 0.000000 -0.374564 -0.222115 0.000000 1.000000
140.031873 14.117647 0.000000 -0.677872 -0.718144 0.000000 1.000000
141.239044 14.117647 0.000000 0.216361 -0.341532 0.000000 1.000000
142.446215 14.117647 0.000000 -0.075896 -0.167890 0.000000 1.000000
143.653386 14.117647 0.000000 0.322913 -0.114570 0.000000 1.000000
144.860558 14.117647 0.000000 0.608824 0.067350 0.000000 1.000000
146.067729 14.117647 0.000000 0.628266 0.876339 0.000000 1.000000
147.274900 14.117647 0.000000 -1.033088 0.646468 0.000000 1.000000
148.482072 14.117647 0.000000 1.260269 -0.693163 0.000000 1.000000
149.689243 14.117647 0.000000 -0.022912 -0.258063 0.000000 1.000000
150.896414 14.117647 0.000000 0.311340 0.362208 0.000000 1.000000
152.103586 14.117647 0.000000 -0.473640 0.922636 0.000000 1.000000
153.310757 14.117647 0.000000 -0.606141 -0.103288 0.000000 1.000000
154.517928 14.117647 0.000000 0.723413 1.375808 0.000000 1.000000
155.725100 14.117647 0.000000 -0.362878 0.547684 0.000000 1.000000
156.932271 14.117647 0.000000 0.155217 -1.124438 0.000000 1.000000
158.139442 14.117647 0.000000 -0.675796 -0.857383 0.000000 1.000000
159.346614 14.117647 0.000000 -0.356275 -0.300195 0.000000 1.000000
160.553785 14.117647 0.000000 0.019386 0.897985 0.000000 1.000000
161.760956 14.117647 0.000000 0.298359 1.870517 0.000000 1.000000
162.968127 14.117647 0.000000 -0.172506 0.552605 0.000000 1.000000
164.175299 14.117647 0.000000 0.292657 1.059822 0.000000 1.000000
165.382470 14.117647 0.000000 -0.268169 0.592206 0.000000 1.000000
166.589641 14.117647 0.000000 1.151552 -0.515173 0.000000 1.000000
167.796813 14.117647 0.000000 -0.053319 0.351117 0.000000 1.000000
169.003984 14.117647 0.000000 -0.307812 -0.624372 0.000000 1.000000
170.211155 14.117647 0.000000 1.295562 -0.167868 0.000000 1.000000
171.418327 14.117647 0.000000 1.225813 -0.364992 0.000000 1.000000
172.625498 14.117647 0.000000 -0.146810 0.558181 0.000000 1.000000
173.832669 14.117647 0.000000 -0.146054 -0.641077 0.000000 1.000000
175.039841 14.117647 0.000000 -0.509430 0.187327 0.000000 1.000000
176.247012 14.117647 0.000000 -0.471390 0.056792 0.000000 1.000000
177.454183 14.117647 0.000000 -1.596518 -0.400133 0.000000 1.000000
178.661355 14.117647 0.000000 -0.127876 -0.367974 0.000000 1.000000
179.868526 14.117647 0.000000 -0.702948 -0.630213 0.000000 1.000000
181.075697 14.117647 0.000000 0.049489 1.046029 0.000000 1.000000
182.282869 14.117647 0.000000 -0.989213 -0.200827 0.000000 1.000000
183.490040 14.117647 0.000000 0.690502 0.231016 0.000000 1.000000
184.697211 14.117647 0.000000 -0.066673 -0.324183 0.000000 1.000000
185.904382 14.117647 0.000000 0.009001 -0.076944 0.000000 1.000000
187.111554 14.117647 0.000000 -1.546438 -0.511617 0.000000 1.000000
188.318725 14.117647 0.000000 -1.378944 0.907433 0.000000 1.000000
189.525896 14.117647 0.000000 0.581324 -0.562847 0.000000 1.000000
190.733068 14.117647 0.000000 0.568758 1.725974 0.000000 1.000000
191.940239 14.117647 0.000000 -0.440958 0.913245 0.000000 1.000000
193.147410 14.117647 0.000000 0.255954 -0.172853 0.000000 1.000000
194.354582 14.117647 0.000000 -0.782373 -0.398580 0.000000 1.000000
195.561753 14.117647 0.000000 -0.279622 -1.642982 0.000000 1.000000
196.768924 14.117647 0.000000 0.374717 -0.232980 0.000000 1.000000
197.976096 14.117647 0.000000 0.324358 -0.301920 0.000000 1.000000
199.183267 14.117647 0.000000 2.119723 -1.177359 0.000000 1.000000
200.390438 14.117647 0.000000 -0.660149 0.493174 0.000000 1.000000
201.597610 14.117647 0.000000 1.667312 -0.707227 0.000000 1.000000
202.804781 14.117647 0.000000 1.293074 -0.653919 0.000000 1.000000
204.011952 14.117647 0.000000 0.914172 0.047831 0.000000 1.000000
205.219124 14.117647 0.000000 1.576471 1.254573 0.000000 1.000000
206.426295 14.117647 0.000000 -0.458385 2.070373 0.000000 1.000000
207.633466 14.117647 0.000000 -0.795277 -0.227245 0.000000 1.000000
208.840637 14.117647 0.000000 1.278004 -0.525051 0.000000 1.000000
210.047809 14.117647 0.000000 -0.453880 0.086888 0.000000 1.000000
211.254980 14.117647 0.000000 0.319580 0.268298 0.000000 1.000000
212.462151 14.117647 0.000000 -0.527664 0.133743 0.000000 1.000000
213.669323 14.117647 0.000000 0.450352 1.058001 0.000000 1.000000
214.876494 14.117647 0.000000 0.231668 -0.891472 0.000000 1.000000
216.083665 14.117647 0.000000 0.019718 -0.444307 0.000000 1.000000
217.290837 14.117647 0.000000 0.932319 -1.190184 0.000000 1.000000
218.498008 14.117647 0.000000 0.395415 -0.758830 0.000000 1.000000
219.705179 14.117647 0.000000 0.899104 0.539813 0.000000 1.000000
220.912351 14.117647 0.000000 0.154714 0.351564 0.000000 1.000000
222.119522 14.117647 0.000000 -0.238587 0.472365 0.000000 1.000000
223.326693 14.117647 0.000000 -0.035468 0.511558 0.000000 1.000000
224.533865 14.117647 0.000000 0.041043 -1.759949 0.000000 1.000000
225.741036 14.117647 0.000000 -0.363587 1.067548 0.000000 1.000000
226.948207 14.117647 0.000000 1.026725 0.068446 0.000000 1.000000
228.155378 14.117647 0.000000 -0.089496 -0.242538 0.000000 1.000000
229.362550 14.117647 0.000000 0.445498 0.403960 0.000000 1.000000
230.569721 14.117647 0.000000 -0.692699 0.462376 0.000000 1.000000
231.776892 14.117647 0.000000 0.871413 -0.680673 0.000000 1.000000
232.984064 14.117647 0.000000 -0.132493 0.322308 0.000000 1.000000
234.191235 14.117647 0.000000 0.510687 -0.302845 0.000000 1.000000
235.398406 14.117647 0.000000 -0.374208 -0.333498 0.000000 1.000000
236.605578 14.117647 0.000000 0.272024 0.297952 0.000000 1.000000
237.812749 14.117647 0.000000 -0.014107 -0.970133 0.000000 1.000000
239.019920 14.117647 0.000000 -0.771113 0.444821 0.000000 1.000000
240.227092 14.117647 0.000000 -0.863816 0.154577 0.000000 1.000000
241.434263 14.117647 0.000000 -0.255499 -0.431321 0.000000 1.000000
242.641434 14.117647 0.000000 0.018502 1.179879 0.000000 1.000000
243.848606 14.117647 0.000000 0.203848 -0.214549 0.000000 1.000000
245.055777 14.117647 0.000000 -1.042207 0.356726 0.000000 1.000000
246.262948 14.117647 0.000000 0.803394 0.423998 0.000000 1.000000
247.470120 14.117647 0.000000 0.824078 0.331524 0.000000 1.000000
248.677291 14.117647 0.000000 -0.921931 -0.037266 0.000000 1.000000
249.884462 14.117647 0.000000 0.370761 0.504351 0.000000 1.000000
251.091633 14.117647 0.000000 -0.349034 -0.050287 0.000000 1.000000
252.298805 14.117647 0.000000 0.258333 0.893459 0.000000 1.000000
253.505976 14.117647 0.000000 0.710435 0.451535 0.000000 1.000000
254.713147 14.117647 0.000000 0.279795 -0.730465 0.000000 1.000000
255.920319 14.117647 0.000000 -0.778872 -0.070432 0.000000 1.000000
257.127490 14.117647 0.000000 0.736134 0.274076 0.000000 1.000000
258.334661 14.117647 0.000000 0.396378 -1.067242 0.000000 1.000000
259.541833 14.117647 0.000000 -1.033922 0.786396 0.000000 1.000000
260.749004 14.117647 0.000000 -0.024869 -0.934399 0.000000 1.000000
261.956175 14.117647 0.000000 0.623410 0.176978 0.000000 1.000000
263.163347 14.117647 0.000000 2.086624 0.878402 0.000000 1.000000
264.370518 14.117647 0.000000 0.244776 -0.112332 0.000000 1.000000
265.577689 14.117647 0.000000 0.163881 -0.078067 0.000000 1.000000
266.784861 14.117647 0.000000 -1.017759 0.650376 0.000000 1.000000
267.992032 14.117647 0.000000 0.193977 -1.953353 0.000000 1.000000
269.199203 14.117647 0.000000 -0.449759 -0.591490 0.000000 1.000000
270.406375 14.117647 0.000000 0.693218 -0.036633 0.000000 1.000000
271.613546 14.117647 0.000000 1.051379 -1.130856 0.000000 1.000000
272.820717 14.117647 0.000000 -0.761072 0.749068 0.000000 1.000000
274.027888 14.117647 0.000000 -0.463688 -0.754047 0.000000 1.000000
275.235060 14.117647 0.000000 -0.372789 -0.542758 0.000000 1.000000
276.442231 14.117647 0.000000 0.380986 0.785183 0.000000 1.000000
277.649402 14.117647 0.000000 -1.122498 -0.211091 0.000000 1.000000
278.856574 14.117647 0.000000 0.009696 0.052638 0.000000 1.000000
280.063745 14.117647 0.000000 0.588824 0.079263 0.000000 1.000000
281.270916 14.117647 0.000000 -0.410359 -0.791709 0.000000 1.000000
282.478088 14.117647 0.000000 -1.290641 -0.267897 0.000000 1.000000
283.685259 14.117647 0.000000 0.009813 0.646277 0.000000 1.000000
284.892430 14.117647 0.000000 -0.267499 1.637626 0.000000 1.000000
286.099602 14.117647 0.000000 -0.054456 -0.347257 0.000000 1.000000
287.306773 14.117647 0.000000 0.268745 -0.691770 0.000000 1.000000
288.513944 14.117647 0.000000 0.147344 -1.465018 0.000000 1.000000
289.721116 14.117647 0.000000 0.477694 0.041668 0.000000 1.000000
290.928287 14.117647 0.000000 0.148520 0.103985 0.000000 1.000000
292.135458 14.117647 0.000000 -0.901058 -0.640903 0.000000 1.000000
293.342629 14.117647 0.000000 1.107253 0.344252 0.000000 1.000000
294.549801 14.117647 0.000000 -0.422705 0.292268 0.000000 1.000000
295.756972 14.117647 0.000000 0.287919 1.376548 0.000000 1.000000
296.964143 14.117647 0.000000 0.784760 0.285259 0.000000 1.000000
298.171315 14.117647 0.000000 -0.317998 1.255778 0.000000 1.000000
299.378486 14.117647 0.000000 -0.072182 -0.621026 0.000000 1.000000
300.585657 14.117647 0.000000 -0.863221 -0.615288 0.000000 1.000000
301.792829 14.117647 0.000000 -0.257823 0.535739 0.000000 1.000000
1.207171 17.647059 0.000000 0.645343 0.808448 0.000000 1.000000
2.414343 17.647059 0.000000 0.107795 0.582473 0.000000 1.000000
3.621514 17.647059 0.000000 1.597201 0.638190 0.000000 1.000000
4.828685 17.647059 0.000000 1.133033 -1.073664 0.000000 1.000000
6.035857 17.647059 0.000000 -0.524907 -0.536600 0.000000 1.000000
7.243028 17.647059 0.000000 -1.893325 0.046617 0.000000 1.000000
8.450199 17.647059 0.000000 0.984234 -0.384008 0.000000 1.000000
9.657371 17.647059 0.000000 0.137822 -0.609389 0.000000 1.000000
10.864542 17.647059 0.000000 -0.348080 0.196263 0.000000 1.000000
12.071713 17.647059 0.000000 -0.845917 0.824685 0.000000 1.000000
13.278884 17.647059 0.000000 -1.357144 0.222373 0.000000 1.000000
14.486056 17.647059 0.000000 -0.347906 1.047503 0.000000 1.000000
15.693227 17.647059 0.000000 0.538330 -1.479204 0.000000 1.000000
16.900398 17.647059 0.000000 -1.713269 -0.713547 0.000000 1.000000
18.107570 17.647059 0.000000 -0.355504 -0.139129 0.000000 1.000000
19.314741 17.647059 0.000000 0.021010 0.470823 0.000000 1.000000
20.521912 17.647059 0.000000 -0.966278 -1.278660 0.000000 1.000000
21.729084 17.647059 0.000000 0.178141 -0.260733 0.000000 1.000000
22.936255 17.647059 0.000000 -0.073472 -0.459324 0.000000 1.000000
24.143426 17.647059 0.000000 -0.122853 1.045638 0.000000 1.000000
25.350598 17.647059 0.000000 -1.148202 -0.872062 0.000000 1.000000
26.557769 17.647059 0.000000 0.453305 1.102843 0.000000 1.000000
27.764940 17.647059 0.000000 -0.145792 -0.898356 0.000000 1.000000
28.972112 17.647059 0.000000 -1.415382 0.178750 0.000000 1.000000
30.179283 17.647059 0.000000 -0.883803 1.532885 0.000000 1.000000
31.386454 17.647059 0.000000 1.655387 0.154538 0.000000 1.000000
32.593625 17.647059 0.000000 0.342897 -0.088858 0.000000 1.000000
33.800797 17.647059 0.000000 0.806995 -0.007653 0.000000 1.000000
35.007968 17.647059 0.000000 0.044424 0.956469 0.000000 1.000000
36.215139 17.647059 0.000000 0.442402 1.501350 0.000000 1.000000
37.422311 17.647059 0.000000 -1.157790 -0.398337 0.000000 1.000000
38.629482 17.647059 0.000000 -0.639534 0.589746 0.000000 1.000000
39.836653 17.647059 0.000000 -0.349397 0.420432 0.000000 1.000000
41.043825 17.647059 0.000000 -0.826976 -0.072191 0.000000 1.000000
42.250996 17.647059 0.000000 1.623845 1.153020 0.000000 1.000000
43.458167 17.647059 0.000000 -1.328699 0.252320 0.000000 1.000000
44.665339 17.647059 0.000000 0.583943 -0.354373 0.000000 1.000000
45.872510 17.647059 0.000000 -0.779877 0.462615 0.000000 1.000000
47.079681 17.647059 0.000000 0.070918 0.385224 0.000000 1.000000
48.286853 17.647059 0.000000 -0.112136 1.642901 0.000000 1.000000
49.494024 17.647059 0.000000 -0.646560 -0.356205 0.000000 1.000000
50.701195 17.647059 0.000000 0.363703 0.511938 0.000000 1.000000
51.908367 17.647059 0.000000 -0.975274 0.911857 0.000000 1.000000
53.115538 17.647059 0.000000 -1.031422 -0.000956 0.000000 1.000000
54.322709 17.647059 0.000000 -0.217477 -0.505848 0.000000 1.000000
55.529880 17.647059 0.000000 0.800953 -1.665098 0.000000 1.000000
56.737052 17.647059 0.000000 -0.517118 -0.643832 0.000000 1.000000
57.944223 17.647059 0.000000 0.618270 1.090832 0.000000 1.000000
59.151394 17.647059 0.000000 0.547963 0.981134 0.000000 1.000000
60.358566 17.647059 0.000000 -1.573374 0.110201 0.000000 1.000000
61.565737 17.647059 0.000000 -0.978329 -0.270622 0.000000 1.000000
62.772908 17.647059 0.000000 0.172633 0.061428 0.000000 1.000000
63.980080 17.647059 0.000000 0.972429 -1.404588 0.000000 1.000000
65.187251 17.647059 0.000000 -0.591331 -1.052445 0.000000 1.000000
66.394422 17.647059 0.000000 -1.159176 0.705712 0.000000 1.000000
67.601594 17.647059 0.000000 0.128613 1.095211 0.000000 1.000000
68.808765 17.647059 0.000000 0.837691 0.042708 0.000000 1.000000
70.015936 17.647059 0.000000 -0.685999 0.695821 0.000000 1.000000
71.223108 17.647059 0.000000 -0.489414 -0.853602 0.000000 1.000000
72.430279 17.647059 0.000000 -0.813839 0.080685 0.000000 1.000000
73.637450 17.647059 0.000000 0.894488 0.031719 0.000000 1.000000
74.844622 17.647059 0.000000 0.865425 0.059107 0.000000 1.000000
76.051793 17.647059 0.000000 -0.301921 1.918679 0.000000 1.000000
77.258964 17.647059 0.000000 1.287297 0.133753 0.000000 1.000000
78.466135 17.647059 0.000000 -0.588827 -1.143237 0.000000 1.000000
79.673307 17.647059 0.000000 0.283426 -0.186155 0.000000 1.000000
80.880478 17.647059 0.000000 0.329843 0.222943 0.000000 1.000000
82.087649 17.647059 0.000000 0.308118 0.802196 0.000000 1.000000
83.294821 17.647059 0.000000 0.221811 -0.517034 0.000000 1.000000
84.501992 17.647059 0.000000 -0.545236 0.406852 0.000000 1.000000
85.709163 17.647059 0.000000 -0.758272 0.502463 0.000000 1.000000
86.916335 17.647059 0.000000 0.504635 -0.036512 0.000000 1.000000
88.123506 17.647059 0.000000 -0.552926 -1.261543 0.000000 1.000000
89.330677 17.647059 0.000000 -0.795140 -1.155187 0.000000 1.000000
90.537849 17.647059 0.000000 0.018483 -0.318226 0.000000 1.000000
91.745020 17.647059 0.000000 -0.651382 0.611544 0.000000 1.000000
92.952191 17.647059 0.000000 0.091072 0.028168 0.000000 1.000000
94.159363 17.647059 0.000000 0.394272 0.727401 0.000000 1.000000
95.366534 17.647059 0.000000 -1.133744 0.494217 0.000000 1.000000
96.573705 17.647059 0.000000 -1.279488 -0.567195 0.000000 1.000000
97.780876 17.647059 0.000000 0.715319 0.483287 0.000000 1.000000
98.988048 17.647059 0.000000 0.469666 0.123272 0.000000 1.000000
100.195219 17.647059 0.000000 0.998749 -1.094992 0.000000 1.000000
101.402390 17.647059 0.000000 -0.216154 0.027999 0.000000 1.000000
102.609562 17.647059 0.000000 1.438788 0.720399 0.000000 1.000000
103.816733 17.647059 0.000000 0.733903 -0.543834 0.000000 1.000000
105.023904 17.647059 0.000000 1.590375 0.328138 0.000000 1.000000
106.231076 17.647059 0.000000 -0.711672 1.652938 0.000000 1.000000
107.438247 17.647059 0.000000 -1.009353 -0.619745 0.000000 1.000000
108.645418 17.647059 0.000000 -0.165840 -0.698743 0.000000 1.000000
109.852590 17.647059 0.000000 0.372418 0.190219 0.000000 1.000000
111.059761 17.647059 0.000000 0.079886 1.333642 0.000000 1.000000
112.266932 17.647059 0.000000 -1.155767 0.960699 0.000000 1.000000
113.474104 17.647059 0.000000 -0.583493 1.028425 0.000000 1.000000
114.681275 17.647059 0.000000 1.346813 1.621962 0.000000 1.000000
115.888446 17.647059 0.000000 -0.135090 -0.828030 0.000000 1.000000
117.095618 17.647059 0.000000 0.231502 -0.043219 0.000000 1.000000
118.302789 17.647059 0.000000 -1.246899 0.514627 0.000000 1.000000
119.509960 17.647059 0.000000 -0.652808 1.014173 0.000000 1.000000
120.717131 17.647059 0.000000 0.682097 -0.204417 0.000000 1.000000
121.924303 17.647059 0.000000 0.025196 -0.177002 0.000000 1.000000
123.131474 17.647059 0.000000 -0.323802 2.185355 0.000000 1.000000
124.338645 17.647059 0.000000 -0.662367 0.033648 0.000000 1.000000
125.545817 17.647059 0.000000 0.700700 -0.277250 0.000000 1.000000
126.752988 17.647059 0.000000 -0.444823 -0.945298 0.000000 1.000000
127.960159 17.647059 0.000000 0.842520 0.497981 0.000000 1.000000
129.167331 17.647059 0.000000 0.331917 -1.072361 0.000000 1.000000
130.374502 17.647059 0.000000 0.355711 0.196259 0.000000 1.000000
131.581673 17.647059 0.000000 -0.239424 -0.978984 0.000000 1.000000
132.788845 17.647059 0.000000 -0.040457 -0.621260 0.000000 1.000000
133.996016 17.647059 0.000000 0.056217 0.039307 0.000000 1.000000
135.203187 17.647059 0.000000 -0.239490 0.618203 0.000000 1.000000
136.410359 17.647059 0.000000 -0.047081 0.368640 0.000000 1.000000
137.617530 17.647059 0.000000 0.295479 0.707405 0.000000 1.000000
138.824701 17.647059 0.000000 -0.682069 -0.249649 0.000000 1.000000
140.031873 17.647059 0.000000 0.651572 0.103083 0.000000 1.000000
141.239044 17.647059 0.000000 0.795688 0.521485 0.000000 1.000000
142.446215 17.647059 0.000000 -0.314813 0.617134 0.000000 1.000000
143.653386 17.647059 0.000000 -0.182446 0.670940 0.000000 1.000000
144.860558 17.647059 0.000000 1.310433 0.766393 0.000000 1.000000
146.067729 17.647059 0.000000 1.618545 -1.102615 0.000000 1.000000
147.274900 17.647059 0.000000 -0.388136 -0.193815 0.000000 1.000000
148.482072 17.647059 0.000000 -0.283424 0.257879 0.000000 1.000000
149.689243 17.647059 0.000000 -0.260668 0.776655 0.000000 1.000000
150.896414 17.647059 0.000000 0.695955 0.286889 0.000000 1.000000
152.103586 17.647059 0.000000 -0.716119 0.381570 0.000000 1.000000
153.310757 17.647059 0.000000 0.476419 0.244753 0.000000 1.000000
154.517928 17.647059 0.000000 0.020842 0.984705 0.000000 1.000000
155.725100 17.647059 0.000000 -0.388140 -0.264776 0.000000 1.000000
156.932271 17.647059 0.000000 0.471303 0.369845 0.000000 1.000000
158.139442 17.647059 0.000000 0.602501 -0.206307 0.000000 1.000000
159.346614 17.647059 0.000000 -0.930014 -0.880584 0.000000 1.000000
160.553785 17.647059 0.000000 -0.306322 0.554848 0.000000 1.000000
161.760956 17.647059 0.000000 0.559839 -1.289524 0.000000 1.000000
162.968127 17.647059 0.000000 0.377145 -0.067160 0.000000 1.000000
164.175299 17.647059 0.000000 -0.737256 1.543631 0.000000 1.000000
165.382470 17.647059 0.000000 0.186270 0.579590 0.000000 1.000000
166.589641 17.647059 0.000000 1.815138 -0.416395 0.000000 1.000000
167.796813 17.647059 0.000000 -0.280949 1.047412 0.000000 1.000000
169.003984 17.647059 0.000000 -0.925039 0.046820 0.000000 1.000000
170.211155 17.647059 0.000000 0.032303 0.680540 0.000000 1.000000
171.418327 17.647059 0.000000 0.286278 -0.651197 0.000000 1.000000
172.625498 17.647059 0.000000 0.687106 0.592130 0.000000 1.000000
173.832669 17.647059 0.000000 -0.743548 -0.491832 0.000000 1.000000
175.039841 17.647059 0.000000 -0.372178 -0.818188 0.000000 1.000000
176.247012 17.647059 0.000000 0.752457 -0.234473 0.000000 1.000000
177.454183 17.647059 0.000000 -0.196832 -0.739285 0.000000 1.000000
178.661355 17.647059 0.000000 -0.279357 1.044538 0.000000 1.000000
179.868526 17.647059 0.000000 0.528743 -1.149154 0.000000 1.000000
181.075697 17.647059 0.000000 -0.700205 0.443956 0.000000 1.000000
182.282869 17.647059 0.000000 -0.352602 -0.396681 0.000000 1.000000
183.490040 17.647059 0.000000 -0.608836 -0.946689 0.000000 1.000000
184.697211 17.647059 0.000000 0.067003 -0.274374 0.000000 1.000000
185.904382 17.647059 0.000000 0.805993 -0.052651 0.000000 1.000000
187.111554 17.647059 0.000000 -0.682855 0.485113 0.000000 1.000000
188.318725 17.647059 0.000000 0.951494 -0.525726 0.000000 1.000000
189.525896 17.647059 0.000000 -1.204279 -0.344161 0.000000 1.000000
190.733068 17.647059 0.000000 -0.954907 1.155318 0.000000 1.000000
191.940239 17.647059 0.000000 -0.981660 -0.237197 0.000000 1.000000
193.147410 17.647059 0.000000 1.041561 0.610559 0.000000 1.000000
194.354582 17.647059 0.000000 -0.363590 -0.559191 0.000000 1.000000
195.561753 17.647059 0.000000 -0.128714 -0.175297 0.000000 1.000000
196.768924 17.647059 0.000000 1.057737 -0.114846 0.000000 1.000000
197.976096 17.647059 0.000000 -0.954949 0.691565 0.000000 1.000000
199.183267 17.647059 0.000000 0.732563 -0.165850 0.000000 1.000000
200.390438 17.647059 0.000000 0.545599 0.030755 0.000000 1.000000
201.597610 17.647059 0.000000 -0.853712 -0.062810 0.000000 1.000000
202.804781 17.647059 0.000000 -0.809786 -0.453897 0.000000 1.000000
204.011952 17.647059 0.000000 -0.664277 0.229876 0.000000 1.000000
205.219124 17.647059 0.000000 0.131488 -0.938636 0.000000 1.000000
206.426295 17.647059 0.000000 -0.650812 -0.007385 0.000000 1.000000
207.633466 17.647059 0.000000 0.327981 0.045601 0.000000 1.000000
208.840637 17.647059 0.000000 -1.560816 0.904498 0.000000 1.000000
210.047809 17.647059 0.000000 1.252837 1.114429 0.000000 1.000000
211.254980 17.647059 0.000000 0.384363 0.469684 0.000000 1.000000
212.462151 17.647059 0.000000 -0.462960 0.127864 0.000000 1.000000
213.669323 17.647059 0.000000 -0.799852 0.080616 0.000000 1.000000
214.876494 17.647059 0.000000 -1.011322 0.408319 0.000000 1.000000
216.083665 17.647059 0.000000 -0.251085 0.536918 0.000000 1.000000
217.290837 17.647059 0.000000 0.128723 -0.330439 0.000000 1.000000
218.498008 17.647059 0.000000 0.595945 -0.835204 0.000000 1.000000
219.705179 17.647059 0.000000 -0.187655 -0.385583 0.000000 1.000000
220.912351 17.647059 0.000000 0.525692 -0.058879 0.000000 1.000000
222.119522 17.647059 0.000000 0.190556 0.366083 0.000000 1.000000
223.326693 17.647059 0.000000 -1.659330 -0.660487 0.000000 1.000000
224.533865 17.647059 0.000000 0.081599 0.710447 0.000000 1.000000
225.741036 17.647059 0.000000 0.404504 0.921370 0.000000 1.000000
226.948207 17.647059 0.000000 -0.157088 0.065710 0.000000 1.000000
228.155378 17.647059 0.000000 -0.353788 -0.313548 0.000000 1.000000
229.362550 17.647059 0.000000 -0.587584 -0.389639 0.000000 1.000000
230.569721 17.647059 0.000000 -0.135058 -0.466200 0.000000 1.000000
231.776892 17.647059 0.000000 0.018415 -1.291450 0.000000 1.000000
232.984064 17.647059 0.000000 0.302219 0.120000 0.000000 1.000000
234.191235 17.647059 0.000000 0.315155 -0.333223 0.000000 1.000000
235.398406 17.647059 0.000000 -0.359742 0.689153 0.000000 1.000000
236.605578 17.647059 0.000000 -0.109627 1.399221 0.000000 1.000000
237.812749 17.647059 0.000000 -0.994652 -0.180395 0.000000 1.000000
239.019920 17.647059 0.000000 -0.797550 -0.561794 0.000000 1.000000
240.227092 17.647059 0.000000 -0.558985 -0.345410 0.000000 1.000000
241.434263 17.647059 0.000000 0.553177 -0.814337 0.000000 1.000000
242.641434 17.647059 0.000000 0.430967 -1.024343 0.000000 1.000000
243.848606 17.647059 0.000000 -0.287126 0.927765 0.000000 1.000000
245.055777 17.647059 0.000000 0.326337 0.187050 0.000000 1.000000
246.262948 17.647059 0.000000 0.445176 0.401794 0.000000 1.000000
247.470120 17.647059 0.000000 0.443691 0.987058 0.000000 1.000000
248.677291 17.647059 0.000000 -0.734674 -0.055502 0.000000 1.000000
249.884462 17.647059 0.000000 0.450241 0.524596 0.000000 1.000000
251.091633 17.647059 0.000000 0.394230 0.918380 0.000000 1.000000
252.298805 17.647059 0.000000 -0.354633 -0.959878 0.000000 1.000000
253.505976 17.647059 0.000000 0.899337 -0.006049 0.000000 1.000000
254.713147 17.647059 0.000000 -0.388356 0.019805 0.000000 1.000000
255.920319 17.647059 0.000000 -0.306042 0.706015 0.000000 1.000000
257.127490 17.647059 0.000000 0.629066 0.214947 0.000000 1.000000
258.334661 17.647059 0.000000 0.382076 0.017576 0.000000 1.000000
259.541833 17.647059 0.000000 0.725475 -1.676601 0.000000 1.000000
260.749004 17.647059 0.000000 -0.826415 -0.033717 0.000000 1.000000
261.956175 17.647059 0.000000 -0.292749 -0.677597 0.000000 1.000000
263.163347 17.647059 0.000000 0.438008 -0.697303 0.000000 1.000000
264.370518 17.647059 0.000000 0.153321 0.082405 0.000000 1.000000
265.577689 17.647059 0.000000 0.040422 -0.591804 0.000000 1.000000
266.784861 17.647059 0.000000 -0.136965 0.862094 0.000000 1.000000
267.992032 17.647059 0.000000 0.383953 0.675348 0.000000 1.000000
269.199203 17.647059 0.000000 -0.057003 -1.209177 0.000000 1.000000
270.406375 17.647059 0.000000 -0.330219 -0.112027 0.000000 1.000000
271.613546 17.647059 0.000000 0.919929 0.797759 0.000000 1.000000
272.820717 17.647059 0.000000 0.300035 -0.611138 0.000000 1.000000
274.027888 17.647059 0.000000 0.090450 -0.190553 0.000000 1.000000
275.235060 17.647059 0.000000 -0.172563 -0.877713 0.000000 1.000000
276.442231 17.647059 0.000000 0.327654 -0.026583 0.000000 1.000000
277.649402 17.647059 0.000000 0.568408 -1.039007 0.000000 1.000000
278.856574 17.647059 0.000000 -0.797273 2.572823 0.000000 1.000000
280.063745 17.647059 0.000000 -0.622666 0.197870 0.000000 1.000000
281.270916 17.647059 0.000000 0.309163 -0.699991 0.000000 1.000000
282.478088 17.647059 0.000000 1.221226 -0.051882 0.000000 1.000000
283.685259 17.647059 0.000000 0.105322 1.280312 0.000000 1.000000
284.892430 17.647059 0.000000 -0.559713 -0.350296 0.000000 1.000000
286.099602 17.647059 0.000000 -0.244691 -0.976089 0.000000 1.000000
287.306773 17.647059 0.000000 0.194672 0.329018 0.000000 1.000000
288.513944 17.647059 0.000000 0.129250 0.458261 0.000000 1.000000
289.721116 17.647059 0.000000 0.611734 0.234018 0.000000 1.000000
290.928287 17.647059 0.000000 -0.171101 0.857484 0.000000 1.000000
292.135458 17.647059 0.000000 -0.492992 0.981893 0.000000 1.000000
293.342629 17.647059 0.000000 -0.136817 0.535316 0.000000 1.000000
294.549801 17.647059 0.000000 1.291191 -1.606935 0.000000 1.000000
295.756972 17.647059 0.000000 -0.136325 -0.291116 0.000000 1.000000
296.964143 17.647059 0.000000 1.206928 -0.293148 0.000000 1.000000
298.171315 17.647059 0.000000 1.929332 -1.085872 0.000000 1.000000
299.378486 17.647059 0.000000 0.246761 -0.278638 0.000000 1.000000
300.585657 17.647059 0.000000 0.356776 -0.405098 0.000000 1.000000
301.792829 17.647059 0.000000 -0.319304 -1.294415 0.000000 1.000000
1.207171 21.176471 0.000000 0.076114 -1.064672 0.000000 1.000000
2.414343 21.176471 0.000000 -0.926452 0.055945 0.000000 1.000000
3.621514 21.176471 0.000000 -0.086183 0.720781 0.000000 1.000000
4.828685 21.176471 0.000000 -0.957183 0.292219 0.000000 1.000000
6.035857 21.176471 0.000000 0.227666 -0.219290 0.000000 1.000000
7.243028 21.176471 0.000000 -0.568632 -0.061408 0.000000 1.000000
8.450199 21.176471 0.000000 0.624696 -0.269767 0.000000 1.000000
9.657371 21.176471 0.000000 0.598752 -0.199093 0.000000 1.000000
10.864542 21.176471 0.000000 1.219238 0.013472 0.000000 1.000000
12.071713 21.176471 0.000000 -0.124504 -1.144509 0.000000 1.000000
13.278884 21.176471 0.000000 -1.009525 0.264132 0.000000 1.000000
14.486056 21.176471 0.000000 -0.161208 0.193411 0.000000 1.000000
15.693227 21.176471 0.000000 -0.484491 -0.111857 0.000000 1.000000
16.900398 21.176471 0.000000 -0.441395 0.203256 0.000000 1.000000
18.107570 21.176471 0.000000 -0.154642 1.313026 0.000000 1.000000
19.314741 21.176471 0.000000 -0.486920 0.785637 0.000000 1.000000
20.521912 21.176471 0.000000 -0.746015 -0.334521 0.000000 1.000000
21.729084 21.176471 0.000000 -0.595438 0.885217 0.000000 1.000000
22.936255 21.176471 0.000000 0.308622 0.091515 0.000000 1.000000
24.143426 21.176471 0.000000 0.165408 -0.772246 0.000000 1.000000
25.350598 21.176471 0.000000 0.991633 0.977064 0.000000 1.000000
26.557769 21.176471 0.000000 -0.024630 0.003895 0.000000 1.000000
27.764940 21.176471 0.000000 0.458632 -0.129405 0.000000 1.000000
28.972112 21.176471 0.000000 -0.141922 -0.353947 0.000000 1.000000
30.179283 21.176471 0.000000 -0.244958 -0.342107 0.000000 1.000000
31.386454 21.176471 0.000000 0.515708 -0.237622 0.000000 1.000000
32.593625 21.176471 0.000000 -0.303276 -0.448712 0.000000 1.000000
33.800797 21.176471 0.000000 -1.060681 1.097734 0.000000 1.000000
35.007968 21.176471 0.000000 0.359255 0.607227 0.000000 1.000000
36.215139 21.176471 0.000000 -0.375070 1.024915 0.000000 1.000000
37.422311 21.176471 0.000000 0.102298 1.021688 0.000000 1.000000
38.629482 21.176471 0.000000 -0.009833 -0.037064 0.000000 1.000000
39.836653 21.176471 0.000000 -0.373697 0.049310 0.000000 1.000000
41.043825 21.176471 0.000000 0.158711 1.050014 0.000000 1.000000
42.250996 21.176471 0.000000 1.088365 0.058121 0.000000 1.000000
43.458167 21.176471 0.000000 0.861614 -1.927151 0.000000 1.000000
44.665339 21.176471 0.000000 -0.332923 0.171091 0.000000 1.000000
45.872510 21.176471 0.000000 0.626913 0.293696 0.000000 1.000000
47.079681 21.176471 0.000000 -0.040012 -0.331809 0.000000 1.000000
48.286853 21.176471 0.000000 -0.565896 1.339408 0.000000 1.000000
49.494024 21.176471 0.000000 0.793157 0.919257 0.000000 1.000000
50.701195 21.176471 0.000000 0.007123 -0.383408 0.000000 1.000000
51.908367 21.176471 0.000000 0.391852 -0.022891 0.000000 1.000000
53.115538 21.176471 0.000000 -0.090941 -0.023057 0.000000 1.000000
54.322709 21.176471 0.000000 -0.447940 -0.621665 0.000000 1.000000
55.529880 21.176471 0.000000 -0.171782 -0.985122 0.000000 1.000000
56.737052 21.176471 0.000000 0.422650 0.587464 0.000000 1.000000
57.944223 21.176471 0.000000 -0.544523 -1.297669 0.000000 1.000000
59.151394 21.176471 0.000000 0.277926 0.163116 0.000000 1.000000
60.358566 21.176471 0.000000 0.014124 -0.949065 0.000000 1.000000
61.565737 21.176471 0.000000 -1.356424 1.204774 0.000000 1.000000
62.772908 21.176471 0.000000 -0.153400 0.351183 0.000000 1.000000
63.980080 21.176471 0.000000 -0.050404 0.286936 0.000000 1.000000
65.187251 21.176471 0.000000 -0.904247 -0.320646 0.000000 1.000000
66.394422 21.176471 0.000000 -0.958763 -0.774215 0.000000 1.000000
67.601594 21.176471 0.000000 -0.501729 -1.282905 0.000000 1.000000
68.808765 21.176471 0.000000 -0.326493 -0.508156 0.000000 1.000000
70.015936 21.176471 0.000000 -0.839157 -0.099413 0.000000 1.000000
71.223108 21.176471 0.000000 -0.008395 -0.597311 0.000000 1.000000
72.430279 21.176471 0.000000 1.422302 0.502368 0.000000 1.000000
73.637450 21.176471 0.000000 0.792755 -0.237683 0.000000 1.000000
74.844622 21.176471 0.000000 0.631494 0.535862 0.000000 1.000000
76.051793 21.176471 0.000000 -0.720570 -0.487877 0.000000 1.000000
77.258964 21.176471 0.000000 2.060997 -0.296256 0.000000 1.000000
78.466135 21.176471 0.000000 0.343887 -0.157228 0.000000 1.000000
79.673307 21.176471 0.000000 0.587510 -0.708759 0.000000 1.000000
80.880478 21.176471 0.000000 -0.711225 0.796619 0.000000 1.000000
82.087649 21.176471 0.000000 0.140007 -1.757424 0.000000 1.000000
83.294821 21.176471 0.000000 0.016180 -0.134152 0.000000 1.000000
84.501992 21.176471 0.000000 0.502142 0.221538 0.000000 1.000000
85.709163 21.176471 0.000000 0.241593 0.056365 0.000000 1.000000
86.916335 21.176471 0.000000 0.205016 -0.820509 0.000000 1.000000
88.123506 21.176471 0.000000 -0.576597 -0.608156 0.000000 1.000000
89.330677 21.176471 0.000000 -0.948719 0.551898 0.000000 1.000000
90.537849 21.176471 0.000000 0.761591 0.428679 0.000000 1.000000
91.745020 21.176471 0.000000 -0.425511 -0.385288 0.000000 1.000000
92.952191 21.176471 0.000000 -0.311415 0.781457 0.000000 1.000000
94.159363 21.176471 0.000000 0.372006 1.224114 0.000000 1.000000
95.366534 21.176471 0.000000 -0.685971 -0.165030 0.000000 1.000000
96.573705 21.176471 0.000000 -0.891812 -1.007623 0.000000 1.000000
97.780876 21.176471 0.000000 -0.110162 -0.242861 0.000000 1.000000
98.988048 21.176471 0.000000 -0.362993 -1.090695 0.000000 1.000000
100.195219 21.176471 0.000000 0.138761 -0.206208 0.000000 1.000000
101.402390 21.176471 0.000000 0.646531 0.383783 0.000000 1.000000
102.609562 21.176471 0.000000 -0.927918 0.274315 0.000000 1.000000
103.816733 21.176471 0.000000 -0.423840 1.078164 0.000000 1.000000
105.023904 21.176471 0.000000 -0.021298 -0.361519 0.000000 1.000000
106.231076 21.176471 0.000000 -0.287844 -1.066776 0.000000 1.000000
107.438247 21.176471 0.000000 0.900801 1.493129 0.000000 1.000000
108.645418 21.176471 0.000000 -1.223527 -0.183526 0.000000 1.000000
109.852590 21.176471 0.000000 -0.078444 -0.425699 0.000000 1.000000
111.059761 21.176471 0.000000 0.860552 0.876591 0.000000 1.000000
112.266932 21.176471 0.000000 -0.173860 1.459136 0.000000 1.000000
113.474104 21.176471 0.000000 0.022796 -0.176533 0.000000 1.000000
114.681275 21.176471 0.000000 0.197475 -0.533006 0.000000 1.000000
115.888446 21.176471 0.000000 1.027144 0.430546 0.000000 1.000000
117.095618 21.176471 0.000000 -0.251361 -0.136663 0.000000 1.000000
118.302789 21.176471 0.000000 -0.642268 0.180141 0.000000 1.000000
119.509960 21.176471 0.000000 -0.915116 -0.003240 0.000000 1.000000
120.717131 21.176471 0.000000 -0.366096 0.395488 0.000000 1.000000
121.924303 21.176471 0.000000 0.736831 0.550968 0.000000 1.000000
123.131474 21.176471 0.000000 -0.087047 -0.507261 0.000000 1.000000
124.338645 21.176471 0.000000 -0.212269 -0.017243 0.000000 1.000000
125.545817 21.176471 0.000000 0.344634 -0.407242 0.000000 1.000000
126.752988 21.176471 0.000000 -0.684346 0.117150 0.000000 1.000000
127.960159 21.176471 0.000000 0.960442 1.318452 0.000000 1.000000
129.167331 21.176471 0.000000 0.560501 -0.705704 0.000000 1.000000
130.374502 21.176471 0.000000 0.995649 -0.603453 0.000000 1.000000
131.581673 21.176471 0.000000 -0.545253 0.296885 0.000000 1.000000
132.788845 21.176471 0.000000 -0.976414 0.561392 0.000000 1.000000
133.996016 21.176471 0.000000 -0.038298 0.276741 0.000000 1.000000
135.203187 21.176471 0.000000 -0.582629 0.593033 0.000000 1.000000
136.410359 21.176471 0.000000 0.362457 -0.262393 0.000000 1.000000
137.617530 21.176471 0.000000 0.668038 -1.886588 0.000000 1.000000
138.824701 21.176471 0.000000 0.255817 -0.081522 0.000000 1.000000
140.031873 21.176471 0.000000 -0.562525 0.119825 0.000000 1.000000
141.239044 21.176471 0.000000 0.353036 -0.526592 0.000000 1.000000
142.446215 21.176471 0.000000 -0.084894 -0.034770 0.000000 1.000000
143.653386 21.176471 0.000000 0.277440 0.861979 0.000000 1.000000
144.860558 21.176471 0.000000 -0.328438 0.925720 0.000000 1.000000
146.067729 21.176471 0.000000 -0.922600 0.207200 0.000000 1.000000
147.274900 21.176471 0.000000 -1.216323 0.045273 0.000000 1.000000
148.482072 21.176471 0.000000 0.510335 1.424974 0.000000 1.000000
149.689243 21.176471 0.000000 0.034524 -0.534620 0.000000 1.000000
150.896414 21.176471 0.000000 0.725466 0.023621 0.000000 1.000000
152.103586 21.176471 0.000000 0.069159 0.642948 0.000000 1.000000
153.310757 21.176471 0.000000 0.772315 -1.230282 0.000000 1.000000
154.517928 21.176471 0.000000 0.036075 -0.017075 0.000000 1.000000
155.725100 21.176471 0.000000 -0.756677 -1.153752 0.000000 1.000000
156.932271 21.176471 0.000000 -0.047644 -0.333390 0.000000 1.000000
158.139442 21.176471 0.000000 -0.512815 -0.102615 0.000000 1.000000
159.346614 21.176471 0.000000 -0.248588 0.006960 0.000000 1.000000
160.553785 21.176471 0.000000 1.114583 -0.026786 0.000000 1.000000
161.760956 21.176471 0.000000 1.329246 0.874229 0.000000 1.000000
162.968127 21.176471 0.000000 0.683808 -0.520612 0.000000 1.000000
164.175299 21.176471 0.000000 -0.207866 -0.655825 0.000000 1.000000
165.382470 21.176471 0.000000 0.293692 -0.052901 0.000000 1.000000
166.589641 21.176471 0.000000 0.311951 0.208436 0.000000 1.000000
167.796813 21.176471 0.000000 0.118309 -0.257854 0.000000 1.000000
169.003984 21.176471 0.000000 -0.688385 -0.317800 0.000000 1.000000
170.211155 21.176471 0.000000 0.506348 -0.121364 0.000000 1.000000
171.418327 21.176471 0.000000 -0.042820 0.608154 0.000000 1.000000
172.625498 21.176471 0.000000 0.344392 -1.048328 0.000000 1.000000
173.832669 21.176471 0.000000 -0.057237 -0.621580 0.000000 1.000000
175.039841 21.176471 0.000000 -0.038690 0.270482 0.000000 1.000000
176.247012 21.176471 0.000000 0.359834 1.170992 0.000000 1.000000
177.454183 21.176471 0.000000 -0.354507 -0.214038 0.000000 1.000000
178.661355 21.176471 0.000000 0.405523 0.674746 0.000000 1.000000
179.868526 21.176471 0.000000 -0.729703 0.480101 0.000000 1.000000
181.075697 21.176471 0.000000 0.470188 -0.111800 0.000000 1.000000
182.282869 21.176471 0.000000 -0.199145 0.512579 0.000000 1.000000
183.490040 21.176471 0.000000 0.301679 0.277858 0.000000 1.000000
184.697211 21.176471 0.000000 -0.517832 -1.223334 0.000000 1.000000
185.904382 21.176471 0.000000 -0.066847 -0.197177 0.000000 1.000000
187.111554 21.176471 0.000000 0.323583 -0.546074 0.000000 1.000000
188.318725 21.176471 0.000000 0.448422 0.284156 0.000000 1.000000
189.525896 21.176471 0.000000 -0.523727 0.662755 0.000000 1.000000
190.733068 21.176471 0.000000 -0.242855 -0.497959 0.000000 1.000000
191.940239 21.176471 0.000000 0.177014 -0.015885 0.000000 1.000000
193.147410 21.176471 0.000000 -0.640346 0.433023 0.000000 1.000000
194.354582 21.176471 0.000000 -0.006850 -0.541619 0.000000 1.000000
195.561753 21.176471 0.000000 -1.240617 0.296041 0.000000 1.000000
196.768924 21.176471 0.000000 0.069644 0.078935 0.000000 1.000000
197.976096 21.176471 0.000000 0.973186 -1.766612 0.000000 1.000000
199.183267 21.176471 0.000000 0.897089 0.958870 0.000000 1.000000
200.390438 21.176471 0.000000 -0.693395 0.712002 0.000000 1.000000
201.597610 21.176471 0.000000 -0.574519 -0.742644 0.000000 1.000000
202.804781 21.176471 0.000000 -0.072074 1.286863 0.000000 1.000000
204.011952 21.176471 0.000000 0.255361 0.029769 0.000000 1.000000
205.219124 21.176471 0.000000 0.625893 -0.445654 0.000000 1.000000
206.426295 21.176471 0.000000 1.058526 1.105115 0.000000 1.000000
207.633466 21.176471 0.000000 0.303121 -0.562871 0.000000 1.000000
208.840637 21.176471 0.000000 0.757653 0.202897 0.000000 1.000000
210.047809 21.176471 0.000000 0.454763 0.798193 0.000000 1.000000
211.254980 21.176471 0.000000 0.308230 -0.643672 0.000000 1.000000
212.462151 21.176471 0.000000 1.053440 0.191994 0.000000 1.000000
213.669323 21.176471 0.000000 0.228838 0.429457 0.000000 1.000000
214.876494 21.176471 0.000000 0.220052 0.523398 0.000000 1.000000
216.083665 21.176471 0.000000 0.139248 -0.131056 0.000000 1.000000
217.290837 21.176471 0.000000 -0.389415 -0.367043 0.000000 1.000000
218.498008 21.176471 0.000000 -0.204142 0.694158 0.000000 1.000000
219.705179 21.176471 0.000000 -0.238596 -0.084025 0.000000 1.000000
220.912351 21.176471 0.000000 -0.071838 0.372020 0.000000 1.000000
222.119522 21.176471 0.000000 0.458523 1.390663 0.000000 1.000000
223.326693 21.176471 0.000000 -0.985421 -0.166666 0.000000 1.000000
224.533865 21.176471 0.000000 0.404812 -1.197043 0.000000 1.000000
225.741036 21.176471 0.000000 1.230937 -0.087582 0.000000 1.000000
226.948207 21.176471 0.000000 -0.561818 0.680946 0.000000 1.000000
228.155378 21.176471 0.000000 -1.554602 0.144595 0.000000 1.000000
229.362550 21.176471 0.000000 -0.701472 -0.016025 0.000000 1.000000
230.569721 21.176471 0.000000 0.264123 0.554923 0.000000 1.000000
231.776892 21.176471 0.000000 0.290476 1.469819 0.000000 1.000000
232.984064 21.176471 0.000000 0.043448 -0.247261 0.000000 1.000000
234.191235 21.176471 0.000000 0.866620 -0.051658 0.000000 1.000000
235.398406 21.176471 0.000000 0.295346 -2.789555 0.000000 1.000000
236.605578 21.176471 0.000000 0.320115 -0.058350 0.000000 1.000000
237.812749 21.176471 0.000000 -0.307898 -0.469588 0.000000 1.000000
239.019920 21.176471 0.000000 0.638248 -1.449159 0.000000 1.000000
240.227092 21.176471 0.000000 2.226419 0.810605 0.000000 1.000000
241.434263 21.176471 0.000000 0.261114 1.338286 0.000000 1.000000
242.641434 21.176471 0.000000 0.193834 -0.638320 0.000000 1.000000
243.848606 21.176471 0.000000 0.725879 -1.162334 0.000000 1.000000
245.055777 21.176471 0.000000 0.423934 0.841704 0.000000 1.000000
246.262948 21.176471 0.000000 0.377902 -1.031638 0.000000 1.000000
247.470120 21.176471 0.000000 0.144664 -0.092517 0.000000 1.000000
248.677291 21.176471 0.000000 -0.525199 -1.640297 0.000000 1.000000
249.884462 21.176471 0.000000 -0.838651 -0.359554 0.000000 1.000000
251.091633 21.176471 0.000000 0.795510 1.941293 0.000000 1.000000
252.298805 21.176471 0.000000 0.605465 -0.562865 0.000000 1.000000
253.505976 21.176471 0.000000 -0.298095 0.759740 0.000000 1.000000
254.713147 21.176471 0.000000 0.433639 0.270939 0.000000 1.000000
255.920319 21.176471 0.000000 0.167980 0.842546 0.000000 1.000000
257.127490 21.176471 0.000000 1.580675 0.001309 0.000000 1.000000
258.334661 21.176471 0.000000 0.111898 0.351197 0.000000 1.000000
259.541833 21.176471 0.000000 -0.327171 -1.555903 0.000000 1.000000
260.749004 21.176471 0.000000 0.348744 -0.524200 0.000000 1.000000
261.956175 21.176471 0.000000 0.930603 0.123515 0.000000 1.000000
263.163347 21.176471 0.000000 1.058463 -0.611867 0.000000 1.000000
264.370518 21.176471 0.000000 0.799496 -1.159219 0.000000 1.000000
265.577689 21.176471 0.000000 0.662654 -0.173240 0.000000 1.000000
266.784861 21.176471 0.000000 0.662488 -0.258706 0.000000 1.000000
267.992032 21.176471 0.000000 0.482199 0.349935 0.000000 1.000000
269.199203 21.176471 0.000000 0.270555 0.307540 0.000000 1.000000
270.406375 21.176471 0.000000 1.187871 -0.402379 0.000000 1.000000
271.613546 21.176471 0.000000 0.991986 -0.255881 0.000000 1.000000
272.820717 21.176471 0.000000 0.853066 1.648951 0.000000 1.000000
274.027888 21.176471 0.000000 -0.564875 -1.530027 0.000000 1.000000
275.235060 21.176471 0.000000 0.115395 -0.494580 0.000000 1.000000
276.442231 21.176471 0.000000 -0.372654 -0.238306 0.000000 1.000000
277.649402 21.176471 0.000000 -0.377822 1.006391 0.000000 1.000000
278.856574 21.176471 0.000000 0.795396 0.814128 0.000000 1.000000
280.063745 21.176471 0.000000 1.634550 -0.550499 0.000000 1.000000
281.270916 21.176471 0.000000 -1.765867 1.425384 0.000000 1.000000
282.478088 21.176471 0.000000 0.176735 -0.044856 0.000000 1.000000
283.685259 21.176471 0.000000 -1.275230 -0.961274 0.000000 1.000000
284.892430 21.176471 0.000000 0.488873 -0.106698 0.000000 1.000000
286.099602 21.176471 0.000000 -1.522686 -0.670501 0.000000 1.000000
287.306773 21.176471 0.000000 0.741472 0.898676 0.000000 1.000000
288.513944 21.176471 0.000000 0.151056 1.998457 0.000000 1.000000
289.721116 21.176471 0.000000 0.725628 1.274569 0.000000 1.000000
290.928287 21.176471 0.000000 0.942405 0.582293 0.000000 1.000000
292.135458 21.176471 0.000000 -0.947335 -1.137106 0.000000 1.000000
293.342629 21.176471 0.000000 -0.524590 0.177205 0.000000 1.000000
294.549801 21.176471 0.000000 0.000388 0.259475 0.000000 1.000000
295.756972 21.176471 0.000000 -0.014517 0.332347 0.000000 1.000000
296.964143 21.176471 0.000000 0.697926 0.000140 0.000000 1.000000
298.171315 21.176471 0.000000 -0.204012 -1.859016 0.000000 1.000000
299.378486 21.176471 0.000000 0.616374 -0.552313 0.000000 1.000000
300.585657 21.176471 0.000000 -0.643237 0.608066 0.000000 1.000000
301.792829 21.176471 0.000000 0.649060 0.475327 0.000000 1.000000
1.207171 24.705882 0.000000 0.673502 -0.779099 0.000000 1.000000
2.414343 24.705882 0.000000 -0.162443 -0.394397 0.000000 1.000000
3.621514 24.705882 0.000000 1.222809 0.605320 0.000000 1.000000
4.828685 24.705882 0.000000 -0.172869 0.589517 0.000000 1.000000
6.035857 24.705882 0.000000 0.264580 -0.088522 0.000000 1.000000
7.243028 24.705882 0.000000 0.329759 0.595973 0.000000 1.000000
8.450199 24.705882 0.000000 -0.100893 -0.889711 0.000000 1.000000
9.657371 24.705882 0.000000 0.250351 -0.192200 0.000000 1.000000
10.864542 24.705882 0.000000 -0.810262 -0.548697 0.000000 1.000000
12.071713 24.705882 0.000000 -0.176770 0.013727 0.000000 1.000000
13.278884 24.705882 0.000000 0.396797 -0.155725 0.000000 1.000000
14.486056 24.705882 0.000000 0.317756 -0.269495 0.000000 1.000000
15.693227 24.705882 0.000000 0.385463 0.279534 0.000000 1.000000
16.900398 24.705882 0.000000 0.402088 1.010734 0.000000 1.000000
18.107570 24.705882 0.000000 -0.200371 -1.132086 0.000000 1.000000
19.314741 24.705882 0.000000 -0.055441 0.566873 0.000000 1.000000
20.521912 24.705882 0.000000 0.017258 0.219460 0.000000 1.000000
21.729084 24.705882 0.000000 -1.218479 -0.595310 0.000000 1.000000
22.936255 24.705882 0.000000 0.380554 0.544496 0.000000 1.000000
24.143426 24.705882 0.000000 -0.531008 0.254035 0.000000 1.000000
25.350598 24.705882 0.000000 -0.503134 -0.820383 0.000000 1.000000
26.557769 24.705882 0.000000 0.049834 0.147984 0.000000 1.000000
27.764940 24.705882 0.000000 0.279913 0.510738 0.000000 1.000000
28.972112 24.705882 0.000000 1.185523 0.665386 0.000000 1.000000
30.179283 24.705882 0.000000 -0.255535 0.658979 0.000000 1.000000
31.386454 24.705882 0.000000 -1.038068 0.065719 0.000000 1.000000
32.593625 24.705882 0.000000 0.744545 0.474759 0.000000 1.000000
33.800797 24.705882 0.000000 0.585278 1.345120 0.000000 1.000000
35.007968 24.705882 0.000000 -0.524160 0.556511 0.000000 1.000000
36.215139 24.705882 0.000000 -0.066376 0.782707 0.000000 1.000000
37.422311 24.705882 0.000000 0.082793 0.547534 0.000000 1.000000
38.629482 24.705882 0.000000 1.093355 0.440643 0.000000 1.000000
39.836653 24.705882 0.000000 -0.148739 -0.265468 0.000000 1.000000
41.043825 24.705882 0.000000 -0.491134 0.728576 0.000000 1.000000
42.250996 24.705882 0.000000 0.927571 -0.178237 0.000000 1.000000
43.458167 24.705882 0.000000 -1.279793 -0.453444 0.000000 1.000000
44.665339 24.705882 0.000000 0.306500 -0.674958 0.000000 1.000000
45.872510 24.705882 0.000000 -1.385242 -0.319739 0.000000 1.000000
47.079681 24.705882 0.000000 -1.443008 0.224641 0.000000 1.000000
48.286853 24.705882 0.000000 -0.283979 0.037134 0.000000 1.000000
49.494024 24.705882 0.000000 0.916498 -0.647489 0.000000 1.000000
50.701195 24.705882 0.000000 -1.519173 -0.025537 0.000000 1.000000
51.908367 24.705882 0.000000 0.331231 -1.016321 0.000000 1.000000
53.115538 24.705882 0.000000 -0.260916 -0.250987 0.000000 1.000000
54.322709 24.705882 0.000000 0.019295 -0.440702 0.000000 1.000000
55.529880 24.705882 0.000000 1.882976 -0.191059 0.000000 1.000000
56.737052 24.705882 0.000000 0.131516 -0.348253 0.000000 1.000000
57.944223 24.705882 0.000000 -1.869335 0.970965 0.000000 1.000000
59.151394 24.705882 0.000000 -2.232571 0.953934 0.000000 1.000000
60.358566 24.705882 0.000000 -0.934766 -0.966384 0.000000 1.000000
61.565737 24.705882 0.000000 -0.077380 1.547257 0.000000 1.000000
62.772908 24.705882 0.000000 0.225617 -0.140722 0.000000 1.000000
63.980080 24.705882 0.000000 -0.543245 0.454649 0.000000 1.000000
65.187251 24.705882 0.000000 -0.262070 0.499254 0.000000 1.000000
66.394422 24.705882 0.000000 -1.388764 0.368184 0.000000 1.000000
67.601594 24.705882 0.000000 0.224478 -0.967305 0.000000 1.000000
68.808765 24.705882 0.000000 -0.730559 -0.109692 0.000000 1.000000
70.015936 24.705882 0.000000 -0.344390 0.199598 0.000000 1.000000
71.223108 24.705882 0.000000 -1.014847 -0.630963 0.000000 1.000000
72.430279 24.705882 0.000000 1.494452 -0.601132 0.000000 1.000000
73.637450 24.705882 0.000000 -0.301680 -0.130693 0.000000 1.000000
74.844622 24.705882 0.000000 -0.197298 0.847925 0.000000 1.000000
76.051793 24.705882 0.000000 -0.404963 0.599045 0.000000 1.000000
77.258964 24.705882 0.000000 -0.605272 0.541168 0.000000 1.000000
78.466135 24.705882 0.000000 -0.151752 -0.129057 0.000000 1.000000
79.673307 24.705882 0.000000 -0.063039 0.383602 0.000000 1.000000
80.880478 24.705882 0.000000 -0.844282 -0.691694 0.000000 1.000000
82.087649 24.705882 0.000000 1.440160 0.352662 0.000000 1.000000
83.294821 24.705882 0.000000 -0.255558 0.448544 0.000000 1.000000
84.501992 24.705882 0.000000 -0.042900 -1.597465 0.000000 1.000000
85.709163 24.705882 0.000000 0.113701 -0.091660 0.000000 1.000000
86.916335 24.705882 0.000000 0.246499 -0.553296 0.000000 1.000000
88.123506 24.705882 0.000000 -0.156259 0.802123 0.000000 1.000000
89.330677 24.705882 0.000000 -0.107040 -0.308804 0.000000 1.000000
90.537849 24.705882 0.000000 0.257755 -0.284199 0.000000 1.000000
91.745020 24.705882 0.000000 0.754715 -0.128875 0.000000 1.000000
92.952191 24.705882 0.000000 0.256566 -0.503374 0.000000 1.000000
94.159363 24.705882 0.000000 -0.882703 0.503146 0.000000 1.000000
95.366534 24.705882 0.000000 0.184881 0.445256 0.000000 1.000000
96.573705 24.705882 0.000000 0.520536 -1.044406 0.000000 1.000000
97.780876 24.705882 0.000000 0.084325 -1.423809 0.000000 1.000000
98.988048 24.705882 0.000000 0.366867 -0.773137 0.000000 1.000000
100.195219 24.705882 0.000000 0.330059 0.507846 0.000000 1.000000
101.402390 24.705882 0.000000 -0.381836 -0.021778 0.000000 1.000000
102.609562 24.705882 0.000000 0.863932 -1.174964 0.000000 1.000000
103.816733 24.705882 0.000000 0.454741 0.078224 0.000000 1.000000
105.023904 24.705882 0.000000 0.670064 -1.173545 0.000000 1.000000
106.231076 24.705882 0.000000 0.002124 0.775303 0.000000 1.000000
107.438247 24.705882 0.000000 0.960698 -0.549426 0.000000 1.000000
108.645418 24.705882 0.000000 -0.198038 1.296594 0.000000 1.000000
109.852590 24.705882 0.000000 -1.004336 -0.037830 0.000000 1.000000
111.059761 24.705882 0.000000 0.125082 0.118213 0.000000 1.000000
112.266932 24.705882 0.000000 -0.660988 0.676502 0.000000 1.000000
113.474104 24.705882 0.000000 0.627912 1.278723 0.000000 1.000000
114.681275 24.705882 0.000000 -0.561089 -0.346090 0.000000 1.000000
115.888446 24.705882 0.000000 0.775032 1.278150 0.000000 1.000000
117.095618 24.705882 0.000000 -0.007429 -1.085959 0.000000 1.000000
118.302789 24.705882 0.000000 -0.153168 0.676675 0.000000 1.000000
119.509960 24.705882 0.000000 0.479114 0.781490 0.000000 1.000000
120.717131 24.705882 0.000000 1.360752 -0.310470 0.000000 1.000000
121.924303 24.705882 0.000000 -0.639911 -0.855924 0.000000 1.000000
123.131474 24.705882 0.000000 -0.087196 0.715116 0.000000 1.000000
124.338645 24.705882 0.000000 1.220926 0.149213 0.000000 1.000000
125.545817 24.705882 0.000000 0.010041 -0.099446 0.000000 1.000000
126.752988 24.705882 0.000000 0.866811 -0.544301 0.000000 1.000000
127.960159 24.705882 0.000000 -0.074572 -0.060205 0.000000 1.000000
129.167331 24.705882 0.000000 -0.019582 1.273122 0.000000 1.000000
130.374502 24.705882 0.000000 -0.631096 1.730659 0.000000 1.000000
131.581673 24.705882 0.000000 -0.463746 -0.585654 0.000000 1.000000
132.788845 24.705882 0.000000 -0.467682 0.453239 0.000000 1.000000
133.996016 24.705882 0.000000 -0.010333 0.787342 0.000000 1.000000
135.203187 24.705882 0.000000 -0.582795 -1.188624 0.000000 1.000000
136.410359 24.705882 0.000000 -0.262666 0.192349 0.000000 1.000000
137.617530 24.705882 0.000000 -1.039650 -0.080797 0.000000 1.000000
138.824701 24.705882 0.000000 0.378337 -0.575874 0.000000 1.000000
140.031873 24.705882 0.000000 -0.583019 -0.779887 0.000000 1.000000
141.239044 24.705882 0.000000 -0.101813 0.317190 0.000000 1.000000
142.446215 24.705882 0.000000 1.942439 0.818448 0.000000 1.000000
143.653386 24.705882 0.000000 -0.892537 -1.092161 0.000000 1.000000
144.860558 24.705882 0.000000 -0.078356 1.106082 0.000000 1.000000
146.067729 24.705882 0.000000 0.464290 -0.378355 0.000000 1.000000
147.274900 24.705882 0.000000 0.707890 0.968454 0.000000 1.000000
148.482072 24.705882 0.000000 1.033230 -0.759550 0.000000 1.000000
149.689243 24.705882 0.000000 0.308926 -0.911410 0.000000 1.000000
150.896414 24.705882 0.000000 -0.569925 -0.909591 0.000000 1.000000
152.103586 24.705882 0.000000 -0.185605 -1.020894 0.000000 1.000000
153.310757 24.705882 0.000000 0.547578 -0.014196 0.000000 1.000000
154.517928 24.705882 0.000000 -0.611643 0.337775 0.000000 1.000000
155.725100 24.705882 0.000000 1.082025 0.238743 0.000000 1.000000
156.932271 24.705882 0.000000 -0.413086 -0.206197 0.000000 1.000000
158.139442 24.705882 0.000000 -0.074000 -0.501541 0.000000 1.000000
159.346614 24.705882 0.000000 -1.210751 -0.273120 0.000000 1.000000
160.553785 24.705882 0.000000 0.878360 -0.590429 0.000000 1.000000
161.760956 24.705882 0.000000 -1.365330 -0.068260 0.000000 1.000000
162.968127 24.705882 0.000000 0.779426 -1.223422 0.000000 1.000000
164.175299 24.705882 0.000000 0.134000 0.285455 0.000000 1.000000
165.382470 24.705882 0.000000 0.379238 0.388444 0.000000 1.000000
166.589641 24.705882 0.000000 0.429642 -1.125497 0.000000 1.000000
167.796813 24.705882 0.000000 0.435243 0.968568 0.000000 1.000000
169.003984 24.705882 0.000000 -0.157109 0.257152 0.000000 1.000000
170.211155 24.705882 0.000000 -0.717677 0.915865 0.000000 1.000000
171.418327 24.705882 0.000000 -0.437638 1.160880 0.000000 1.000000
172.625498 24.705882 0.000000 -0.269036 0.473771 0.000000 1.000000
173.832669 24.705882 0.000000 -0.377560 1.322290 0.000000 1.000000
175.039841 24.705882 0.000000 -1.394886 0.255666 0.000000 1.000000
176.247012 24.705882 0.000000 -1.470767 -0.857387 0.000000 1.000000
177.454183 24.705882 0.000000 1.337465 0.636587 0.000000 1.000000
178.661355 24.705882 0.000000 -1.422043 -0.009746 0.000000 1.000000
179.868526 24.705882 0.000000 -0.438548 0.397426 0.000000 1.000000
181.075697 24.705882 0.000000 1.308059 0.456892 0.000000 1.000000
182.282869 24.705882 0.000000 0.306969 0.353758 0.000000 1.000000
183.490040 24.705882 0.000000 -0.772897 0.490296 0.000000 1.000000
184.697211 24.705882 0.000000 0.650937 -0.438483 0.000000 1.000000
185.904382 24.705882 0.000000 -0.454681 1.019810 0.000000 1.000000
187.111554 24.705882 0.000000 0.147496 -0.809687 0.000000 1.000000
188.318725 24.705882 0.000000 -0.300250 -0.328996 0.000000 1.000000
189.525896 24.705882 0.000000 -0.045994 -0.056898 0.000000 1.000000
190.733068 24.705882 0.000000 -0.176641 1.178170 0.000000 1.000000
191.940239 24.705882 0.000000 0.588135 1.043151 0.000000 1.000000
193.147410 24.705882 0.000000 -1.198677 0.073107 0.000000 1.000000
194.354582 24.705882 0.000000 0.830316 0.507462 0.000000 1.000000
195.561753 24.705882 0.000000 -0.480748 -0.540029 0.000000 1.000000
196.768924 24.705882 0.000000 0.678460 -0.155752 0.000000 1.000000
197.976096 24.705882 0.000000 0.458042 0.105262 0.000000 1.000000
199.183267 24.705882 0.000000 -0.083560 0.079711 0.000000 1.000000
200.390438 24.705882 0.000000 -0.586994 1.197437 0.000000 1.000000
201.597610 24.705882 0.000000 0.387245 0.984000 0.000000 1.000000
202.804781 24.705882 0.000000 -0.374575 -0.387698 0.000000 1.000000
204.011952 24.705882 0.000000 -0.226116 -0.614718 0.000000 1.000000
205.219124 24.705882 0.000000 0.479150 0.498337 0.000000 1.000000
206.426295 24.705882 0.000000 -0.363217 -0.231518 0.000000 1.000000
207.633466 24.705882 0.000000 0.265922 -0.537642 0.000000 1.000000
208.840637 24.705882 0.000000 -0.289815 1.097950 0.000000 1.000000
210.047809 24.705882 0.000000 -0.528285 -0.370930 0.000000 1.000000
211.254980 24.705882 0.000000 1.770735 -1.509053 0.000000 1.000000
212.462151 24.705882 0.000000 -0.837856 1.265403 0.000000 1.000000
213.669323 24.705882 0.000000 -0.289970 0.347952 0.000000 1.000000
214.876494 24.705882 0.000000 1.498448 -0.512503 0.000000 1.000000
216.083665 24.705882 0.000000 -0.418635 0.284988 0.000000 1.000000
217.290837 24.705882 0.000000 -0.053991 -0.376661 0.000000 1.000000
218.498008 24.705882 0.000000 -0.094650 -0.944609 0.000000 1.000000
219.705179 24.705882 0.000000 0.328940 0.584595 0.000000 1.000000
220.912351 24.705882 0.000000 -0.114540 -0.163741 0.000000 1.000000
222.119522 24.705882 0.000000 0.387672 -0.386072 0.000000 1.000000
223.326693 24.705882 0.000000 -0.218258 -0.053801 0.000000 1.000000
224.533865 24.705882 0.000000 1.040493 -0.040285 0.000000 1.000000
225.741036 24.705882 0.000000 -0.080794 -0.121551 0.000000 1.000000
226.948207 24.705882 0.000000 -0.271760 -0.687782 0.000000 1.000000
228.155378 24.705882 0.000000 -0.650288 0.602879 0.000000 1.000000
229.362550 24.705882 0.000000 -0.402794 0.059821 0.000000 1.000000
230.569721 24.705882 0.000000 -0.337150 -0.944458 0.000000 1.000000
231.776892 24.705882 0.000000 -0.329006 0.982304 0.000000 1.000000
232.984064 24.705882 0.000000 -0.293530 -0.483750 0.000000 1.000000
234.191235 24.705882 0.000000 -0.302931 -0.242105 0.000000 1.000000
235.398406 24.705882 0.000000 0.161204 -0.296561 0.000000 1.000000
236.605578 24.705882 0.000000 -0.069388 -0.352612 0.000000 1.000000
237.812749 24.705882 0.000000 0.252415 0.214612 0.000000 1.000000
239.019920 24.705882 0.000000 0.149307 0.442207 0.000000 1.000000
240.227092 24.705882 0.000000 -0.070556 0.852202 0.000000 1.000000
241.434263 24.705882 0.000000 0.329271 1.046577 0.000000 1.000000
242.641434 24.705882 0.000000 -0.056741 0.186941 0.000000 1.000000
243.848606 24.705882 0.000000 -0.482751 0.005569 0.000000 1.000000
245.055777 24.705882 0.000000 0.578057 -0.263927 0.000000 1.000000
246.262948 24.705882 0.000000 1.054751 0.012672 0.000000 1.000000
247.470120 24.705882 0.000000 1.119098 -0.747097 0.000000 1.000000
248.677291 24.705882 0.000000 -0.196147 -0.356461 0.000000 1.000000
249.884462 24.705882 0.000000 0.714248 0.448554 0.000000 1.000000
251.091633 24.705882 0.000000 -0.054409 -0.327779 0.000000 1.000000
252.298805 24.705882 0.000000 -0.019353 0.506879 0.000000 1.000000
253.505976 24.705882 0.000000 0.590582 -0.047637 0.000000 1.000000
254.713147 24.705882 0.000000 -0.316508 0.066691 0.000000 1.000000
255.920319 24.705882 0.000000 0.091033 0.173091 0.000000 1.000000
257.127490 24.705882 0.000000 -0.321046 1.225218 0.000000 1.000000
258.334661 24.705882 0.000000 -0.445000 1.063997 0.000000 1.000000
259.541833 24.705882 0.000000 0.985093 0.664229 0.000000 1.000000
260.749004 24.705882 0.000000 1.324787 0.387555 0.000000 1.000000
261.956175 24.705882 0.000000 -0.224307 -0.375349 0.000000 1.000000
263.163347 24.705882 0.000000 -0.474899 0.586611 0.000000 1.000000
264.370518 24.705882 0.000000 -1.047320 -1.011239 0.000000 1.000000
265.577689 24.705882 0.000000 1.083248 0.710734 0.000000 1.000000
266.784861 24.705882 0.000000 0.292600 0.647425 0.000000 1.000000
267.992032 24.705882 0.000000 0.547132 -0.137618 0.000000 1.000000
269.199203 24.705882 0.000000 -1.038860 0.901800 0.000000 1.000000
270.406375 24.705882 0.000000 0.315132 -0.978614 0.000000 1.000000
271.613546 24.705882 0.000000 0.100242 -0.336918 0.000000 1.000000
272.820717 24.705882 0.000000 -0.081949 -0.237392 0.000000 1.000000
274.027888 24.705882 0.000000 0.389387 -0.152853 0.000000 1.000000
275.235060 24.705882 0.000000 -0.817052 0.470408 0.000000 1.000000
276.442231 24.705882 0.000000 0.343137 -1.013660 0.000000 1.000000
277.649402 24.705882 0.000000 0.288922 0.622165 0.000000 1.000000
278.856574 24.705882 0.000000 -0.108209 0.127228 0.000000 1.000000
280.063745 24.705882 0.000000 -0.540839 -1.242969 0.000000 1.000000
281.270916 24.705882 0.000000 0.368614 -0.067626 0.000000 1.000000
282.478088 24.705882 0.000000 0.303399 -0.171495 0.000000 1.000000
283.685259 24.705882 0.000000 -0.184476 0.109279 0.000000 1.000000
284.892430 24.705882 0.000000 -0.045151 0.607071 0.000000 1.000000
286.099602 24.705882 0.000000 -0.300111 -1.026825 0.000000 1.000000
287.306773 24.705882 0.000000 0.101527 -0.926985 0.000000 1.000000
288.513944 24.705882 0.000000 -1.792167 -0.781022 0.000000 1.000000
289.721116 24.705882 0.000000 -0.310505 -0.568299 0.000000 1.000000
290.928287 24.705882 0.000000 -1.086965 -0.164330 0.000000 1.000000
292.135458 24.705882 0.000000 0.859795 0.581005 0.000000 1.000000
293.342629 24.705882 0.000000 0.005447 0.645849 0.000000 1.000000
294.549801 24.705882 0.000000 -0.311781 -0.629147 0.000000 1.000000
295.756972 24.705882 0.000000 0.479367 -0.771687 0.000000 1.000000
296.964143 24.705882 0.000000 0.235805 -0.023634 0.000000 1.000000
298.171315 24.705882 0.000000 -0.256877 -0.329378 0.000000 1.000000
299.378486 24.705882 0.000000 0.803759 -1.129332 0.000000 1.000000
300.585657 24.705882 0.000000 0.189834 -0.209531 0.000000 1.000000
301.792829 24.705882 0.000000 -0.524640 0.022056 0.000000 1.000000
1.207171 28.235294 0.000000 0.222930 -0.047868 0.000000 1.000000
2.414343 28.235294 0.000000 0.172892 0.994962 0.000000 1.000000
3.621514 28.235294 0.000000 -0.425275 0.290054 0.000000 1.000000
4.828685 28.235294 0.000000 -1.229750 0.317634 0.000000 1.000000
6.035857 28.235294 0.000000 -1.320503 0.440959 0.000000 1.000000
7.243028 28.235294 0.000000 -0.336376 0.110577 0.000000 1.000000
8.450199 28.235294 0.000000 -1.029559 0.011506 0.000000 1.000000
9.657371 28.235294 0.000000 0.582289 0.432817 0.000000 1.000000
10.864542 28.235294 0.000000 -0.012574 -0.010058 0.000000 1.000000
12.071713 28.235294 0.000000 0.809570 0.514942 0.000000 1.000000
13.278884 28.235294 0.000000 -0.442150 -0.415483 0.000000 1.000000
14.486056 28.235294 0.000000 -0.481114 -0.030689 0.000000 1.000000
15.693227 28.235294 0.000000 -0.821093 -1.531681 0.000000 1.000000
16.900398 28.235294 0.000000 -0.154743 0.173333 0.000000 1.000000
18.107570 28.235294 0.000000 0.131446 0.761723 0.000000 1.000000
19.314741 28.235294 0.000000 -0.914314 -0.368337 0.000000 1.000000
20.521912 28.235294 0.000000 -1.020325 0.168346 0.000000 1.000000
21.729084 28.235294 0.000000 -0.074328 -0.345475 0.000000 1.000000
22.936255 28.235294 0.000000 0.028928 -0.505326 0.000000 1.000000
24.143426 28.235294 0.000000 -0.723060 1.112106 0.000000 1.000000
25.350598 28.235294 0.000000 0.572624 -0.135705 0.000000 1.000000
26.557769 28.235294 0.000000 -1.090341 -0.157010 0.000000 1.000000
27.764940 28.235294 0.000000 0.405681 0.114645 0.000000 1.000000
28.972112 28.235294 0.000000 0.713196 0.862053 0.000000 1.000000
30.179283 28.235294 0.000000 -0.060161 -0.336467 0.000000 1.000000
31.386454 28.235294 0.000000 -0.349965 -0.297852 0.000000 1.000000
32.593625 28.235294 0.000000 0.639237 -0.305400 0.000000 1.000000
33.800797 28.235294 0.000000 -1.188866 0.323299 0.000000 1.000000
35.007968 28.235294 0.000000 -0.070332 -0.335834 0.000000 1.000000
36.215139 28.235294 0.000000 -1.388786 0.821871 0.000000 1.000000
37.422311 28.235294 0.000000 0.492018 -0.809378 0.000000 1.000000
38.629482 28.235294 0.000000 0.106944 -0.771795 0.000000 1.000000
39.836653 28.235294 0.000000 -0.962468 -1.489490 0.000000 1.000000
41.043825 28.235294 0.000000 0.550696 0.616713 0.000000 1.000000
42.250996 28.235294 0.000000 -0.219466 -0.047795 0.000000 1.000000
43.458167 28.235294 0.000000 1.240550 -0.539627 0.000000 1.000000
44.665339 28.235294 0.000000 -0.838123 0.084706 0.000000 1.000000
45.872510 28.235294 0.000000 0.388178 -0.215411 0.000000 1.000000
47.079681 28.235294 0.000000 -1.008771 -0.547982 0.000000 1.000000
48.286853 28.235294 0.000000 0.483996 0.499925 0.000000 1.000000
49.494024 28.235294 0.000000 -1.181732 -0.869995 0.000000 1.000000
50.701195 28.235294 0.000000 -0.696983 -0.023475 0.000000 1.000000
51.908367 28.235294 0.000000 1.560080 -0.207588 0.000000 1.000000
53.115538 28.235294 0.000000 0.043539 -0.569148 0.000000 1.000000
54.322709 28.235294 0.000000 1.827717 -0.431105 0.000000 1.000000
55.529880 28.235294 0.000000 -0.362237 0.104982 0.000000 1.000000
56.737052 28.235294 0.000000 -0.936843 0.566401 0.000000 1.000000
57.944223 28.235294 0.000000 -0.006266 -0.601375 0.000000 1.000000
59.151394 28.235294 0.000000 -0.421676 -1.344767 0.000000 1.000000
60.358566 28.235294 0.000000 -0.393213 -1.613883 0.000000 1.000000
61.565737 28.235294 0.000000 -0.318902 -0.355905 0.000000 1.000000
62.772908 28.235294 0.000000 -0.416848 -0.417620 0.000000 1.000000
63.980080 28.235294 0.000000 -0.595745 0.867111 0.000000 1.000000
65.187251 28.235294 0.000000 1.017314 -0.125379 0.000000 1.000000
66.394422 28.235294 0.000000 0.808322 -0.222209 0.000000 1.000000
67.601594 28.235294 0.000000 -0.214228 -0.591517 0.000000 1.000000
68.808765 28.235294 0.000000 0.492808 0.431556 0.000000 1.000000
70.015936 28.235294 0.000000 -0.912878 0.107640 0.000000 1.000000
71.223108 28.235294 0.000000 -0.365968 -0.643236 0.000000 1.000000
72.430279 28.235294 0.000000 -0.018547 -1.362306 0.000000 1.000000
73.637450 28.235294 0.000000 -0.307218 1.330608 0.000000 1.000000
74.844622 28.235294 0.000000 0.307691 -0.808455 0.000000 1.000000
76.051793 28.235294 0.000000 0.390916 0.057179 0.000000 1.000000
77.258964 28.235294 0.000000 -0.227224 -0.419681 0.000000 1.000000
78.466135 28.235294 0.000000 0.000111 -0.424370 0.000000 1.000000
79.673307 28.235294 0.000000 -0.122846 0.517426 0.000000 1.000000
80.880478 28.235294 0.000000 0.576421 -0.922219 0.000000 1.000000
82.087649 28.235294 0.000000 -0.331578 1.130776 0.000000 1.000000
83.294821 28.235294 0.000000 1.269972 0.255984 0.000000 1.000000
84.501992 28.235294 0.000000 1.137764 0.848835 0.000000 1.000000
85.709163 28.235294 0.000000 -0.093706 -1.417075 0.000000 1.000000
86.916335 28.235294 0.000000 -0.043631 -0.912124 0.000000 1.000000
88.123506 28.235294 0.000000 0.096055 1.229266 0.000000 1.000000
89.330677 28.235294 0.000000 0.175485 -0.560678 0.000000 1.000000
90.537849 28.235294 0.000000 -0.827220 -1.393499 0.000000 1.000000
91.745020 28.235294 0.000000 -1.348139 1.144816 0.000000 1.000000
92.952191 28.235294 0.000000 0.604877 -0.098139 0.000000 1.000000
94.159363 28.235294 0.000000 -0.108541 -0.042230 0.000000 1.000000
95.366534 28.235294 0.000000 -0.008671 0.978894 0.000000 1.000000
96.573705 28.235294 0.000000 0.275483 -1.407277 0.000000 1.000000
97.780876 28.235294 0.000000 0.749627 -1.370067 0.000000 1.000000
98.988048 28.235294 0.000000 -0.287599 -0.985575 0.000000 1.000000
100.195219 28.235294 0.000000 0.028162 -0.894413 0.000000 1.000000
101.402390 28.235294 0.000000 -0.974620 -0.745490 0.000000 1.000000
102.609562 28.235294 0.000000 0.575076 -0.136809 0.000000 1.000000
103.816733 28.235294 0.000000 0.471398 0.956396 0.000000 1.000000
105.023904 28.235294 0.000000 0.168158 0.397642 0.000000 1.000000
106.231076 28.235294 0.000000 -0.685907 -0.065275 0.000000 1.000000
107.438247 28.235294 0.000000 -0.812732 0.386129 0.000000 1.000000
108.645418 28.235294 0.000000 0.640418 0.677467 0.000000 1.000000
109.852590 28.235294 0.000000 -0.020339 0.627701 0.000000 1.000000
111.059761 28.235294 0.000000 -0.103141 -0.402505 0.000000 1.000000
112.266932 28.235294 0.000000 0.354630 0.507849 0.000000 1.000000
113.474104 28.235294 0.000000 1.557848 0.510092 0.000000 1.000000
114.681275 28.235294 0.000000 -0.778856 -0.697113 0.000000 1.000000
115.888446 28.235294 0.000000 -0.920823 0.049230 0.000000 1.000000
117.095618 28.235294 0.000000 -0.777971 0.957830 0.000000 1.000000
118.302789 28.235294 0.000000 -0.206503 0.448307 0.000000 1.000000
119.509960 28.235294 0.000000 0.106888 0.237637 0.000000 1.000000
120.717131 28.235294 0.000000 -0.733299 -0.029161 0.000000 1.000000
121.924303 28.235294 0.000000 -0.302571 -0.077101 0.000000 1.000000
123.131474 28.235294 0.000000 0.087792 0.476393 0.000000 1.000000
124.338645 28.235294 0.000000 -0.329575 0.576895 0.000000 1.000000
125.545817 28.235294 0.000000 0.232427 1.153301 0.000000 1.000000
126.752988 28.235294 0.000000 -2.342735 -0.459924 0.000000 1.000000
127.960159 28.235294 0.000000 0.889572 -1.788272 0.000000 1.000000
129.167331 28.235294 0.000000 1.049420 0.052648 0.000000 1.000000
130.374502 28.235294 0.000000 -1.444451 0.507589 0.000000 1.000000
131.581673 28.235294 0.000000 -0.744658 -0.650936 0.000000 1.000000
132.788845 28.235294 0.000000 1.035285 -0.279060 0.000000 1.000000
133.996016 28.235294 0.000000 -0.678742 1.414362 0.000000 1.000000
135.203187 28.235294 0.000000 0.656579 -0.242057 0.000000 1.000000
136.410359 28.235294 0.000000 -0.558625 -0.149703 0.000000 1.000000
137.617530 28.235294 0.000000 1.114938 -0.700218 0.000000 1.000000
138.824701 28.235294 0.000000 -0.901144 0.895762 0.000000 1.000000
140.031873 28.235294 0.000000 -0.199867 0.065552 0.000000 1.000000
141.239044 28.235294 0.000000 0.370769 -0.281305 0.000000 1.000000
142.446215 28.235294 0.000000 -1.714461 -0.155507 0.000000 1.000000
143.653386 28.235294 0.000000 0.877176 1.530671 0.000000 1.000000
144.860558 28.235294 0.000000 -0.083723 -0.025754 0.000000 1.000000
146.067729 28.235294 0.000000 0.965154 0.415744 0.000000 1.000000
147.274900 28.235294 0.000000 0.208515 -1.404939 0.000000 1.000000
148.482072 28.235294 0.000000 -0.294780 0.146372 0.000000 1.000000
149.689243 28.235294 0.000000 -1.070966 -0.264316 0.000000 1.000000
150.896414 28.235294 0.000000 1.207726 -0.187314 0.000000 1.000000
152.103586 28.235294 0.000000 -1.014622 -1.339864 0.000000 1.000000
153.310757 28.235294 0.000000 -0.008358 -0.413993 0.000000 1.000000
154.517928 28.235294 0.000000 -0.614511 0.155392 0.000000 1.000000
155.725100 28.235294 0.000000 0.201011 0.117966 0.000000 1.000000
156.932271 28.235294 0.000000 0.247458 -0.874512 0.000000 1.000000
158.139442 28.235294 0.000000 -0.453280 -0.236112 0.000000 1.000000
159.346614 28.235294 0.000000 -0.038435 0.694253 0.000000 1.000000
160.553785 28.235294 0.000000 -0.515286 -0.555307 0.000000 1.000000
161.760956 28.235294 0.000000 1.051363 0.106560 0.000000 1.000000
162.968127 28.235294 0.000000 -0.988941 -0.225372 0.000000 1.000000
164.175299 28.235294 0.000000 -0.874494 -0.809436 0.000000 1.000000
165.382470 28.235294 0.000000 -0.943842 -0.568322 0.000000 1.000000
166.589641 28.235294 0.000000 1.456064 0.709036 0.000000 1.000000
167.796813 28.235294 0.000000 0.976612 0.763576 0.000000 1.000000
169.003984 28.235294 0.000000 -0.095752 0.279793 0.000000 1.000000
170.211155 28.235294 0.000000 0.072328 -0.760724 0.000000 1.000000
171.418327 28.235294 0.000000 -0.822340 0.631162 0.000000 1.000000
172.625498 28.235294 0.000000 -0.861911 0.136595 0.000000 1.000000
173.832669 28.235294 0.000000 0.460730 0.526784 0.000000 1.000000
175.039841 28.235294 0.000000 0.260733 -0.854524 0.000000 1.000000
176.247012 28.235294 0.000000 0.381742 -0.103249 0.000000 1.000000
177.454183 28.235294 0.000000 -0.691609 -1.411743 0.000000 1.000000
178.661355 28.235294 0.000000 0.318676 -1.103225 0.000000 1.000000
179.868526 28.235294 0.000000 -1.207640 1.230482 0.000000 1.000000
181.075697 28.235294 0.000000 -0.849874 -0.302451 0.000000 1.000000
182.282869 28.235294 0.000000 0.050390 0.044171 0.000000 1.000000
183.490040 28.235294 0.000000 -0.721136 -0.506343 0.000000 1.000000
184.697211 28.235294 0.000000 0.569307 -0.202612 0.000000 1.000000
185.904382 28.235294 0.000000 -0.016744 -1.534672 0.000000 1.000000
187.111554 28.235294 0.000000 -0.406041 0.600801 0.000000 1.000000
188.318725 28.235294 0.000000 -0.516000 -0.678315 0.000000 1.000000
189.525896 28.235294 0.000000 0.264720 0.417834 0.000000 1.000000
190.733068 28.235294 0.000000 0.235614 -0.405962 0.000000 1.000000
191.940239 28.235294 0.000000 0.529689 1.146374 0.000000 1.000000
193.147410 28.235294 0.000000 0.826914 -1.110925 0.000000 1.000000
194.354582 28.235294 0.000000 2.071089 -0.942824 0.000000 1.000000
195.561753 28.235294 0.000000 -0.867230 0.209758 0.000000 1.000000
196.768924 28.235294 0.000000 -0.067099 0.250032 0.000000 1.000000
197.976096 28.235294 0.000000 0.927095 0.652490 0.000000 1.000000
199.183267 28.235294 0.000000 -0.632161 0.045478 0.000000 1.000000
200.390438 28.235294 0.000000 0.714656 0.739040 0.000000 1.000000
201.597610 28.235294 0.000000 0.794733 0.572543 0.000000 1.000000
202.804781 28.235294 0.000000 0.500186 -0.368592 0.000000 1.000000
204.011952 28.235294 0.000000 -0.932469 0.293197 0.000000 1.000000
205.219124 28.235294 0.000000 -0.321423 0.874523 0.000000 1.000000
206.426295 28.235294 0.000000 -0.617369 -0.275023 0.000000 1.000000
207.633466 28.235294 0.000000 -0.303088 0.678273 0.000000 1.000000
208.840637 28.235294 0.000000 0.530976 0.010655 0.000000 1.000000
210.047809 28.235294 0.000000 0.206112 1.136328 0.000000 1.000000
211.254980 28.235294 0.000000 -1.246767 0.523460 0.000000 1.000000
212.462151 28.235294 0.000000 0.763282 0.853140 0.000000 1.000000
213.669323 28.235294 0.000000 0.567077 -0.552721 0.000000 1.000000
214.876494 28.235294 0.000000 -0.381535 0.462750 0.000000 1.000000
216.083665 28.235294 0.000000 -0.417073 -0.145730 0.000000 1.000000
217.290837 28.235294 0.000000 -1.064748 -0.848668 0.000000 1.000000
218.498008 28.235294 0.000000 0.244748 -0.306710 0.000000 1.000000
219.705179 28.235294 0.000000 -0.536893 -0.138281 0.000000 1.000000
220.912351 28.235294 0.000000 0.212739 -0.190212 0.000000 1.000000
222.119522 28.235294 0.000000 0.121655 0.057084 0.000000 1.000000
223.326693 28.235294 0.000000 -0.178215 -0.013508 0.000000 1.000000
224.533865 28.235294 0.000000 -0.627769 -0.360162 0.000000 1.000000
225.741036 28.235294 0.000000 -1.299382 -0.830271 0.000000 1.000000
226.948207 28.235294 0.000000 -0.839748 -0.287535 0.000000 1.000000
228.155378 28.235294 0.000000 0.798883 -0.011868 0.000000 1.000000
229.362550 28.235294 0.000000 0.106019 -0.671890 0.000000 1.000000
230.569721 28.235294 0.000000 0.202642 1.193614 0.000000 1.000000
231.776892 28.235294 0.000000 -0.062065 -0.588656 0.000000 1.000000
232.984064 28.235294 0.000000 -0.824774 0.180419 0.000000 1.000000
234.191235 28.235294 0.000000 -0.665981 0.498960 0.000000 1.000000
235.398406 28.235294 0.000000 -0.716193 -1.176533 0.000000 1.000000
236.605578 28.235294 0.000000 0.339002 -0.920268 0.000000 1.000000
237.812749 28.235294 0.000000 0.428226 0.728091 0.000000 1.000000
239.019920 28.235294 0.000000 -0.419558 0.141812 0.000000 1.000000
240.227092 28.235294 0.000000 0.984028 -0.334166 0.000000 1.000000
241.434263 28.235294 0.000000 1.129901 -0.237806 0.000000 1.000000
242.641434 28.235294 0.000000 -0.663437 0.063493 0.000000 1.000000
243.848606 28.235294 0.000000 0.158812 0.796635 0.000000 1.000000
245.055777 28.235294 0.000000 0.626413 0.255811 0.000000 1.000000
246.262948 28.235294 0.000000 0.463616 0.122420 0.000000 1.000000
247.470120 28.235294 0.000000 0.559727 -0.372263 0.000000 1.000000
248.677291 28.235294 0.000000 -0.764946 0.141991 0.000000 1.000000
249.884462 28.235294 0.000000 1.901145 0.565635 0.000000 1.000000
251.091633 28.235294 0.000000 -0.495362 0.980163 0.000000 1.000000
252.298805 28.235294 0.000000 -1.318768 -0.183600 0.000000 1.000000
253.505976 28.235294 0.000000 0.280644 -0.481532 0.000000 1.000000
254.713147 28.235294 0.000000 -0.420530 -0.125689 0.000000 1.000000
255.920319 28.235294 0.000000 -0.383983 -0.559957 0.000000 1.000000
257.127490 28.235294 0.000000 -0.767036 -1.108608 0.000000 1.000000
258.334661 28.235294 0.000000 -0.683732 -0.077289 0.000000 1.000000
259.541833 28.235294 0.000000 0.711236 -0.474573 0.000000 1.000000
260.749004 28.235294 0.000000 -0.857173 1.129741 0.000000 1.000000
261.956175 28.235294 0.000000 -0.808781 0.061405 0.000000 1.000000
263.163347 28.235294 0.000000 -0.662496 -0.513837 0.000000 1.000000
264.370518 28.235294 0.000000 0.272966 0.320606 0.000000 1.000000
265.577689 28.235294 0.000000 0.898365 0.467404 0.000000 1.000000
266.784861 28.235294 0.000000 0.108541 0.436158 0.000000 1.000000
267.992032 28.235294 0.000000 -0.728868 0.850485 0.000000 1.000000
269.199203 28.235294 0.000000 0.376275 0.340854 0.000000 1.000000
270.406375 28.235294 0.000000 0.422833 -1.051796 0.000000 1.000000
271.613546 28.235294 0.000000 -0.802187 0.088057 0.000000 1.000000
272.820717 28.235294 0.000000 0.102109 0.401132 0.000000 1.000000
274.027888 28.235294 0.000000 0.074985 -0.135951 0.000000 1.000000
275.235060 28.235294 0.000000 0.889012 0.241702 0.000000 1.000000
276.442231 28.235294 0.000000 0.527592 0.839658 0.000000 1.000000
277.649402 28.235294 0.000000 0.893379 0.219159 0.000000 1.000000
278.856574 28.235294 0.000000 0.512826 0.182612 0.000000 1.000000
280.063745 28.235294 0.000000 0.758012 1.607163 0.000000 1.000000
281.270916 28.235294 0.000000 -0.739228 -0.537745 0.000000 1.000000
282.478088 28.235294 0.000000 1.119458 0.126133 0.000000 1.000000
283.685259 28.235294 0.000000 -0.304364 -0.496302 0.000000 1.000000
284.892430 28.235294 0.000000 0.662486 0.390754 0.000000 1.000000
286.099602 28.235294 0.000000 1.419315 -0.069967 0.000000 1.000000
287.306773 28.235294 0.000000 0.637136 1.163995 0.000000 1.000000
288.513944 28.235294 0.000000 -1.014308 -0.750341 0.000000 1.000000
289.721116 28.235294 0.000000 0.191549 -0.410347 0.000000 1.000000
290.928287 28.235294 0.000000 -0.298410 -0.472824 0.000000 1.000000
292.135458 28.235294 0.000000 -0.104973 -0.644724 0.000000 1.000000
293.342629 28.235294 0.000000 -0.905292 0.266880 0.000000 1.000000
294.549801 28.235294 0.000000 0.087887 0.686685 0.000000 1.000000
295.756972 28.235294 0.000000 0.368697 0.294299 0.000000 1.000000
296.964143 28.235294 0.000000 0.531998 -0.652383 0.000000 1.000000
298.171315 28.235294 0.000000 -0.352836 0.188877 0.000000 1.000000
299.378486 28.235294 0.000000 0.660681 0.451702 0.000000 1.000000
300.585657 28.235294 0.000000 -0.150267 -0.137207 0.000000 1.000000
301.792829 28.235294 0.000000 0.176303 -0.823169 0.000000 1.000000
1.207171 31.764706 0.000000 0.599647 0.540611 0.000000 1.000000
2.414343 31.764706 0.000000 0.656555 0.696983 0.000000 1.000000
3.621514 31.764706 0.000000 0.705236 -1.337711 0.000000 1.000000
4.828685 31.764706 0.000000 0.158917 -1.016548 0.000000 1.000000
6.035857 31.764706 0.000000 -0.674035 -0.099390 0.000000 1.000000
7.243028 31.764706 0.000000 0.836165 0.228680 0.000000 1.000000
8.450199 31.764706 0.000000 0.163273 1.257145 0.000000 1.000000
9.657371 31.764706 0.000000 0.170052 -0.677036 0.000000 1.000000
10.864542 31.764706 0.000000 -0.985996 -0.622736 0.000000 1.000000
12.071713 31.764706 0.000000 0.078747 -1.094884 0.000000 1.000000
13.278884 31.764706 0.000000 0.309507 0.212940 0.000000 1.000000
14.486056 31.764706 0.000000 -0.509505 0.068150 0.000000 1.000000
15.693227 31.764706 0.000000 0.364833 -0.452330 0.000000 1.000000
16.900398 31.764706 0.000000 0.517794 -0.512276 0.000000 1.000000
18.107570 31.764706 0.000000 0.415061 1.025225 0.000000 1.000000
19.314741 31.764706 0.000000 0.227348 -0.905960 0.000000 1.000000
20.521912 31.764706 0.000000 0.062353 0.051835 0.000000 1.000000
21.729084 31.764706 0.000000 -0.609345 -0.896078 0.000000 1.000000
22.936255 31.764706 0.000000 -0.270227 0.608539 0.000000 1.000000
24.143426 31.764706 0.000000 0.577956 0.842968 0.000000 1.000000
25.350598 31.764706 0.000000 -0.032090 1.383711 0.000000 1.000000
26.557769 31.764706 0.000000 -0.598696 0.306221 0.000000 1.000000
27.764940 31.764706 0.000000 -0.171215 1.049101 0.000000 1.000000
28.972112 31.764706 0.000000 0.022429 -0.735275 0.000000 1.000000
30.179283 31.764706 0.000000 0.170633 -0.798854 0.000000 1.000000
31.386454 31.764706 0.000000 -0.617149 0.649556 0.000000 1.000000
32.593625 31.764706 0.000000 -0.014739 0.599513 0.000000 1.000000
33.800797 31.764706 0.000000 -0.618139 0.911485 0.000000 1.000000
35.007968 31.764706 0.000000 -0.124347 -1.389550 0.000000 1.000000
36.215139 31.764706 0.000000 -0.633739 -0.993631 0.000000 1.000000
37.422311 31.764706 0.000000 -1.035450 0.355493 0.000000 1.000000
38.629482 31.764706 0.000000 0.258183 0.412285 0.000000 1.000000
39.836653 31.764706 0.000000 -0.521715 0.370493 0.000000 1.000000
41.043825 31.764706 0.000000 -1.038462 -0.346936 0.000000 1.000000
42.250996 31.764706 0.000000 -0.112636 -0.408756 0.000000 1.000000
43.458167 31.764706 0.000000 0.070660 -0.021561 0.000000 1.000000
44.665339 31.764706 0.000000 0.332754 0.209140 0.000000 1.000000
45.872510 31.764706 0.000000 0.675110 -0.345064 0.000000 1.000000
47.079681 31.764706 0.000000 0.460315 0.190725 0.000000 1.000000
48.286853 31.764706 0.000000 0.171514 0.089072 0.000000 1.000000
49.494024 31.764706 0.000000 -1.525237 1.350384 0.000000 1.000000
50.701195 31.764706 0.000000 -0.647603 -0.568655 0.000000 1.000000
51.908367 31.764706 0.000000 -0.228276 -0.931793 0.000000 1.000000
53.115538 31.764706 0.000000 1.234150 -0.443676 0.000000 1.000000
54.322709 31.764706 0.000000 -0.483907 -0.592152 0.000000 1.000000
55.529880 31.764706 0.000000 0.308657 0.981527 0.000000 1.000000
56.737052 31.764706 0.000000 0.192487 -0.552916 0.000000 1.000000
57.944223 31.764706 0.000000 0.934971 0.195029 0.000000 1.000000
59.151394 31.764706 0.000000 -0.511203 -0.056405 0.000000 1.000000
60.358566 31.764706 0.000000 0.092494 0.162157 0.000000 1.000000
61.565737 31.764706 0.000000 0.000767 0.011430 0.000000 1.000000
62.772908 31.764706 0.000000 1.316827 1.998253 0.000000 1.000000
63.980080 31.764706 0.000000 0.121963 -0.654048 0.000000 1.000000
65.187251 31.764706 0.000000 -0.743001 0.569489 0.000000 1.000000
66.394422 31.764706 0.000000 -1.148763 -0.134037 0.000000 1.000000
67.601594 31.764706 0.000000 0.278892 0.122980 0.000000 1.000000
68.808765 31.764706 0.000000 -0.286512 1.294019 0.000000 1.000000
70.015936 31.764706 0.000000 0.562660 -0.338417 0.000000 1.000000
71.223108 31.764706 0.000000 0.553471 -0.135553 0.000000 1.000000
72.430279 31.764706 0.000000 -0.365426 -0.293686 0.000000 1.000000
73.637450 31.764706 0.000000 0.835792 -0.400790 0.000000 1.000000
74.844622 31.764706 0.000000 -0.050797 0.715799 0.000000 1.000000
76.051793 31.764706 0.000000 0.214662 0.164513 0.000000 1.000000
77.258964 31.764706 0.000000 -0.470821 1.642680 0.000000 1.000000
78.466135 31.764706 0.000000 0.578246 -1.680299 0.000000 1.000000
79.673307 31.764706 0.000000 0.921821 -0.914869 0.000000 1.000000
80.880478 31.764706 0.000000 -0.970552 -0.498996 0.000000 1.000000
82.087649 31.764706 0.000000 0.889063 -0.198110 0.000000 1.000000
83.294821 31.764706 0.000000 0.148555 -1.186355 0.000000 1.000000
84.501992 31.764706 0.000000 0.760116 -0.194446 0.000000 1.000000
85.709163 31.764706 0.000000 -0.912042 0.224201 0.000000 1.000000
86.916335 31.764706 0.000000 0.346016 0.054639 0.000000 1.000000
88.123506 31.764706 0.000000 0.912797 0.407207 0.000000 1.000000
89.330677 31.764706 0.000000 1.061854 -0.044222 0.000000 1.000000
90.537849 31.764706 0.000000 0.077092 0.605585 0.000000 1.000000
91.745020 31.764706 0.000000 0.818912 -0.241021 0.000000 1.000000
92.952191 31.764706 0.000000 1.333112 0.076086 0.000000 1.000000
94.159363 31.764706 0.000000 0.003044 0.306947 0.000000 1.000000
95.366534 31.764706 0.000000 -0.605458 -1.169381 0.000000 1.000000
96.573705 31.764706 0.000000 1.453269 0.747063 0.000000 1.000000
97.780876 31.764706 0.000000 -0.653709 0.091461 0.000000 1.000000
98.988048 31.764706 0.000000 0.440523 -0.350522 0.000000 1.000000
100.195219 31.764706 0.000000 1.012995 -0.355155 0.000000 1.000000
101.402390 31.764706 0.000000 0.701355 -0.451262 0.000000 1.000000
102.609562 31.764706 0.000000 0.358249 1.090436 0.000000 1.000000
103.816733 31.764706 0.000000 0.335095 -0.350607 0.000000 1.000000
105.023904 31.764706 0.000000 0.156366 0.507069 0.000000 1.000000
106.231076 31.764706 0.000000 -0.303055 -0.284736 0.000000 1.000000
107.438247 31.764706 0.000000 1.245552 0.982317 0.000000 1.000000
108.645418 31.764706 0.000000 -0.469373 -0.937669 0.000000 1.000000
109.852590 31.764706 0.000000 -0.907893 -0.793754 0.000000 1.000000
111.059761 31.764706 0.000000 -0.201164 -0.059022 0.000000 1.000000
112.266932 31.764706 0.000000 -0.978840 0.103836 0.000000 1.000000
113.474104 31.764706 0.000000 -2.053255 0.093394 0.000000 1.000000
114.681275 31.764706 0.000000 1.136527 -0.864694 0.000000 1.000000
115.888446 31.764706 0.000000 -2.036617 0.112287 0.000000 1.000000
117.095618 31.764706 0.000000 0.495075 -0.294276 0.000000 1.000000
118.302789 31.764706 0.000000 0.161363 0.907444 0.000000 1.000000
119.509960 31.764706 0.000000 1.194188 0.417380 0.000000 1.000000
120.717131 31.764706 0.000000 -0.874361 0.114314 0.000000 1.000000
121.924303 31.764706 0.000000 -0.707686 -0.016482 0.000000 1.000000
123.131474 31.764706 0.000000 -0.171067 -0.409207 0.000000 1.000000
124.338645 31.764706 0.000000 1.082316 -0.166468 0.000000 1.000000
125.545817 31.764706 0.000000 -1.047569 0.262897 0.000000 1.000000
126.752988 31.764706 0.000000 0.484775 0.030616 0.000000 1.000000
127.960159 31.764706 0.000000 -0.548286 -0.311233 0.000000 1.000000
129.167331 31.764706 0.000000 -0.416731 -0.362342 0.000000 1.000000
130.374502 31.764706 0.000000 -0.496612 -0.161780 0.000000 1.000000
131.581673 31.764706 0.000000 -0.959073 0.169014 0.000000 1.000000
132.788845 31.764706 0.000000 -0.553588 0.614717 0.000000 1.000000
133.996016 31.764706 0.000000 0.269209 1.059260 0.000000 1.000000
135.203187 31.764706 0.000000 -0.965070 0.992391 0.000000 1.000000
136.410359 31.764706 0.000000 -0.082804 0.432150 0.000000 1.000000
137.617530 31.764706 0.000000 0.628774 0.674179 0.000000 1.000000
138.824701 31.764706 0.000000 0.043174 0.315952 0.000000 1.000000
140.031873 31.764706 0.000000 -0.065208 0.509037 0.000000 1.000000
141.239044 31.764706 0.000000 -0.630956 0.280579 0.000000 1.000000
142.446215 31.764706 0.000000 1.088142 1.413295 0.000000 1.000000
143.653386 31.764706 0.000000 0.754878 1.027853 0.000000 1.000000
144.860558 31.764706 0.000000 0.369870 0.739677 0.000000 1.000000
146.067729 31.764706 0.000000 1.374974 -0.043845 0.000000 1.000000
147.274900 31.764706 0.000000 -1.123081 -0.125910 0.000000 1.000000
148.482072 31.764706 0.000000 0.131132 -0.588087 0.000000 1.000000
149.689243 31.764706 0.000000 -0.847389 -0.354073 0.000000 1.000000
150.896414 31.764706 0.000000 -0.870123 0.639869 0.000000 1.000000
152.103586 31.764706 0.000000 1.205012 0.472085 0.000000 1.000000
153.310757 31.764706 0.000000 -0.986500 0.140942 0.000000 1.000000
154.517928 31.764706 0.000000 -0.607274 0.192324 0.000000 1.000000
155.725100 31.764706 0.000000 -0.582425 0.689498 0.000000 1.000000
156.932271 31.764706 0.000000 0.496242 -0.232180 0.000000 1.000000
158.139442 31.764706 0.000000 0.356336 0.039207 0.000000 1.000000
159.346614 31.764706 0.000000 1.221100 -1.350096 0.000000 1.000000
160.553785 31.764706 0.000000 0.291583 0.873457 0.000000 1.000000
161.760956 31.764706 0.000000 -0.259736 -0.358391 0.000000 1.000000
162.968127 31.764706 0.000000 0.124994 -0.655832 0.000000 1.000000
164.175299 31.764706 0.000000 -0.379799 -0.729692 0.000000 1.000000
165.382470 31.764706 0.000000 -0.125908 -1.484732 0.000000 1.000000
166.589641 31.764706 0.000000 -0.426602 0.389408 0.000000 1.000000
167.796813 31.764706 0.000000 -0.268046 -0.296737 0.000000 1.000000
169.003984 31.764706 0.000000 0.635289 1.110188 0.000000 1.000000
170.211155 31.764706 0.000000 -0.521676 0.846544 0.000000 1.000000
171.418327 31.764706 0.000000 -1.238160 -0.603570 0.000000 1.000000
172.625498 31.764706 0.000000 0.378488 0.176722 0.000000 1.000000
173.832669 31.764706 0.000000 0.083847 0.606065 0.000000 1.000000
175.039841 31.764706 0.000000 -0.143721 0.533691 0.000000 1.000000
176.247012 31.764706 0.000000 -0.346138 -0.449183 0.000000 1.000000
177.454183 31.764706 0.000000 -1.326133 0.472777 0.000000 1.000000
178.661355 31.764706 0.000000 -0.614016 0.706951 0.000000 1.000000
179.868526 31.764706 0.000000 0.713579 -0.162594 0.000000 1.000000
181.075697 31.764706 0.000000 0.061320 0.134396 0.000000 1.000000
182.282869 31.764706 0.000000 -0.145363 -1.036866 0.000000 1.000000
183.490040 31.764706 0.000000 1.021919 -0.406991 0.000000 1.000000
184.697211 31.764706 0.000000 0.374015 0.200541 0.000000 1.000000
185.904382 31.764706 0.000000 0.204444 0.149330 0.000000 1.000000
187.111554 31.764706 0.000000 0.644564 -0.621181 0.000000 1.000000
188.318725 31.764706 0.000000 0.701125 0.111801 0.000000 1.000000
189.525896 31.764706 0.000000 0.027362 -0.298999 0.000000 1.000000
190.733068 31.764706 0.000000 -0.032483 0.404046 0.000000 1.000000
191.940239 31.764706 0.000000 -0.829070 -1.222114 0.000000 1.000000
193.147410 31.764706 0.000000 -0.194669 0.490973 0.000000 1.000000
194.354582 31.764706 0.000000 -0.211832 0.964092 0.000000 1.000000
195.561753 31.764706 0.000000 0.916052 0.986244 0.000000 1.000000
196.768924 31.764706 0.000000 1.026548 0.180877 0.000000 1.000000
197.976096 31.764706 0.000000 0.400515 -0.487796 0.000000 1.000000
199.183267 31.764706 0.000000 -1.899316 0.281174 0.000000 1.000000
200.390438 31.764706 0.000000 -0.546077 -0.147730 0.000000 1.000000
201.597610 31.764706 0.000000 -1.757825 0.629174 0.000000 1.000000
202.804781 31.764706 0.000000 -0.143035 -0.423204 0.000000 1.000000
204.011952 31.764706 0.000000 -0.817030 -0.580081 0.000000 1.000000
205.219124 31.764706 0.000000 -0.599225 -0.692109 0.000000 1.000000
206.426295 31.764706 0.000000 -0.999542 -0.153837 0.000000 1.000000
207.633466 31.764706 0.000000 -0.239477 0.602192 0.000000 1.000000
208.840637 31.764706 0.000000 -1.238876 -0.320723 0.000000 1.000000
210.047809 31.764706 0.000000 -0.630657 0.235581 0.000000 1.000000
211.254980 31.764706 0.000000 -0.037416 0.594869 0.000000 1.000000
212.462151 31.764706 0.000000 1.299414 -0.004727 0.000000 1.000000
213.669323 31.764706 0.000000 0.374387 -0.535549 0.000000 1.000000
214.876494 31.764706 0.000000 -0.090059 0.012095 0.000000 1.000000
216.083665 31.764706 0.000000 1.512027 -0.811272 0.000000 1.000000
217.290837 31.764706 0.000000 -0.095168 0.008273 0.000000 1.000000
218.498008 31.764706 0.000000 -0.533768 0.243734 0.000000 1.000000
219.705179 31.764706 0.000000 0.009646 0.079039 0.000000 1.000000
220.912351 31.764706 0.000000 -0.511032 0.513951 0.000000 1.000000
222.119522 31.764706 0.000000 -0.658305 -0.268628 0.000000 1.000000
223.326693 31.764706 0.000000 0.598795 0.982973 0.000000 1.000000
224.533865 31.764706 0.000000 -0.530869 0.434937 0.000000 1.000000
225.741036 31.764706 0.000000 -0.060717 0.732729 0.000000 1.000000
226.948207 31.764706 0.000000 0.078439 1.194517 0.000000 1.000000
228.155378 31.764706 0.000000 1.083344 -0.693667 0.000000 1.000000
229.362550 31.764706 0.000000 -0.231449 -0.536166 0.000000 1.000000
230.569721 31.764706 0.000000 -0.057521 -1.290477 0.000000 1.000000
231.776892 31.764706 0.000000 -1.183850 0.715627 0.000000 1.000000
232.984064 31.764706 0.000000 0.240563 0.527312 0.000000 1.000000
234.191235 31.764706 0.000000 -0.640082 -0.748719 0.000000 1.000000
235.398406 31.764706 0.000000 -0.137247 0.972334 0.000000 1.000000
236.605578 31.764706 0.000000 0.052945 0.123913 0.000000 1.000000
237.812749 31.764706 0.000000 0.832437 0.262989 0.000000 1.000000
239.019920 31.764706 0.000000 0.128295 0.296733 0.000000 1.000000
240.227092 31.764706 0.000000 -0.135212 1.107071 0.000000 1.000000
241.434263 31.764706 0.000000 -0.074171 -0.514967 0.000000 1.000000
242.641434 31.764706 0.000000 0.481591 0.663918 0.000000 1.000000
243.848606 31.764706 0.000000 -0.333957 0.506452 0.000000 1.000000
245.055777 31.764706 0.000000 0.760850 -2.375509 0.000000 1.000000
246.262948 31.764706 0.000000 -1.219906 0.277720 0.000000 1.000000
247.470120 31.764706 0.000000 -0.658380 1.187006 0.000000 1.000000
248.677291 31.764706 0.000000 0.228770 -0.077327 0.000000 1.000000
249.884462 31.764706 0.000000 0.043298 -0.274095 0.000000 1.000000
251.091633 31.764706 0.000000 -0.454259 0.080668 0.000000 1.000000
252.298805 31.764706 0.000000 0.708796 -1.099426 0.000000 1.000000
253.505976 31.764706 0.000000 0.169884 -0.323406 0.000000 1.000000
254.713147 31.764706 0.000000 0.060496 -0.537077 0.000000 1.000000
255.920319 31.764706 0.000000 0.101335 -0.763620 0.000000 1.000000
257.127490 31.764706 0.000000 -0.014724 -0.189543 0.000000 1.000000
258.334661 31.764706 0.000000 -1.177891 0.290280 0.000000 1.000000
259.541833 31.764706 0.000000 -1.988660 -0.271131 0.000000 1.000000
260.749004 31.764706 0.000000 -1.054381 0.176251 0.000000 1.000000
261.956175 31.764706 0.000000 -0.237999 0.572197 0.000000 1.000000
263.163347 31.764706 0.000000 -0.143287 -0.156074 0.000000 1.000000
264.370518 31.764706 0.000000 0.792007 -0.334159 0.000000 1.000000
265.577689 31.764706 0.000000 -0.021371 1.003036 0.000000 1.000000
266.784861 31.764706 0.000000 0.467662 1.396630 0.000000 1.000000
267.992032 31.764706 0.000000 0.324230 -0.379995 0.000000 1.000000
269.199203 31.764706 0.000000 0.759092 0.646710 0.000000 1.000000
270.406375 31.764706 0.000000 -0.193502 0.376431 0.000000 1.000000
271.613546 31.764706 0.000000 -0.058656 0.346710 0.000000 1.000000
272.820717 31.764706 0.000000 0.022683 -0.097341 0.000000 1.000000
274.027888 31.764706 0.000000 1.193768 0.317117 0.000000 1.000000
275.235060 31.764706 0.000000 -0.941199 0.141891 0.000000 1.000000
276.442231 31.764706 0.000000 -0.211917 0.215856 0.000000 1.000000
277.649402 31.764706 0.000000 0.169278 0.253496 0.000000 1.000000
278.856574 31.764706 0.000000 -1.201330 -1.114161 0.000000 1.000000
280.063745 31.764706 0.000000 0.989991 -0.024319 0.000000 1.000000
281.270916 31.764706 0.000000 0.945804 0.367592 0.000000 1.000000
282.478088 31.764706 0.000000 -0.377334 -1.199448 0.000000 1.000000
283.685259 31.764706 0.000000 0.361625 0.360304 0.000000 1.000000
284.892430 31.764706 0.000000 1.237895 -0.148683 0.000000 1.000000
286.099602 31.764706 0.000000 0.053457 -1.283979 0.000000 1.000000
287.306773 31.764706 0.000000 -0.429497 0.168428 0.000000 1.000000
288.513944 31.764706 0.000000 -0.248427 -0.623461 0.000000 1.000000
289.721116 31.764706 0.000000 1.002127 1.127785 0.000000 1.000000
290.928287 31.764706 0.000000 -0.755672 0.064469 0.000000 1.000000
292.135458 31.764706 0.000000 -0.303367 1.044444 0.000000 1.000000
293.342629 31.764706 0.000000 0.167529 0.416861 0.000000 1.000000
294.549801 31.764706 0.000000 -0.661546 0.933202 0.000000 1.000000
295.756972 31.764706 0.000000 -0.211768 1.311804 0.000000 1.000000
296.964143 31.764706 0.000000 0.772106 -0.465779 0.000000 1.000000
298.171315 31.764706 0.000000 0.372212 0.166644 0.000000 1.000000
299.378486 31.764706 0.000000 -0.156859 0.524759 0.000000 1.000000
300.585657 31.764706 0.000000 -0.018388 0.014410 0.000000 1.000000
301.792829 31.764706 0.000000 -0.446944 -0.531858 0.000000 1.000000
1.207171 35.294118 0.000000 0.053795 0.120863 0.000000 1.000000
2.414343 35.294118 0.000000 0.760382 -0.963307 0.000000 1.000000
3.621514 35.294118 0.000000 0.079163 1.121563 0.000000 1.000000
4.828685 35.294118 0.000000 -0.479820 -0.743314 0.000000 1.000000
6.035857 35.294118 0.000000 -0.655567 0.554170 0.000000 1.000000
7.243028 35.294118 0.000000 -0.895689 0.008307 0.000000 1.000000
8.450199 35.294118 0.000000 -0.473565 -0.412404 0.000000 1.000000
9.657371 35.294118 0.000000 -0.216960 -0.270334 0.000000 1.000000
10.864542 35.294118 0.000000 -0.260282 -0.043639 0.000000 1.000000
12.071713 35.294118 0.000000 0.189800 -0.326161 0.000000 1.000000
13.278884 35.294118 0.000000 0.332393 -0.344613 0.000000 1.000000
14.486056 35.294118 0.000000 -0.321469 0.024117 0.000000 1.000000
15.693227 35.294118 0.000000 -1.213934 -0.585994 0.000000 1.000000
16.900398 35.294118 0.000000 -0.472716 -0.728715 0.000000 1.000000
18.107570 35.294118 0.000000 -0.164120 -0.523960 0.000000 1.000000
19.314741 35.294118 0.000000 -0.644699 0.712944 0.000000 1.000000
20.521912 35.294118 0.000000 1.472147 0.697338 0.000000 1.000000
21.729084 35.294118 0.000000 0.210419 0.789295 0.000000 1.000000
22.936255 35.294118 0.000000 0.221784 -0.189816 0.000000 1.000000
24.143426 35.294118 0.000000 0.078476 -0.242974 0.000000 1.000000
25.350598 35.294118 0.000000 -1.559417 -0.600421 0.000000 1.000000
26.557769 35.294118 0.000000 -0.586573 0.336472 0.000000 1.000000
27.764940 35.294118 0.000000 -0.340512 -1.278098 0.000000 1.000000
28.972112 35.294118 0.000000 -0.020587 0.197235 0.000000 1.000000
30.179283 35.294118 0.000000 0.543601 0.252117 0.000000 1.000000
31.386454 35.294118 0.000000 1.690027 -0.618825 0.000000 1.000000
32.593625 35.294118 0.000000 0.931003 0.645780 0.000000 1.000000
33.800797 35.294118 0.000000 -0.449655 -0.096055 0.000000 1.000000
35.007968 35.294118 0.000000 -0.527972 -0.093100 0.000000 1.000000
36.215139 35.294118 0.000000 -0.313667 -0.320055 0.000000 1.000000
37.422311 35.294118 0.000000 -0.004084 -0.737906 0.000000 1.000000
38.629482 35.294118 0.000000 0.794793 0.615440 0.000000 1.000000
39.836653 35.294118 0.000000 -0.492011 0.604531 0.000000 1.000000
41.043825 35.294118 0.000000 -0.743829 -1.266971 0.000000 1.000000
42.250996 35.294118 0.000000 0.222288 0.380984 0.000000 1.000000
43.458167 35.294118 0.000000 -0.523172 0.366592 0.000000 1.000000
44.665339 35.294118 0.000000 1.385896 2.124591 0.000000 1.000000
45.872510 35.294118 0.000000 -0.617640 0.225496 0.000000 1.000000
47.079681 35.294118 0.000000 -0.869105 1.996681 0.000000 1.000000
48.286853 35.294118 0.000000 -0.308559 0.602624 0.000000 1.000000
49.494024 35.294118 0.000000 0.066416 -0.752937 0.000000 1.000000
50.701195 35.294118 0.000000 -0.146631 -0.962643 0.000000 1.000000
51.908367 35.294118 0.000000 -0.452885 -0.195068 0.000000 1.000000
53.115538 35.294118 0.000000 0.158684 -1.611837 0.000000 1.000000
54.322709 35.294118 0.000000 -0.046768 1.799760 0.000000 1.000000
55.529880 35.294118 0.000000 -0.673354 0.224931 0.000000 1.000000
56.737052 35.294118 0.000000 -0.299591 -2.001090 0.000000 1.000000
57.944223 35.294118 0.000000 -0.704242 -0.488776 0.000000 1.000000
59.151394 35.294118 0.000000 0.598534 -0.030287 0.000000 1.000000
60.358566 35.294118 0.000000 -0.156157 0.470560 0.000000 1.000000
61.565737 35.294118 0.000000 0.090938 -0.122109 0.000000 1.000000
62.772908 35.294118 0.000000 0.472125 -0.978631 0.000000 1.000000
63.980080 35.294118 0.000000 -0.146211 0.880754 0.000000 1.000000
65.187251 35.294118 0.000000 -1.513676 -0.564557 0.000000 1.000000
66.394422 35.294118 0.000000 0.110155 0.156536 0.000000 1.000000
67.601594 35.294118 0.000000 -0.238195 0.298518 0.000000 1.000000
68.808765 35.294118 0.000000 -0.627262 0.687094 0.000000 1.000000
70.015936 35.294118 0.000000 0.137294 1.278048 0.000000 1.000000
71.223108 35.294118 0.000000 0.598258 0.384553 0.000000 1.000000
72.430279 35.294118 0.000000 1.000957 -0.573452 0.000000 1.000000
73.637450 35.294118 0.000000 -0.207719 -1.243053 0.000000 1.000000
74.844622 35.294118 0.000000 0.615151 1.164191 0.000000 1.000000
76.051793 35.294118 0.000000 -0.343668 -0.866133 0.000000 1.000000
77.258964 35.294118 0.000000 0.795004 -0.526836 0.000000 1.000000
78.466135 35.294118 0.000000 -0.357058 1.083114 0.000000 1.000000
79.673307 35.294118 0.000000 -0.254043 -0.137319 0.000000 1.000000
80.880478 35.294118 0.000000 1.139375 0.412334 0.000000 1.000000
82.087649 35.294118 0.000000 -0.752760 1.058925 0.000000 1.000000
83.294821 35.294118 0.000000 -1.231700 0.706920 0.000000 1.000000
84.501992 35.294118 0.000000 0.346235 -0.375578 0.000000 1.000000
85.709163 35.294118 0.000000 -0.551141 -0.792069 0.000000 1.000000
86.916335 35.294118 0.000000 1.222211 0.082506 0.000000 1.000000
88.123506 35.294118 0.000000 -0.446293 0.400339 0.000000 1.000000
89.330677 35.294118 0.000000 0.851412 0.219978 0.000000 1.000000
90.537849 35.294118 0.000000 0.492466 0.669107 0.000000 1.000000
91.745020 35.294118 0.000000 0.041167 0.218382 0.000000 1.000000
92.952191 35.294118 0.000000 -0.081959 -0.707178 0.000000 1.000000
94.159363 35.294118 0.000000 -0.896292 0.313155 0.000000 1.000000
95.366534 35.294118 0.000000 -0.501293 -0.020371 0.000000 1.000000
96.573705 35.294118 0.000000 -0.175539 0.680613 0.000000 1.000000
97.780876 35.294118 0.000000 0.197588 0.211226 0.000000 1.000000
98.988048 35.294118 0.000000 -0.202974 -0.103066 0.000000 1.000000
100.195219 35.294118 0.000000 -0.240724 0.171014 0.000000 1.000000
101.402390 35.294118 0.000000 -1.219496 -0.019447 0.000000 1.000000
102.609562 35.294118 0.000000 0.259526 0.272597 0.000000 1.000000
103.816733 35.294118 0.000000 -0.762278 -0.303249 0.000000 1.000000
105.023904 35.294118 0.000000 -0.269625 -0.387299 0.000000 1.000000
106.231076 35.294118 0.000000 -0.860830 -0.773705 0.000000 1.000000
107.438247 35.294118 0.000000 0.006054 0.267096 0.000000 1.000000
108.645418 35.294118 0.000000 0.104271 -0.621713 0.000000 1.000000
109.852590 35.294118 0.000000 0.271848 -0.146049 0.000000 1.000000
111.059761 35.294118 0.000000 -0.350768 -0.659757 0.000000 1.000000
112.266932 35.294118 0.000000 -0.360545 0.501497 0.000000 1.000000
113.474104 35.294118 0.000000 -0.130465 -0.092554 0.000000 1.000000
114.681275 35.294118 0.000000 -0.708210 1.967645 0.000000 1.000000
115.888446 35.294118 0.000000 -1.601938 -1.439433 0.000000 1.000000
117.095618 35.294118 0.000000 -0.371494 0.135526 0.000000 1.000000
118.302789 35.294118 0.000000 1.253701 0.357816 0.000000 1.000000
119.509960 35.294118 0.000000 0.212337 0.644804 0.000000 1.000000
120.717131 35.294118 0.000000 0.066854 -1.387943 0.000000 1.000000
121.924303 35.294118 0.000000 0.179824 0.148173 0.000000 1.000000
123.131474 35.294118 0.000000 1.533803 -0.515278 0.000000 1.000000
124.338645 35.294118 0.000000 0.888723 -0.967275 0.000000 1.000000
125.545817 35.294118 0.000000 1.083465 0.088275 0.000000 1.000000
126.752988 35.294118 0.000000 0.591463 0.492189 0.000000 1.000000
127.960159 35.294118 0.000000 0.478906 0.063493 0.000000 1.000000
129.167331 35.294118 0.000000 -0.464225 -0.118401 0.000000 1.000000
130.374502 35.294118 0.000000 -0.541618 -0.085171 0.000000 1.000000
131.581673 35.294118 0.000000 -1.138013 0.116308 0.000000 1.000000
132.788845 35.294118 0.000000 0.690668 0.844395 0.000000 1.000000
133.996016 35.294118 0.000000 0.928632 0.102335 0.000000 1.000000
135.203187 35.294118 0.000000 -0.109379 -0.185964 0.000000 1.000000
136.410359 35.294118 0.000000 0.277064 0.501590 0.000000 1.000000
137.617530 35.294118 0.000000 0.238726 -0.956834 0.000000 1.000000
138.824701 35.294118 0.000000 0.974054 0.332149 0.000000 1.000000
140.031873 35.294118 0.000000 0.700145 0.031235 0.000000 1.000000
141.239044 35.294118 0.000000 -0.184927 1.364571 0.000000 1.000000
142.446215 35.294118 0.000000 -0.756862 -1.199176 0.000000 1.000000
143.653386 35.294118 0.000000 1.410865 0.164503 0.000000 1.000000
144.860558 35.294118 0.000000 -0.303279 -0.419164 0.000000 1.000000
146.067729 35.294118 0.000000 -1.418889 1.314879 0.000000 1.000000
147.274900 35.294118 0.000000 0.498580 0.355137 0.000000 1.000000
148.482072 35.294118 0.000000 0.582755 -0.652247 0.000000 1.000000
149.689243 35.294118 0.000000 0.323757 0.762234 0.000000 1.000000
150.896414 35.294118 0.000000 -1.559493 0.415929 0.000000 1.000000
152.103586 35.294118 0.000000 0.527886 0.066279 0.000000 1.000000
153.310757 35.294118 0.000000 -0.626567 -0.122551 0.000000 1.000000
154.517928 35.294118 0.000000 -0.324363 0.251087 0.000000 1.000000
155.725100 35.294118 0.000000 -0.376623 0.535045 0.000000 1.000000
156.932271 35.294118 0.000000 -0.366896 -0.373066 0.000000 1.000000
158.139442 35.294118 0.000000 0.825902 -0.119138 0.000000 1.000000
159.346614 35.294118 0.000000 0.375533 -0.922889 0.000000 1.000000
160.553785 35.294118 0.000000 1.075046 -1.032323 0.000000 1.000000
161.760956 35.294118 0.000000 0.068166 -0.164260 0.000000 1.000000
162.968127 35.294118 0.000000 -0.539940 -0.199504 0.000000 1.000000
164.175299 35.294118 0.000000 0.872987 1.224139 0.000000 1.000000
165.382470 35.294118 0.000000 -0.167708 -0.258248 0.000000 1.000000
166.589641 35.294118 0.000000 -1.328277 1.207290 0.000000 1.000000
167.796813 35.294118 0.000000 -0.754204 -0.648889 0.000000 1.000000
169.003984 35.294118 0.000000 0.073736 0.513575 0.000000 1.000000
170.211155 35.294118 0.000000 1.076732 1.532200 0.000000 1.000000
171.418327 35.294118 0.000000 0.532666 -0.345005 0.000000 1.000000
172.625498 35.294118 0.000000 -0.464806 -0.131700 0.000000 1.000000
173.832669 35.294118 0.000000 0.568454 0.669728 0.000000 1.000000
175.039841 35.294118 0.000000 0.435857 -1.345060 0.000000 1.000000
176.247012 35.294118 0.000000 -0.400716 1.024553 0.000000 1.000000
177.454183 35.294118 0.000000 -0.377326 -0.062288 0.000000 1.000000
178.661355 35.294118 0.000000 1.927762 -0.057760 0.000000 1.000000
179.868526 35.294118 0.000000 1.006143 1.294684 0.000000 1.000000
181.075697 35.294118 0.000000 0.535734 -0.313008 0.000000 1.000000
182.282869 35.294118 0.000000 -1.612599 -0.612841 0.000000 1.000000
183.490040 35.294118 0.000000 0.454516 0.413098 0.000000 1.000000
184.697211 35.294118 0.000000 0.828544 -0.787444 0.000000 1.000000
185.904382 35.294118 0.000000 0.140654 -1.455127 0.000000 1.000000
187.111554 35.294118 0.000000 -0.624616 0.368793 0.000000 1.000000
188.318725 35.294118 0.000000 -1.543456 0.572017 0.000000 1.000000
189.525896 35.294118 0.000000 1.294084 -1.020948 0.000000 1.000000
190.733068 35.294118 0.000000 -0.183425 1.209662 0.000000 1.000000
191.940239 35.294118 0.000000 0.353627 0.275478 0.000000 1.000000
193.147410 35.294118 0.000000 0.075643 -0.975493 0.000000 1.000000
194.354582 35.294118 0.000000 -0.097134 0.904329 0.000000 1.000000
195.561753 35.294118 0.000000 0.061125 0.504833 0.000000 1.000000
196.768924 35.294118 0.000000 -0.256169 -0.621682 0.000000 1.000000
197.976096 35.294118 0.000000 -0.305293 -0.750088 0.000000 1.000000
199.183267 35.294118 0.000000 -0.963674 -0.019552 0.000000 1.000000
200.390438 35.294118 0.000000 -0.162145 -0.670441 0.000000 1.000000
201.597610 35.294118 0.000000 0.491819 -0.664213 0.000000 1.000000
202.804781 35.294118 0.000000 0.300560 0.346926 0.000000 1.000000
204.011952 35.294118 0.000000 1.177635 0.236386 0.000000 1.000000
205.219124 35.294118 0.000000 0.557948 0.047346 0.000000 1.000000
206.426295 35.294118 0.000000 -0.995408 0.599606 0.000000 1.000000
207.633466 35.294118 0.000000 1.187130 -0.093361 0.000000 1.000000
208.840637 35.294118 0.000000 1.480147 0.647788 0.000000 1.000000
210.047809 35.294118 0.000000 1.414531 -0.133602 0.000000 1.000000
211.254980 35.294118 0.000000 -0.625933 0.034101 0.000000 1.000000
212.462151 35.294118 0.000000 -0.513904 0.134848 0.000000 1.000000
213.669323 35.294118 0.000000 -0.171239 0.110846 0.000000 1.000000
214.876494 35.294118 0.000000 -0.064048 -0.694383 0.000000 1.000000
216.083665 35.294118 0.000000 -0.374723 0.891926 0.000000 1.000000
217.290837 35.294118 0.000000 -0.045280 -0.953589 0.000000 1.000000
218.498008 35.294118 0.000000 -1.426471 -0.233471 0.000000 1.000000
219.705179 35.294118 0.000000 0.196765 -0.840022 0.000000 1.000000
220.912351 35.294118 0.000000 -1.264205 0.391076 0.000000 1.000000
222.119522 35.294118 0.000000 2.258203 0.611114 0.000000 1.000000
223.326693 35.294118 0.000000 -0.705086 -0.088677 0.000000 1.000000
224.533865 35.294118 0.000000 -0.084414 -0.904763 0.000000 1.000000
225.741036 35.294118 0.000000 -0.993259 -0.106433 0.000000 1.000000
226.948207 35.294118 0.000000 0.558354 0.173330 0.000000 1.000000
228.155378 35.294118 0.000000 -0.483541 0.354732 0.000000 1.000000
229.362550 35.294118 0.000000 0.368209 -0.700340 0.000000 1.000000
230.569721 35.294118 0.000000 -0.861510 0.450727 0.000000 1.000000
231.776892 35.294118 0.000000 0.803052 0.281188 0.000000 1.000000
232.984064 35.294118 0.000000 0.833466 1.031841 0.000000 1.000000
234.191235 35.294118 0.000000 -1.081081 0.332957 0.000000 1.000000
235.398406 35.294118 0.000000 0.930150 0.796078 0.000000 1.000000
236.605578 35.294118 0.000000 1.008821 -0.420963 0.000000 1.000000
237.812749 35.294118 0.000000 0.481679 0.543432 0.000000 1.000000
239.019920 35.294118 0.000000 -0.423347 0.129352 0.000000 1.000000
240.227092 35.294118 0.000000 -0.942042 -0.605702 0.000000 1.000000
241.434263 35.294118 0.000000 0.231250 0.737982 0.000000 1.000000
242.641434 35.294118 0.000000 -0.000937 1.079294 0.000000 1.000000
243.848606 35.294118 0.000000 1.052735 -0.700448 0.000000 1.000000
245.055777 35.294118 0.000000 -0.072061 -0.361473 0.000000 1.000000
246.262948 35.294118 0.000000 0.581751 0.502329 0.000000 1.000000
247.470120 35.294118 0.000000 -0.561612 0.647947 0.000000 1.000000
248.677291 35.294118 0.000000 -0.934226 0.827384 0.000000 1.000000
249.884462 35.294118 0.000000 -1.725131 -0.132137 0.000000 1.000000
251.091633 35.294118 0.000000 -0.500951 0.472472 0.000000 1.000000
252.298805 35.294118 0.000000 0.178204 -1.555128 0.000000 1.000000
253.505976 35.294118 0.000000 -0.951721 -0.420658 0.000000 1.000000
254.713147 35.294118 0.000000 0.836681 1.147996 0.000000 1.000000
255.920319 35.294118 0.000000 0.481875 1.000696 0.000000 1.000000
257.127490 35.294118 0.000000 -0.532904 0.289103 0.000000 1.000000
258.334661 35.294118 0.000000 0.089413 -0.769022 0.000000 1.000000
259.541833 35.294118 0.000000 -0.248141 -0.257811 0.000000 1.000000
260.749004 35.294118 0.000000 0.322126 0.344814 0.000000 1.000000
261.956175 35.294118 0.000000 -0.388181 -0.381575 0.000000 1.000000
263.163347 35.294118 0.000000 -1.344322 0.351830 0.000000 1.000000
264.370518 35.294118 0.000000 -0.073499 -0.025981 0.000000 1.000000
265.577689 35.294118 0.000000 0.385566 -0.355763 0.000000 1.000000
266.784861 35.294118 0.000000 -0.681908 -0.431191 0.000000 1.000000
267.992032 35.294118 0.000000 -0.243383 0.148411 0.000000 1.000000
269.199203 35.294118 0.000000 -0.428770 -0.317148 0.000000 1.000000
270.406375 35.294118 0.000000 -0.940538 -0.293689 0.000000 1.000000
271.613546 35.294118 0.000000 -1.235733 -0.472715 0.000000 1.000000
272.820717 35.294118 0.000000 0.381436 0.115716 0.000000 1.000000
274.027888 35.294118 0.000000 -0.110821 -0.164271 0.000000 1.000000
275.235060 35.294118 0.000000 0.636218 -0.838758 0.000000 1.000000
276.442231 35.294118 0.000000 0.312337 -0.512099 0.000000 1.000000
277.649402 35.294118 0.000000 0.196369 -0.113024 0.000000 1.000000
278.856574 35.294118 0.000000 -0.384496 0.215357 0.000000 1.000000
280.063745 35.294118 0.000000 -0.457322 -0.863157 0.000000 1.000000
281.270916 35.294118 0.000000 -0.341923 -0.892689 0.000000 1.000000
282.478088 35.294118 0.000000 0.102272 -0.435332 0.000000 1.000000
283.685259 35.294118 0.000000 -0.894072 0.252105 0.000000 1.000000
284.892430 35.294118 0.000000 0.283746 -0.135967 0.000000 1.000000
286.099602 35.294118 0.000000 -0.207048 0.640316 0.000000 1.000000
287.306773 35.294118 0.000000 -0.192121 0.176999 0.000000 1.000000
288.513944 35.294118 0.000000 -0.802937 0.388791 0.000000 1.000000
289.721116 35.294118 0.000000 -0.101449 0.360968 0.000000 1.000000
290.928287 35.294118 0.000000 -0.193503 -0.537914 0.000000 1.000000
292.135458 35.294118 0.000000 -0.850326 -0.151361 0.000000 1.000000
293.342629 35.294118 0.000000 -0.325220 -0.922741 0.000000 1.000000
294.549801 35.294118 0.000000 0.884142 0.719747 0.000000 1.000000
295.756972 35.294118 0.000000 -1.439074 -1.517969 0.000000 1.000000
296.964143 35.294118 0.000000 -1.074899 0.105206 0.000000 1.000000
298.171315 35.294118 0.000000 1.894464 -0.841166 0.000000 1.000000
299.378486 35.294118 0.000000 -0.224696 0.937032 0.000000 1.000000
300.585657 35.294118 0.000000 -0.350624 0.783563 0.000000 1.000000
301.792829 35.294118 0.000000 0.660155 -0.026138 0.000000 1.000000
1.207171 38.823529 0.000000 0.623336 0.656311 0.000000 1.000000
2.414343 38.823529 0.000000 -0.992366 -0.128936 0.000000 1.000000
3.621514 38.823529 0.000000 -0.445234 0.015485 0.000000 1.000000
4.828685 38.823529 0.000000 -0.858600 -0.710085 0.000000 1.000000
6.035857 38.823529 0.000000 0.039063 -0.010651 0.000000 1.000000
7.243028 38.823529 0.000000 0.979379 0.143309 0.000000 1.000000
8.450199 38.823529 0.000000 1.012448 0.921082 0.000000 1.000000
9.657371 38.823529 0.000000 0.804203 -2.504981 0.000000 1.000000
10.864542 38.823529 0.000000 -0.546964 0.322231 0.000000 1.000000
12.071713 38.823529 0.000000 -0.936009 -0.378753 0.000000 1.000000
13.278884 38.823529 0.000000 0.472380 0.028133 0.000000 1.000000
14.486056 38.823529 0.000000 -0.247068 1.219558 0.000000 1.000000
15.693227 38.823529 0.000000 -0.298855 0.780348 0.000000 1.000000
16.900398 38.823529 0.000000 -0.035506 0.064633 0.000000 1.000000
18.107570 38.823529 0.000000 -0.253897 -0.599878 0.000000 1.000000
19.314741 38.823529 0.000000 -0.157080 -0.971162 0.000000 1.000000
20.521912 38.823529 0.000000 0.431760 0.074472 0.000000 1.000000
21.729084 38.823529 0.000000 -0.311567 0.556261 0.000000 1.000000
22.936255 38.823529 0.000000 -0.737343 -1.396798 0.000000 1.000000
24.143426 38.823529 0.000000 0.297620 -0.979481 0.000000 1.000000
25.350598 38.823529 0.000000 -0.987005 0.109751 0.000000 1.000000
26.557769 38.823529 0.000000 0.682905 -0.556013 0.000000 1.000000
27.764940 38.823529 0.000000 -0.631259 1.059607 0.000000 1.000000
28.972112 38.823529 0.000000 -0.999159 0.594100 0.000000 1.000000
30.179283 38.823529 0.000000 0.303576 -0.518658 0.000000 1.000000
31.386454 38.823529 0.000000 -0.096828 -0.613567 0.000000 1.000000
32.593625 38.823529 0.000000 -0.471389 -0.113520 0.000000 1.000000
33.800797 38.823529 0.000000 -0.500241 -1.170493 0.000000 1.000000
35.007968 38.823529 0.000000 0.503336 -0.432803 0.000000 1.000000
36.215139 38.823529 0.000000 0.562909 -0.114353 0.000000 1.000000
37.422311 38.823529 0.000000 1.988565 0.389146 0.000000 1.000000
38.629482 38.823529 0.000000 -0.952388 -0.975742 0.000000 1.000000
39.836653 38.823529 0.000000 -0.634211 -0.308530 0.000000 1.000000
41.043825 38.823529 0.000000 -1.168932 -0.801692 0.000000 1.000000
42.250996 38.823529 0.000000 0.010320 -1.110727 0.000000 1.000000
43.458167 38.823529 0.000000 -0.071057 0.159271 0.000000 1.000000
44.665339 38.823529 0.000000 -0.710933 0.421582 0.000000 1.000000
45.872510 38.823529 0.000000 0.059773 0.767624 0.000000 1.000000
47.079681 38.823529 0.000000 0.469645 -0.155831 0.000000 1.000000
48.286853 38.823529 0.000000 -0.111764 0.321072 0.000000 1.000000
49.494024 38.823529 0.000000 0.266740 -1.202470 0.000000 1.000000
50.701195 38.823529 0.000000 0.654786 -0.402146 0.000000 1.000000
51.908367 38.823529 0.000000 0.801507 0.121188 0.000000 1.000000
53.115538 38.823529 0.000000 -0.459704 -0.005638 0.000000 1.000000
54.322709 38.823529 0.000000 1.018195 -0.535507 0.000000 1.000000
55.529880 38.823529 0.000000 -1.209235 -0.186277 0.000000 1.000000
56.737052 38.823529 0.000000 0.890143 1.117520 0.000000 1.000000
57.944223 38.823529 0.000000 0.729878 -1.504726 0.000000 1.000000
59.151394 38.823529 0.000000 -0.168050 -0.343528 0.000000 1.000000
60.358566 38.823529 0.000000 -0.125146 -0.779723 0.000000 1.000000
61.565737 38.823529 0.000000 -0.194851 -0.842766 0.000000 1.000000
62.772908 38.823529 0.000000 1.640180 0.036892 0.000000 1.000000
63.980080 38.823529 0.000000 -0.366314 -0.881952 0.000000 1.000000
65.187251 38.823529 0.000000 0.676951 0.407107 0.000000 1.000000
66.394422 38.823529 0.000000 0.821267 0.239622 0.000000 1.000000
67.601594 38.823529 0.000000 -0.331647 -0.520190 0.000000 1.000000
68.808765 38.823529 0.000000 -0.540866 -0.291916 0.000000 1.000000
70.015936 38.823529 0.000000 0.484206 -0.395530 0.000000 1.000000
71.223108 38.823529 0.000000 0.200629 0.526927 0.000000 1.000000
72.430279 38.823529 0.000000 -0.321455 0.686415 0.000000 1.000000
73.637450 38.823529 0.000000 0.296806 0.265449 0.000000 1.000000
74.844622 38.823529 0.000000 -0.018724 0.117147 0.000000 1.000000
76.051793 38.823529 0.000000 -0.608778 -0.598371 0.000000 1.000000
77.258964 38.823529 0.000000 0.176582 0.626941 0.000000 1.000000
78.466135 38.823529 0.000000 -0.163349 0.349589 0.000000 1.000000
79.673307 38.823529 0.000000 -0.163633 -0.559015 0.000000 1.000000
80.880478 38.823529 0.000000 0.008462 0.266235 0.000000 1.000000
82.087649 38.823529 0.000000 -0.487403 -0.425495 0.000000 1.000000
83.294821 38.823529 0.000000 -0.350513 0.123947 0.000000 1.000000
84.501992 38.823529 0.000000 -1.043369 0.188489 0.000000 1.000000
85.709163 38.823529 0.000000 0.184596 0.139731 0.000000 1.000000
86.916335 38.823529 0.000000 -0.397899 0.192476 0.000000 1.000000
88.123506 38.823529 0.000000 -0.780518 -0.543739 0.000000 1.000000
89.330677 38.823529 0.000000 0.564630 -0.944964 0.000000 1.000000
90.537849 38.823529 0.000000 -0.456122 -0.414019 0.000000 1.000000
91.745020 38.823529 0.000000 0.458957 -1.023781 0.000000 1.000000
92.952191 38.823529 0.000000 -0.416850 -0.772954 0.000000 1.000000
94.159363 38.823529 0.000000 1.170666 -0.200911 0.000000 1.000000
95.366534 38.823529 0.000000 -0.367613 0.074923 0.000000 1.000000
96.573705 38.823529 0.000000 0.610572 -1.471289 0.000000 1.000000
97.780876 38.823529 0.000000 -0.764707 0.148922 0.000000 1.000000
98.988048 38.823529 0.000000 -0.445723 -1.025425 0.000000 1.000000
100.195219 38.823529 0.000000 -0.501678 0.105262 0.000000 1.000000
101.402390 38.823529 0.000000 0.229916 1.380498 0.000000 1.000000
102.609562 38.823529 0.000000 -1.159456 -1.052759 0.000000 1.000000
103.816733 38.823529 0.000000 -0.854427 0.682477 0.000000 1.000000
105.023904 38.823529 0.000000 -0.633900 -1.079491 0.000000 1.000000
106.231076 38.823529 0.000000 0.574046 -0.528800 0.000000 1.000000
107.438247 38.823529 0.000000 0.788263 0.146316 0.000000 1.000000
108.645418 38.823529 0.000000 -0.468375 0.626551 0.000000 1.000000
109.852590 38.823529 0.000000 0.576540 1.056561 0.000000 1.000000
111.059761 38.823529 0.000000 -0.292855 -0.230708 0.000000 1.000000
112.266932 38.823529 0.000000 1.040551 0.780499 0.000000 1.000000
113.474104 38.823529 0.000000 0.181468 -0.606534 0.000000 1.000000
114.681275 38.823529 0.000000 -0.740899 -1.017370 0.000000 1.000000
115.888446 38.823529 0.000000 -0.700955 -0.151692 0.000000 1.000000
117.095618 38.823529 0.000000 -0.843112 0.504112 0.000000 1.000000
118.302789 38.823529 0.000000 -1.823700 -0.572045 0.000000 1.000000
119.509960 38.823529 0.000000 -0.481344 0.424947 0.000000 1.000000
120.717131 38.823529 0.000000 0.369206 -0.875755 0.000000 1.000000
121.924303 38.823529 0.000000 0.161361 -0.743991 0.000000 1.000000
123.131474 38.823529 0.000000 0.205705 -0.868006 0.000000 1.000000
124.338645 38.823529 0.000000 0.090190 1.032941 0.000000 1.000000
125.545817 38.823529 0.000000 1.442260 0.762939 0.000000 1.000000
126.752988 38.823529 0.000000 -0.729812 -0.372473 0.000000 1.000000
127.960159 38.823529 0.000000 -0.660248 -0.436939 0.000000 1.000000
129.167331 38.823529 0.000000 -1.236271 -0.451200 0.000000 1.000000
130.374502 38.823529 0.000000 0.790016 1.574455 0.000000 1.000000
131.581673 38.823529 0.000000 0.306986 0.138228 0.000000 1.000000
132.788845 38.823529 0.000000 0.475500 -1.123102 0.000000 1.000000
133.996016 38.823529 0.000000 -0.598414 0.563863 0.000000 1.000000
135.203187 38.823529 0.000000 -0.165170 -0.265750 0.000000 1.000000
136.410359 38.823529 0.000000 0.603643 -1.353756 0.000000 1.000000
137.617530 38.823529 0.000000 0.824984 -0.579717 0.000000 1.000000
138.824701 38.823529 0.000000 0.397962 -0.005020 0.000000 1.000000
140.031873 38.823529 0.000000 0.514727 0.696207 0.000000 1.000000
141.239044 38.823529 0.000000 -0.715931 0.586608 0.000000 1.000000
142.446215 38.823529 0.000000 0.357742 1.002456 0.000000 1.000000
143.653386 38.823529 0.000000 -0.373815 0.834255 0.000000 1.000000
144.860558 38.823529 0.000000 0.514862 -0.318092 0.000000 1.000000
146.067729 38.823529 0.000000 0.707533 -0.268751 0.000000 1.000000
147.274900 38.823529 0.000000 0.645350 -0.076440 0.000000 1.000000
148.482072 38.823529 0.000000 0.076074 0.042557 0.000000 1.000000
149.689243 38.823529 0.000000 0.716621 -0.066801 0.000000 1.000000
150.896414 38.823529 0.000000 0.410242 0.418540 0.000000 1.000000
152.103586 38.823529 0.000000 -0.607951 0.647884 0.000000 1.000000
153.310757 38.823529 0.000000 1.041143 0.355703 0.000000 1.000000
154.517928 38.823529 0.000000 0.286542 -0.607798 0.000000 1.000000
155.725100 38.823529 0.000000 0.911304 -1.090086 0.000000 1.000000
156.932271 38.823529 0.000000 0.101542 1.090429 0.000000 1.000000
158.139442 38.823529 0.000000 -0.487575 0.376029 0.000000 1.000000
159.346614 38.823529 0.000000 -0.513956 0.460135 0.000000 1.000000
160.553785 38.823529 0.000000 -1.000964 -0.296989 0.000000 1.000000
161.760956 38.823529 0.000000 -0.451352 0.066320 0.000000 1.000000
162.968127 38.823529 0.000000 -1.203315 1.060503 0.000000 1.000000
164.175299 38.823529 0.000000 0.218873 -0.351142 0.000000 1.000000
165.382470 38.823529 0.000000 1.052515 -0.022312 0.000000 1.000000
166.589641 38.823529 0.000000 0.180993 0.198369 0.000000 1.000000
167.796813 38.823529 0.000000 1.124503 0.105901 0.000000 1.000000
169.003984 38.823529 0.000000 -0.755364 0.057751 0.000000 1.000000
170.211155 38.823529 0.000000 0.296490 -0.023751 0.000000 1.000000
171.418327 38.823529 0.000000 -0.459738 -0.576965 0.000000 1.000000
172.625498 38.823529 0.000000 -1.200298 0.334734 0.000000 1.000000
173.832669 38.823529 0.000000 -0.590454 -0.459814 0.000000 1.000000
175.039841 38.823529 0.000000 0.359908 0.757638 0.000000 1.000000
176.247012 38.823529 0.000000 -0.732645 -0.253882 0.000000 1.000000
177.454183 38.823529 0.000000 -0.278937 0.352209 0.000000 1.000000
178.661355 38.823529 0.000000 -0.735768 -0.572758 0.000000 1.000000
179.868526 38.823529 0.000000 0.296636 -0.432041 0.000000 1.000000
181.075697 38.823529 0.000000 -0.727694 -0.013382 0.000000 1.000000
182.282869 38.823529 0.000000 -0.648321 -0.198886 0.000000 1.000000
183.490040 38.823529 0.000000 0.907406 -0.130412 0.000000 1.000000
184.697211 38.823529 0.000000 -0.097306 -0.338198 0.000000 1.000000
185.904382 38.823529 0.000000 -1.076048 0.119894 0.000000 1.000000
187.111554 38.823529 0.000000 0.718691 0.887310 0.000000 1.000000
188.318725 38.823529 0.000000 2.017297 -0.214398 0.000000 1.000000
189.525896 38.823529 0.000000 0.142286 -0.783310 0.000000 1.000000
190.733068 38.823529 0.000000 1.309175 0.695648 0.000000 1.000000
191.940239 38.823529 0.000000 0.678981 0.416406 0.000000 1.000000
193.147410 38.823529 0.000000 -0.094205 -1.800029 0.000000 1.000000
194.354582 38.823529 0.000000 0.883553 0.466681 0.000000 1.000000
195.561753 38.823529 0.000000 0.181810 -0.589862 0.000000 1.000000
196.768924 38.823529 0.000000 0.613053 0.205724 0.000000 1.000000
197.976096 38.823529 0.000000 0.141440 -0.788191 0.000000 1.000000
199.183267 38.823529 0.000000 -0.793742 -0.068739 0.000000 1.000000
200.390438 38.823529 0.000000 -0.075425 -0.740905 0.000000 1.000000
201.597610 38.823529 0.000000 1.226163 -0.315632 0.000000 1.000000
202.804781 38.823529 0.000000 -0.046625 0.178438 0.000000 1.000000
204.011952 38.823529 0.000000 1.040574 -0.553587 0.000000 1.000000
205.219124 38.823529 0.000000 -0.131692 -0.906700 0.000000 1.000000
206.426295 38.823529 0.000000 0.741289 0.295835 0.000000 1.000000
207.633466 38.823529 0.000000 0.111697 0.195614 0.000000 1.000000
208.840637 38.823529 0.000000 1.283710 -0.083315 0.000000 1.000000
210.047809 38.823529 0.000000 -0.413242 -0.414819 0.000000 1.000000
211.254980 38.823529 0.000000 0.728628 0.410397 0.000000 1.000000
212.462151 38.823529 0.000000 0.339159 -0.463997 0.000000 1.000000
213.669323 38.823529 0.000000 0.386051 0.419405 0.000000 1.000000
214.876494 38.823529 0.000000 0.074614 -0.098654 0.000000 1.000000
216.083665 38.823529 0.000000 0.334427 0.277027 0.000000 1.000000
217.290837 38.823529 0.000000 -0.339719 -0.226167 0.000000 1.000000
218.498008 38.823529 0.000000 -1.213205 0.416985 0.000000 1.000000
219.705179 38.823529 0.000000 -0.077973 1.090209 0.000000 1.000000
220.912351 38.823529 0.000000 -1.262090 0.114438 0.000000 1.000000
222.119522 38.823529 0.000000 0.418929 -0.499468 0.000000 1.000000
223.326693 38.823529 0.000000 0.341146 0.194765 0.000000 1.000000
224.533865 38.823529 0.000000 0.374045 -0.170472 0.000000 1.000000
225.741036 38.823529 0.000000 -2.246692 0.051717 0.000000 1.000000
226.948207 38.823529 0.000000 0.066153 -0.522505 0.000000 1.000000
228.155378 38.823529 0.000000 -0.937501 0.364293 0.000000 1.000000
229.362550 38.823529 0.000000 0.279947 1.111227 0.000000 1.000000
230.569721 38.823529 0.000000 -0.570660 0.832808 0.000000 1.000000
231.776892 38.823529 0.000000 0.011720 -0.356402 0.000000 1.000000
232.984064 38.823529 0.000000 0.352622 0.614299 0.000000 1.000000
234.191235 38.823529 0.000000 -0.371757 1.104964 0.000000 1.000000
235.398406 38.823529 0.000000 0.012925 -0.877389 0.000000 1.000000
236.605578 38.823529 0.000000 -0.805538 0.752514 0.000000 1.000000
237.812749 38.823529 0.000000 -0.391356 0.057478 0.000000 1.000000
239.019920 38.823529 0.000000 0.074544 -0.084985 0.000000 1.000000
240.227092 38.823529 0.000000 0.692140 -0.346240 0.000000 1.000000
241.434263 38.823529 0.000000 -0.785045 -1.632822 0.000000 1.000000
242.641434 38.823529 0.000000 -0.084152 -0.192201 0.000000 1.000000
243.848606 38.823529 0.000000 0.875204 -0.503358 0.000000 1.000000
245.055777 38.823529 0.000000 0.723147 -0.209862 0.000000 1.000000
246.262948 38.823529 0.000000 1.216332 -0.693999 0.000000 1.000000
247.470120 38.823529 0.000000 -0.284034 0.474381 0.000000 1.000000
248.677291 38.823529 0.000000 0.839975 0.591276 0.000000 1.000000
249.884462 38.823529 0.000000 -0.944448 0.764064 0.000000 1.000000
251.091633 38.823529 0.000000 -0.006952 -1.156739 0.000000 1.000000
252.298805 38.823529 0.000000 -0.395516 -0.251824 0.000000 1.000000
253.505976 38.823529 0.000000 -0.565506 0.917942 0.000000 1.000000
254.713147 38.823529 0.000000 0.379256 0.800183 0.000000 1.000000
255.920319 38.823529 0.000000 -0.622775 -1.186398 0.000000 1.000000
257.127490 38.823529 0.000000 0.319354 0.018594 0.000000 1.000000
258.334661 38.823529 0.000000 0.610023 0.461316 0.000000 1.000000
259.541833 38.823529 0.000000 0.109848 0.561038 0.000000 1.000000
260.749004 38.823529 0.000000 0.053840 0.139593 0.000000 1.000000
261.956175 38.823529 0.000000 1.398609 0.906466 0.000000 1.000000
263.163347 38.823529 0.000000 -0.744206 -1.124103 0.000000 1.000000
264.370518 38.823529 0.000000 0.959371 -0.314066 0.000000 1.000000
265.577689 38.823529 0.000000 -0.093465 -0.350651 0.000000 1.000000
266.784861 38.823529 0.000000 0.230919 -0.298155 0.000000 1.000000
267.992032 38.823529 0.000000 -0.842079 -1.267660 0.000000 1.000000
269.199203 38.823529 0.000000 -1.691710 -0.750911 0.000000 1.000000
270.406375 38.823529 0.000000 0.865622 -0.668532 0.000000 1.000000
271.613546 38.823529 0.000000 -0.017000 0.787535 0.000000 1.000000
272.820717 38.823529 0.000000 0.928675 -0.399351 0.000000 1.000000
274.027888 38.823529 0.000000 0.502605 -0.271006 0.000000 1.000000
275.235060 38.823529 0.000000 -1.371049 0.671530 0.000000 1.000000
276.442231 38.823529 0.000000 0.077497 -0.625656 0.000000 1.000000
277.649402 38.823529 0.000000 0.145288 0.230442 0.000000 1.000000
278.856574 38.823529 0.000000 0.117362 -0.690097 0.000000 1.000000
280.063745 38.823529 0.000000 -0.123893 0.210578 0.000000 1.000000
281.270916 38.823529 0.000000 0.532656 -0.158144 0.000000 1.000000
282.478088 38.823529 0.000000 -0.766331 0.294586 0.000000 1.000000
283.685259 38.823529 0.000000 0.874291 -0.426598 0.000000 1.000000
284.892430 38.823529 0.000000 0.357327 0.735757 0.000000 1.000000
286.099602 38.823529 0.000000 0.747988 0.945320 0.000000 1.000000
287.306773 38.823529 0.000000 0.199986 0.989919 0.000000 1.000000
288.513944 38.823529 0.000000 0.955847 -0.590553 0.000000 1.000000
289.721116 38.823529 0.000000 0.218848 0.160819 0.000000 1.000000
290.928287 38.823529 0.000000 -0.484411 -0.238265 0.000000 1.000000
292.135458 38.823529 0.000000 -1.420232 0.496827 0.000000 1.000000
293.342629 38.823529 0.000000 0.599883 0.808320 0.000000 1.000000
294.549801 38.823529 0.000000 0.953286 -0.433239 0.000000 1.000000
295.756972 38.823529 0.000000 -0.113501 1.086013 0.000000 1.000000
296.964143 38.823529 0.000000 0.763062 -0.527000 0.000000 1.000000
298.171315 38.823529 0.000000 -1.669431 -0.167307 0.000000 1.000000
299.378486 38.823529 0.000000 -0.755917 0.038816 0.000000 1.000000
300.585657 38.823529 0.000000 0.686140 -1.028756 0.000000 1.000000
301.792829 38.823529 0.000000 0.193950 -0.865159 0.000000 1.000000
1.207171 42.352941 0.000000 1.754949 0.031001 0.000000 1.000000
2.414343 42.352941 0.000000 0.335622 -0.743732 0.000000 1.000000
3.621514 42.352941 0.000000 -1.508462 -0.683489 0.000000 1.000000
4.828685 42.352941 0.000000 -0.676886 0.823688 0.000000 1.000000
6.035857 42.352941 0.000000 -0.811825 0.579295 0.000000 1.000000
7.243028 42.352941 0.000000 0.297655 -0.084355 0.000000 1.000000
8.450199 42.352941 0.000000 -1.758563 -0.394150 0.000000 1.000000
9.657371 42.352941 0.000000 0.686042 0.374450 0.000000 1.000000
10.864542 42.352941 0.000000 0.105391 -1.021527 0.000000 1.000000
12.071713 42.352941 0.000000 0.088745 0.173915 0.000000 1.000000
13.278884 42.352941 0.000000 -0.344116 0.300791 0.000000 1.000000
14.486056 42.352941 0.000000 -0.502627 -1.425181 0.000000 1.000000
15.693227 42.352941 0.000000 -0.455205 -0.493604 0.000000 1.000000
16.900398 42.352941 0.000000 0.861591 0.503280 0.000000 1.000000
18.107570 42.352941 0.000000 -0.036129 -0.392106 0.000000 1.000000
19.314741 42.352941 0.000000 0.394357 1.051032 0.000000 1.000000
20.521912 42.352941 0.000000 -0.684191 -0.457408 0.000000 1.000000
21.729084 42.352941 0.000000 0.813335 0.334524 0.000000 1.000000
22.936255 42.352941 0.000000 -0.310411 0.811415 0.000000 1.000000
24.143426 42.352941 0.000000 0.389664 -0.672150 0.000000 1.000000
25.350598 42.352941 0.000000 0.193841 -0.010567 0.000000 1.000000
26.557769 42.352941 0.000000 1.168238 0.424013 0.000000 1.000000
27.764940 42.352941 0.000000 0.341517 0.088777 0.000000 1.000000
28.972112 42.352941 0.000000 0.368001 -0.987755 0.000000 1.000000
30.179283 42.352941 0.000000 -1.028798 0.269827 0.000000 1.000000
31.386454 42.352941 0.000000 0.282271 -0.290786 0.000000 1.000000
32.593625 42.352941 0.000000 -1.413237 -0.774662 0.000000 1.000000
33.800797 42.352941 0.000000 0.379917 0.084248 0.000000 1.000000
35.007968 42.352941 0.000000 -0.453887 -0.662376 0.000000 1.000000
36.215139 42.352941 0.000000 0.188054 -0.112147 0.000000 1.000000
37.422311 42.352941 0.000000 -0.113048 -0.362112 0.000000 1.000000
38.629482 42.352941 0.000000 0.105870 0.194421 0.000000 1.000000
39.836653 42.352941 0.000000 -0.443262 1.170215 0.000000 1.000000
41.043825 42.352941 0.000000 -0.416706 0.112120 0.000000 1.000000
42.250996 42.352941 0.000000 -1.097500 -0.711860 0.000000 1.000000
43.458167 42.352941 0.000000 0.650489 0.508158 0.000000 1.000000
44.665339 42.352941 0.000000 0.151421 -0.481037 0.000000 1.000000
45.872510 42.352941 0.000000 0.249681 -0.707597 0.000000 1.000000
47.079681 42.352941 0.000000 0.756259 -1.864420 0.000000 1.000000
48.286853 42.352941 0.000000 -0.272614 -0.569216 0.000000 1.000000
49.494024 42.352941 0.000000 0.915236 -0.145472 0.000000 1.000000
50.701195 42.352941 0.000000 0.874583 1.016743 0.000000 1.000000
51.908367 42.352941 0.000000 0.321189 -1.163706 0.000000 1.000000
53.115538 42.352941 0.000000 -0.533428 -0.358443 0.000000 1.000000
54.322709 42.352941 0.000000 0.282819 0.262964 0.000000 1.000000
55.529880 42.352941 0.000000 -0.940544 0.549303 0.000000 1.000000
56.737052 42.352941 0.000000 -0.717880 -0.255719 0.000000 1.000000
57.944223 42.352941 0.000000 0.181637 -0.097251 0.000000 1.000000
59.151394 42.352941 0.000000 1.108971 0.800164 0.000000 1.000000
60.358566 42.352941 0.000000 -0.933075 -0.801489 0.000000 1.000000
61.565737 42.352941 0.000000 0.812642 0.074621 0.000000 1.000000
62.772908 42.352941 0.000000 0.443944 0.012254 0.000000 1.000000
63.980080 42.352941 0.000000 0.869756 0.540158 0.000000 1.000000
65.187251 42.352941 0.000000 0.555737 -0.483992 0.000000 1.000000
66.394422 42.352941 0.000000 0.429141 -1.144075 0.000000 1.000000
67.601594 42.352941 0.000000 -0.170619 -0.454804 0.000000 1.000000
68.808765 42.352941 0.000000 -0.549591 -0.667889 0.000000 1.000000
70.015936 42.352941 0.000000 -1.419968 0.870206 0.000000 1.000000
71.223108 42.352941 0.000000 -0.150839 -0.130814 0.000000 1.000000
72.430279 42.352941 0.000000 0.354049 0.747716 0.000000 1.000000
73.637450 42.352941 0.000000 0.944903 -0.310665 0.000000 1.000000
74.844622 42.352941 0.000000 0.132545 -0.645652 0.000000 1.000000
76.051793 42.352941 0.000000 0.517787 0.009402 0.000000 1.000000
77.258964 42.352941 0.000000 0.642456 0.579509 0.000000 1.000000
78.466135 42.352941 0.000000 0.552367 0.373645 0.000000 1.000000
79.673307 42.352941 0.000000 0.061164 -0.884196 0.000000 1.000000
80.880478 42.352941 0.000000 0.232314 1.184885 0.000000 1.000000
82.087649 42.352941 0.000000 -0.307192 -0.484457 0.000000 1.000000
83.294821 42.352941 0.000000 0.436654 1.178431 0.000000 1.000000
84.501992 42.352941 0.000000 -0.736511 -1.713761 0.000000 1.000000
85.709163 42.352941 0.000000 -0.435126 0.065021 0.000000 1.000000
86.916335 42.352941 0.000000 -0.101348 -0.189539 0.000000 1.000000
88.123506 42.352941 0.000000 -0.355820 -0.462890 0.000000 1.000000
89.330677 42.352941 0.000000 -0.585282 0.249064 0.000000 1.000000
90.537849 42.352941 0.000000 0.404431 -1.126479 0.000000 1.000000
91.745020 42.352941 0.000000 1.118201 0.306711 0.000000 1.000000
92.952191 42.352941 0.000000 0.391339 -0.205500 0.000000 1.000000
94.159363 42.352941 0.000000 0.179798 -0.799990 0.000000 1.000000
95.366534 42.352941 0.000000 1.119257 0.995004 0.000000 1.000000
96.573705 42.352941 0.000000 -0.169752 -0.937969 0.000000 1.000000
97.780876 42.352941 0.000000 -0.216640 0.412626 0.000000 1.000000
98.988048 42.352941 0.000000 -0.278835 -0.568081 0.000000 1.000000
100.195219 42.352941 0.000000 0.113374 -0.623367 0.000000 1.000000
101.402390 42.352941 0.000000 0.943788 0.663101 0.000000 1.000000
102.609562 42.352941 0.000000 0.468995 -0.506027 0.000000 1.000000
103.816733 42.352941 0.000000 0.145882 0.778966 0.000000 1.000000
105.023904 42.352941 0.000000 -1.480433 0.139984 0.000000 1.000000
106.231076 42.352941 0.000000 0.993974 1.275452 0.000000 1.000000
107.438247 42.352941 0.000000 -0.672522 0.189837 0.000000 1.000000
108.645418 42.352941 0.000000 0.738071 0.847175 0.000000 1.000000
109.852590 42.352941 0.000000 -1.301210 -1.426466 0.000000 1.000000
111.059761 42.352941 0.000000 0.108725 0.346881 0.000000 1.000000
112.266932 42.352941 0.000000 -0.088461 -0.237313 0.000000 1.000000
113.474104 42.352941 0.000000 0.903326 1.039274 0.000000 1.000000
114.681275 42.352941 0.000000 -0.419117 0.106028 0.000000 1.000000
115.888446 42.352941 0.000000 -0.818412 1.221698 0.000000 1.000000
117.095618 42.352941 0.000000 -0.993324 -0.762150 0.000000 1.000000
118.302789 42.352941 0.000000 -0.629568 -0.746867 0.000000 1.000000
119.509960 42.352941 0.000000 0.902995 1.636169 0.000000 1.000000
120.717131 42.352941 0.000000 0.183955 -0.243107 0.000000 1.000000
121.924303 42.352941 0.000000 0.509977 -0.646841 0.000000 1.000000
123.131474 42.352941 0.000000 0.945561 -0.031257 0.000000 1.000000
124.338645 42.352941 0.000000 0.297002 -0.494275 0.000000 1.000000
125.545817 42.352941 0.000000 -0.144925 -1.150728 0.000000 1.000000
126.752988 42.352941 0.000000 0.012859 0.624022 0.000000 1.000000
127.960159 42.352941 0.000000 -1.309613 -0.719542 0.000000 1.000000
129.167331 42.352941 0.000000 -0.337068 -0.224447 0.000000 1.000000
130.374502 42.352941 0.000000 -0.064210 -0.037353 0.000000 1.000000
131.581673 42.352941 0.000000 0.200254 -0.030591 0.000000 1.000000
132.788845 42.352941 0.000000 -1.189675 0.216339 0.000000 1.000000
133.996016 42.352941 0.000000 0.850572 0.176999 0.000000 1.000000
135.203187 42.352941 0.000000 -1.254405 0.158792 0.000000 1.000000
136.410359 42.352941 0.000000 0.335745 -0.704987 0.000000 1.000000
137.617530 42.352941 0.000000 0.053497 0.897096 0.000000 1.000000
138.824701 42.352941 0.000000 1.143289 0.083970 0.000000 1.000000
140.031873 42.352941 0.000000 0.358445 -0.122234 0.000000 1.000000
141.239044 42.352941 0.000000 -0.290184 0.973862 0.000000 1.000000
142.446215 42.352941 0.000000 0.680185 0.430805 0.000000 1.000000
143.653386 42.352941 0.000000 -0.372700 1.032027 0.000000 1.000000
144.860558 42.352941 0.000000 0.735344 -0.918835 0.000000 1.000000
146.067729 42.352941 0.000000 0.769373 0.113529 0.000000 1.000000
147.274900 42.352941 0.000000 0.196537 -1.431763 0.000000 1.000000
148.482072 42.352941 0.000000 -1.034978 0.694214 0.000000 1.000000
149.689243 42.352941 0.000000 -0.542720 0.569007 0.000000 1.000000
150.896414 42.352941 0.000000 -0.938820 -1.048637 0.000000 1.000000
152.103586 42.352941 0.000000 1.350731 0.637560 0.000000 1.000000
153.310757 42.352941 0.000000 -0.091140 0.152706 0.000000 1.000000
154.517928 42.352941 0.000000 -0.501429 0.246250 0.000000 1.000000
155.725100 42.352941 0.000000 0.833607 -0.299265 0.000000 1.000000
156.932271 42.352941 0.000000 0.343016 -1.202059 0.000000 1.000000
158.139442 42.352941 0.000000 1.273498 0.704866 0.000000 1.000000
159.346614 42.352941 0.000000 -0.021590 -0.241958 0.000000 1.000000
160.553785 42.352941 0.000000 0.997355 -0.362406 0.000000 1.000000
161.760956 42.352941 0.000000 0.261079 -0.227431 0.000000 1.000000
162.968127 42.352941 0.000000 -0.652847 0.729086 0.000000 1.000000
164.175299 42.352941 0.000000 -0.291853 0.322752 0.000000 1.000000
165.382470 42.352941 0.000000 -0.245968 -0.100566 0.000000 1.000000
166.589641 42.352941 0.000000 -0.121327 -0.468539 0.000000 1.000000
167.796813 42.352941 0.000000 0.518154 -0.066848 0.000000 1.000000
169.003984 42.352941 0.000000 0.609674 0.522602 0.000000 1.000000
170.211155 42.352941 0.000000 0.863908 -0.353040 0.000000 1.000000
171.418327 42.352941 0.000000 0.468936 -0.128801 0.000000 1.000000
172.625498 42.352941 0.000000 -0.016199 -0.510661 0.000000 1.000000
173.832669 42.352941 0.000000 -0.335861 0.440106 0.000000 1.000000
175.039841 42.352941 0.000000 -0.242204 -0.521298 0.000000 1.000000
176.247012 42.352941 0.000000 0.599463 0.246827 0.000000 1.000000
177.454183 42.352941 0.000000 -0.862003 0.069270 0.000000 1.000000
178.661355 42.352941 0.000000 0.797396 0.769652 0.000000 1.000000
179.868526 42.352941 0.000000 -0.380204 -0.790878 0.000000 1.000000
181.075697 42.352941 0.000000 -0.258866 0.944926 0.000000 1.000000
182.282869 42.352941 0.000000 0.525524 -1.627368 0.000000 1.000000
183.490040 42.352941 0.000000 0.606851 -1.573726 0.000000 1.000000
184.697211 42.352941 0.000000 1.366156 0.592279 0.000000 1.000000
185.904382 42.352941 0.000000 -0.279388 0.070143 0.000000 1.000000
187.111554 42.352941 0.000000 0.467033 -0.354379 0.000000 1.000000
188.318725 42.352941 0.000000 0.327388 -0.097083 0.000000 1.000000
189.525896 42.352941 0.000000 -0.177724 1.072870 0.000000 1.000000
190.733068 42.352941 0.000000 -1.442001 0.027779 0.000000 1.000000
191.940239 42.352941 0.000000 -0.985433 -0.134249 0.000000 1.000000
193.147410 42.352941 0.000000 -0.501084 1.795010 0.000000 1.000000
194.354582 42.352941 0.000000 -0.363987 -0.102343 0.000000 1.000000
195.561753 42.352941 0.000000 -0.437668 0.623416 0.000000 1.000000
196.768924 42.352941 0.000000 -0.361103 -0.468628 0.000000 1.000000
197.976096 42.352941 0.000000 1.322190 0.546725 0.000000 1.000000
199.183267 42.352941 0.000000 0.189813 1.700330 0.000000 1.000000
200.390438 42.352941 0.000000 -0.447977 -0.580075 0.000000 1.000000
201.597610 42.352941 0.000000 -0.561460 0.845276 0.000000 1.000000
202.804781 42.352941 0.000000 -0.437950 0.836154 0.000000 1.000000
204.011952 42.352941 0.000000 -0.445440 -1.288640 0.000000 1.000000
205.219124 42.352941 0.000000 -0.567208 0.197560 0.000000 1.000000
206.426295 42.352941 0.000000 0.842716 0.914706 0.000000 1.000000
207.633466 42.352941 0.000000 0.258717 0.478240 0.000000 1.000000
208.840637 42.352941 0.000000 -1.870267 0.180252 0.000000 1.000000
210.047809 42.352941 0.000000 0.026875 -0.223959 0.000000 1.000000
211.254980 42.352941 0.000000 -0.471239 0.616579 0.000000 1.000000
212.462151 42.352941 0.000000 0.805200 1.383692 0.000000 1.000000
213.669323 42.352941 0.000000 -0.138091 -0.568378 0.000000 1.000000
214.876494 42.352941 0.000000 1.332695 -0.232050 0.000000 1.000000
216.083665 42.352941 0.000000 -0.368500 -0.986382 0.000000 1.000000
217.290837 42.352941 0.000000 0.296691 0.422812 0.000000 1.000000
218.498008 42.352941 0.000000 0.596132 0.152285 0.000000 1.000000
219.705179 42.352941 0.000000 0.384377 0.386463 0.000000 1.000000
220.912351 42.352941 0.000000 0.363349 0.827797 0.000000 1.000000
222.119522 42.352941 0.000000 0.602413 0.128022 0.000000 1.000000
223.326693 42.352941 0.000000 -0.380252 0.562293 0.000000 1.000000
224.533865 42.352941 0.000000 -0.408478 -0.109900 0.000000 1.000000
225.741036 42.352941 0.000000 -0.506816 1.502725 0.000000 1.000000
226.948207 42.352941 0.000000 -0.687099 0.463980 0.000000 1.000000
228.155378 42.352941 0.000000 0.477832 0.614101 0.000000 1.000000
229.362550 42.352941 0.000000 -0.028389 0.053838 0.000000 1.000000
230.569721 42.352941 0.000000 -0.139552 -1.927419 0.000000 1.000000
231.776892 42.352941 0.000000 -0.540773 0.959030 0.000000 1.000000
232.984064 42.352941 0.000000 -0.577553 0.089988 0.000000 1.000000
234.191235 42.352941 0.000000 1.864681 -0.690084 0.000000 1.000000
235.398406 42.352941 0.000000 -0.357204 -0.183715 0.000000 1.000000
236.605578 42.352941 0.000000 -1.413504 -0.619439 0.000000 1.000000
237.812749 42.352941 0.000000 -1.010587 0.379109 0.000000 1.000000
239.019920 42.352941 0.000000 -0.175099 -1.513395 0.000000 1.000000
240.227092 42.352941 0.000000 0.572477 0.681892 0.000000 1.000000
241.434263 42.352941 0.000000 -0.256134 0.663947 0.000000 1.000000
242.641434 42.352941 0.000000 0.414958 -0.652041 0.000000 1.000000
243.848606 42.352941 0.000000 0.198494 0.125119 0.000000 1.000000
245.055777 42.352941 0.000000 -0.590905 -0.731416 0.000000 1.000000
246.262948 42.352941 0.000000 0.288057 1.625610 0.000000 1.000000
247.470120 42.352941 0.000000 -0.026740 0.143219 0.000000 1.000000
248.677291 42.352941 0.000000 -0.745983 -0.189012 0.000000 1.000000
249.884462 42.352941 0.000000 -0.143447 -0.271870 0.000000 1.000000
251.091633 42.352941 0.000000 -0.464107 -0.039890 0.000000 1.000000
252.298805 42.352941 0.000000 -0.398450 0.872359 0.000000 1.000000
253.505976 42.352941 0.000000 1.449113 -0.543828 0.000000 1.000000
254.713147 42.352941 0.000000 -0.257487 0.301112 0.000000 1.000000
255.920319 42.352941 0.000000 0.411926 -0.545347 0.000000 1.000000
257.127490 42.352941 0.000000 -0.404019 0.409315 0.000000 1.000000
258.334661 42.352941 0.000000 -1.158848 1.560799 0.000000 1.000000
259.541833 42.352941 0.000000 0.212780 -0.220516 0.000000 1.000000
260.749004 42.352941 0.000000 -0.106679 -0.764483 0.000000 1.000000
261.956175 42.352941 0.000000 1.274189 -0.064808 0.000000 1.000000
263.163347 42.352941 0.000000 -0.308029 1.236920 0.000000 1.000000
264.370518 42.352941 0.000000 0.729319 -0.142965 0.000000 1.000000
265.577689 42.352941 0.000000 0.308097 -0.240353 0.000000 1.000000
266.784861 42.352941 0.000000 -0.256497 -0.161725 0.000000 1.000000
267.992032 42.352941 0.000000 0.209938 0.768720 0.000000 1.000000
269.199203 42.352941 0.000000 1.397953 -1.541724 0.000000 1.000000
270.406375 42.352941 0.000000 1.641760 0.718845 0.000000 1.000000
271.613546 42.352941 0.000000 0.011311 -0.309571 0.000000 1.000000
272.820717 42.352941 0.000000 -1.321312 0.839103 0.000000 1.000000
274.027888 42.352941 0.000000 -0.774363 0.455449 0.000000 1.000000
275.235060 42.352941 0.000000 -0.293633 -1.155043 0.000000 1.000000
276.442231 42.352941 0.000000 0.295489 0.338418 0.000000 1.000000
277.649402 42.352941 0.000000 -0.662085 0.602202 0.000000 1.000000
278.856574 42.352941 0.000000 1.276244 0.341461 0.000000 1.000000
280.063745 42.352941 0.000000 0.304664 -0.524358 0.000000 1.000000
281.270916 42.352941 0.000000 -0.735321 -0.292633 0.000000 1.000000
282.478088 42.352941 0.000000 0.048416 0.002826 0.000000 1.000000
283.685259 42.352941 0.000000 -0.141015 1.756447 0.000000 1.000000
284.892430 42.352941 0.000000 0.403478 -0.695834 0.000000 1.000000
286.099602 42.352941 0.000000 -0.849315 -1.234833 0.000000 1.000000
287.306773 42.352941 0.000000 -0.714232 0.403738 0.000000 1.000000
288.513944 42.352941 0.000000 -0.202073 -0.495405 0.000000 1.000000
289.721116 42.352941 0.000000 0.416552 0.382871 0.000000 1.000000
290.928287 42.352941 0.000000 0.262241 -0.014836 0.000000 1.000000
292.135458 42.352941 0.000000 -0.026362 -0.937879 0.000000 1.000000
293.342629 42.352941 0.000000 -1.305145 -0.575707 0.000000 1.000000
294.549801 42.352941 0.000000 -0.558056 -0.584562 0.000000 1.000000
295.756972 42.352941 0.000000 -0.122855 -0.340682 0.000000 1.000000
296.964143 42.352941 0.000000 -0.922870 -0.078234 0.000000 1.000000
298.171315 42.352941 0.000000 0.237213 -0.353763 0.000000 1.000000
299.378486 42.352941 0.000000 0.578793 0.217580 0.000000 1.000000
300.585657 42.352941 0.000000 0.275004 -0.269615 0.000000 1.000000
301.792829 42.352941 0.000000 0.291993 0.477111 0.000000 1.000000
1.207171 45.882353 0.000000 -1.364555 0.749916 0.000000 1.000000
2.414343 45.882353 0.000000 -0.361812 0.454575 0.000000 1.000000
3.621514 45.882353 0.000000 -1.631204 -0.312463 0.000000 1.000000
4.828685 45.882353 0.000000 -1.201757 -0.110418 0.000000 1.000000
6.035857 45.882353 0.000000 0.127935 0.282293 0.000000 1.000000
7.243028 45.882353 0.000000 0.014252 -0.891155 0.000000 1.000000
8.450199 45.882353 0.000000 0.920793 -0.956734 0.000000 1.000000
9.657371 45.882353 0.000000 -0.238185 -0.554713 0.000000 1.000000
10.864542 45.882353 0.000000 -0.426433 -0.997620 0.000000 1.000000
12.071713 45.882353 0.000000 0.767261 0.522102 0.000000 1.000000
13.278884 45.882353 0.000000 0.050272 -0.107542 0.000000 1.000000
14.486056 45.882353 0.000000 -0.679179 -0.083319 0.000000 1.000000
15.693227 45.882353 0.000000 -0.642448 0.055623 0.000000 1.000000
16.900398 45.882353 0.000000 0.278032 -0.180237 0.000000 1.000000
18.107570 45.882353 0.000000 0.281759 0.407181 0.000000 1.000000
19.314741 45.882353 0.000000 0.568615 1.390881 0.000000 1.000000
20.521912 45.882353 0.000000 -1.009904 -0.877935 0.000000 1.000000
21.729084 45.882353 0.000000 -0.860568 -0.145342 0.000000 1.000000
22.936255 45.882353 0.000000 -1.127837 -0.380551 0.000000 1.000000
24.143426 45.882353 0.000000 0.592237 0.510179 0.000000 1.000000
25.350598 45.882353 0.000000 1.158955 0.598134 0.000000 1.000000
26.557769 45.882353 0.000000 0.715931 -0.379520 0.000000 1.000000
27.764940 45.882353 0.000000 -0.253563 0.615973 0.000000 1.000000
28.972112 45.882353 0.000000 0.606737 -1.360547 0.000000 1.000000
30.179283 45.882353 0.000000 -0.982255 -0.696928 0.000000 1.000000
31.386454 45.882353 0.000000 -0.608469 0.926042 0.000000 1.000000
32.593625 45.882353 0.000000 1.276602 0.227815 0.000000 1.000000
33.800797 45.882353 0.000000 0.240543 1.367682 0.000000 1.000000
35.007968 45.882353 0.000000 0.316895 0.389822 0.000000 1.000000
36.215139 45.882353 0.000000 0.263166 0.259204 0.000000 1.000000
37.422311 45.882353 0.000000 0.953581 0.508124 0.000000 1.000000
38.629482 45.882353 0.000000 0.059985 -0.283473 0.000000 1.000000
39.836653 45.882353 0.000000 0.183506 -1.181175 0.000000 1.000000
41.043825 45.882353 0.000000 0.325407 0.083680 0.000000 1.000000
42.250996 45.882353 0.000000 0.226456 -0.823419 0.000000 1.000000
43.458167 45.882353 0.000000 0.331060 0.123977 0.000000 1.000000
44.665339 45.882353 0.000000 -0.005332 0.256280 0.000000 1.000000
45.872510 45.882353 0.000000 -0.587027 -1.035289 0.000000 1.000000
47.079681 45.882353 0.000000 0.320719 -1.562354 0.000000 1.000000
48.286853 45.882353 0.000000 0.420374 1.456494 0.000000 1.000000
49.494024 45.882353 0.000000 0.261829 0.598169 0.000000 1.000000
50.701195 45.882353 0.000000 1.150593 0.732877 0.000000 1.000000
51.908367 45.882353 0.000000 1.609720 -0.621470 0.000000 1.000000
53.115538 45.882353 0.000000 -0.241653 0.336283 0.000000 1.000000
54.322709 45.882353 0.000000 -1.142292 -0.010033 0.000000 1.000000
55.529880 45.882353 0.000000 0.046820 0.912282 0.000000 1.000000
56.737052 45.882353 0.000000 0.754268 0.536347 0.000000 1.000000
57.944223 45.882353 0.000000 0.492307 0.037920 0.000000 1.000000
59.151394 45.882353 0.000000 0.206231 0.531547 0.000000 1.000000
60.358566 45.882353 0.000000 0.715015 -0.513927 0.000000 1.000000
61.565737 45.882353 0.000000 0.317530 -0.058745 0.000000 1.000000
62.772908 45.882353 0.000000 0.187394 0.810800 0.000000 1.000000
63.980080 45.882353 0.000000 -0.177600 -0.657423 0.000000 1.000000
65.187251 45.882353 0.000000 -0.644548 -0.410777 0.000000 1.000000
66.394422 45.882353 0.000000 0.430615 -0.122667 0.000000 1.000000
67.601594 45.882353 0.000000 -0.423256 0.540950 0.000000 1.000000
68.808765 45.882353 0.000000 0.112729 0.489898 0.000000 1.000000
70.015936 45.882353 0.000000 1.550317 1.324769 0.000000 1.000000
71.223108 45.882353 0.000000 0.243471 0.234159 0.000000 1.000000
72.430279 45.882353 0.000000 0.787103 0.898129 0.000000 1.000000
73.637450 45.882353 0.000000 -0.253627 -0.871708 0.000000 1.000000
74.844622 45.882353 0.000000 0.609818 0.153679 0.000000 1.000000
76.051793 45.882353 0.000000 0.431091 0.378404 0.000000 1.000000
77.258964 45.882353 0.000000 -0.494238 -0.366143 0.000000 1.000000
78.466135 45.882353 0.000000 0.757158 -0.119717 0.000000 1.000000
79.673307 45.882353 0.000000 -0.553011 -0.200200 0.000000 1.000000
80.880478 45.882353 0.000000 0.280802 -0.366260 0.000000 1.000000
82.087649 45.882353 0.000000 1.228144 0.568936 0.000000 1.000000
83.294821 45.882353 0.000000 -1.054122 0.156825 0.000000 1.000000
84.501992 45.882353 0.000000 1.109022 2.325341 0.000000 1.000000
85.709163 45.882353 0.000000 -0.333270 0.012003 0.000000 1.000000
86.916335 45.882353 0.000000 -0.959460 0.387848 0.000000 1.000000
88.123506 45.882353 0.000000 0.338213 0.194777 0.000000 1.000000
89.330677 45.882353 0.000000 -0.767042 0.546952 0.000000 1.000000
90.537849 45.882353 0.000000 1.292335 0.955270 0.000000 1.000000
91.745020 45.882353 0.000000 0.255772 -0.041357 0.000000 1.000000
92.952191 45.882353 0.000000 0.634834 -0.105240 0.000000 1.000000
94.159363 45.882353 0.000000 -1.788698 -1.220181 0.000000 1.000000
95.366534 45.882353 0.000000 0.967102 0.935166 0.000000 1.000000
96.573705 45.882353 0.000000 -0.089045 -0.569916 0.000000 1.000000
97.780876 45.882353 0.000000 -0.212705 -0.914874 0.000000 1.000000
98.988048 45.882353 0.000000 -0.179933 1.229830 0.000000 1.000000
100.195219 45.882353 0.000000 -0.442739 -0.567205 0.000000 1.000000
101.402390 45.882353 0.000000 -0.950680 0.139979 0.000000 1.000000
102.609562 45.882353 0.000000 -0.672060 0.454435 0.000000 1.000000
103.816733 45.882353 0.000000 -0.218587 1.183384 0.000000 1.000000
105.023904 45.882353 0.000000 0.417749 0.331822 0.000000 1.000000
106.231076 45.882353 0.000000 -0.995147 0.011560 0.000000 1.000000
107.438247 45.882353 0.000000 0.214429 0.236962 0.000000 1.000000
108.645418 45.882353 0.000000 0.250934 0.081184 0.000000 1.000000
109.852590 45.882353 0.000000 -0.826075 -1.707353 0.000000 1.000000
111.059761 45.882353 0.000000 -0.789629 0.711479 0.000000 1.000000
112.266932 45.882353 0.000000 0.565547 0.802296 0.000000 1.000000
113.474104 45.882353 0.000000 0.231639 0.155055 0.000000 1.000000
114.681275 45.882353 0.000000 0.011841 -1.213383 0.000000 1.000000
115.888446 45.882353 0.000000 0.125612 -0.463399 0.000000 1.000000
117.095618 45.882353 0.000000 -0.431070 -0.704294 0.000000 1.000000
118.302789 45.882353 0.000000 -0.047891 0.641628 0.000000 1.000000
119.509960 45.882353 0.000000 0.565134 -0.691938 0.000000 1.000000
120.717131 45.882353 0.000000 0.170917 -0.058083 0.000000 1.000000
121.924303 45.882353 0.000000 -1.422510 0.659293 0.000000 1.000000
123.131474 45.882353 0.000000 -0.457854 0.404893 0.000000 1.000000
124.338645 45.882353 0.000000 -0.559790 0.544615 0.000000 1.000000
125.545817 45.882353 0.000000 0.882374 0.179410 0.000000 1.000000
126.752988 45.882353 0.000000 0.383675 -0.467583 0.000000 1.000000
127.960159 45.882353 0.000000 -0.224542 -0.796683 0.000000 1.000000
129.167331 45.882353 0.000000 0.743999 0.833394 0.000000 1.000000
130.374502 45.882353 0.000000 -0.339672 0.021318 0.000000 1.000000
131.581673 45.882353 0.000000 -0.471825 -0.931104 0.000000 1.000000
132.788845 45.882353 0.000000 -0.364351 -0.852031 0.000000 1.000000
133.996016 45.882353 0.000000 -1.372513 0.203799 0.000000 1.000000
135.203187 45.882353 0.000000 -0.704431 -0.035071 0.000000 1.000000
136.410359 45.882353 0.000000 -1.879759 0.057232 0.000000 1.000000
137.617530 45.882353 0.000000 -0.489781 -0.447666 0.000000 1.000000
138.824701 45.882353 0.000000 0.615166 -0.091970 0.000000 1.000000
140.031873 45.882353 0.000000 0.211140 0.032321 0.000000 1.000000
141.239044 45.882353 0.000000 0.339885 -0.565194 0.000000 1.000000
142.446215 45.882353 0.000000 -0.008614 -0.170407 0.000000 1.000000
143.653386 45.882353 0.000000 0.500895 -0.413094 0.000000 1.000000
144.860558 45.882353 0.000000 0.532301 0.368141 0.000000 1.000000
146.067729 45.882353 0.000000 -0.411246 0.508253 0.000000 1.000000
147.274900 45.882353 0.000000 -0.282664 -0.458051 0.000000 1.000000
148.482072 45.882353 0.000000 -0.566507 -0.765276 0.000000 1.000000
149.689243 45.882353 0.000000 0.219723 -0.144407 0.000000 1.000000
150.896414 45.882353 0.000000 -0.217438 0.598473 0.000000 1.000000
152.103586 45.882353 0.000000 0.623062 0.072131 0.000000 1.000000
153.310757 45.882353 0.000000 -1.368874 0.337566 0.000000 1.000000
154.517928 45.882353 0.000000 -1.385451 -0.636632 0.000000 1.000000
155.725100 45.882353 0.000000 -0.114106 1.079718 0.000000 1.000000
156.932271 45.882353 0.000000 -1.755240 -1.088297 0.000000 1.000000
158.139442 45.882353 0.000000 -0.506246 0.483278 0.000000 1.000000
159.346614 45.882353 0.000000 -1.154462 -0.571210 0.000000 1.000000
160.553785 45.882353 0.000000 0.857216 0.618063 0.000000 1.000000
161.760956 45.882353 0.000000 -0.430241 0.711398 0.000000 1.000000
162.968127 45.882353 0.000000 0.059848 -0.646723 0.000000 1.000000
164.175299 45.882353 0.000000 -0.504890 -0.449301 0.000000 1.000000
165.382470 45.882353 0.000000 -0.763135 0.318969 0.000000 1.000000
166.589641 45.882353 0.000000 0.713783 -1.023883 0.000000 1.000000
167.796813 45.882353 0.000000 0.470817 -0.744054 0.000000 1.000000
169.003984 45.882353 0.000000 -0.051697 0.209144 0.000000 1.000000
170.211155 45.882353 0.000000 0.716507 -0.022476 0.000000 1.000000
171.418327 45.882353 0.000000 0.175528 1.146604 0.000000 1.000000
172.625498 45.882353 0.000000 1.141780 0.739218 0.000000 1.000000
173.832669 45.882353 0.000000 0.530291 0.353863 0.000000 1.000000
175.039841 45.882353 0.000000 1.158752 0.515868 0.000000 1.000000
176.247012 45.882353 0.000000 -0.479703 0.069608 0.000000 1.000000
177.454183 45.882353 0.000000 0.290114 -0.990285 0.000000 1.000000
178.661355 45.882353 0.000000 -0.409003 1.204193 0.000000 1.000000
179.868526 45.882353 0.000000 -0.804386 0.355050 0.000000 1.000000
181.075697 45.882353 0.000000 0.220984 0.676917 0.000000 1.000000
182.282869 45.882353 0.000000 -0.549921 -0.554777 0.000000 1.000000
183.490040 45.882353 0.000000 0.037273 -0.450191 0.000000 1.000000
184.697211 45.882353 0.000000 1.094436 0.123075 0.000000 1.000000
185.904382 45.882353 0.000000 0.602831 -0.709863 0.000000 1.000000
187.111554 45.882353 0.000000 0.416969 1.754938 0.000000 1.000000
188.318725 45.882353 0.000000 -0.039214 -0.798122 0.000000 1.000000
189.525896 45.882353 0.000000 0.804772 -0.340984 0.000000 1.000000
190.733068 45.882353 0.000000 -0.911454 -0.802846 0.000000 1.000000
191.940239 45.882353 0.000000 -0.836059 0.364130 0.000000 1.000000
193.147410 45.882353 0.000000 -0.601370 -0.619904 0.000000 1.000000
194.354582 45.882353 0.000000 -0.263422 0.295641 0.000000 1.000000
195.561753 45.882353 0.000000 0.629052 0.866285 0.000000 1.000000
196.768924 45.882353 0.000000 -0.235255 0.713163 0.000000 1.000000
197.976096 45.882353 0.000000 -0.557137 1.204162 0.000000 1.000000
199.183267 45.882353 0.000000 0.438141 0.182412 0.000000 1.000000
200.390438 45.882353 0.000000 -1.123406 0.683310 0.000000 1.000000
201.597610 45.882353 0.000000 -0.331186 -0.437777 0.000000 1.000000
202.804781 45.882353 0.000000 -0.580830 -0.434111 0.000000 1.000000
204.011952 45.882353 0.000000 0.348637 0.296642 0.000000 1.000000
205.219124 45.882353 0.000000 0.036363 1.319070 0.000000 1.000000
206.426295 45.882353 0.000000 -0.883365 0.196791 0.000000 1.000000
207.633466 45.882353 0.000000 -0.939647 0.393063 0.000000 1.000000
208.840637 45.882353 0.000000 0.405054 0.090518 0.000000 1.000000
210.047809 45.882353 0.000000 0.357498 0.407879 0.000000 1.000000
211.254980 45.882353 0.000000 0.341845 -0.984150 0.000000 1.000000
212.462151 45.882353 0.000000 0.620076 1.231090 0.000000 1.000000
213.669323 45.882353 0.000000 0.794215 -0.189464 0.000000 1.000000
214.876494 45.882353 0.000000 1.389799 0.169329 0.000000 1.000000
216.083665 45.882353 0.000000 0.828618 0.477288 0.000000 1.000000
217.290837 45.882353 0.000000 1.019829 -1.131328 0.000000 1.000000
218.498008 45.882353 0.000000 -0.560945 0.365235 0.000000 1.000000
219.705179 45.882353 0.000000 -0.169394 -0.262542 0.000000 1.000000
220.912351 45.882353 0.000000 1.063004 -0.402251 0.000000 1.000000
222.119522 45.882353 0.000000 0.218306 0.260762 0.000000 1.000000
223.326693 45.882353 0.000000 -0.160414 -1.641479 0.000000 1.000000
224.533865 45.882353 0.000000 -1.316653 -0.188240 0.000000 1.000000
225.741036 45.882353 0.000000 1.556036 -0.514712 0.000000 1.000000
226.948207 45.882353 0.000000 -0.017069 1.463793 0.000000 1.000000
228.155378 45.882353 0.000000 0.026654 0.354648 0.000000 1.000000
229.362550 45.882353 0.000000 0.219995 -0.597806 0.000000 1.000000
230.569721 45.882353 0.000000 -0.606991 -0.360775 0.000000 1.000000
231.776892 45.882353 0.000000 -0.005675 -0.524209 0.000000 1.000000
232.984064 45.882353 0.000000 -0.349650 0.178414 0.000000 1.000000
234.191235 45.882353 0.000000 0.847832 1.663217 0.000000 1.000000
235.398406 45.882353 0.000000 -0.503377 0.195591 0.000000 1.000000
236.605578 45.882353 0.000000 -0.695004 -0.443134 0.000000 1.000000
237.812749 45.882353 0.000000 -1.216778 1.215438 0.000000 1.000000
239.019920 45.882353 0.000000 -0.301614 0.673138 0.000000 1.000000
240.227092 45.882353 0.000000 -0.746057 -1.663600 0.000000 1.000000
241.434263 45.882353 0.000000 1.207536 -1.147904 0.000000 1.000000
242.641434 45.882353 0.000000 -0.731357 0.844984 0.000000 1.000000
243.848606 45.882353 0.000000 0.062894 -0.136997 0.000000 1.000000
245.055777 45.882353 0.000000 0.943563 -0.205263 0.000000 1.000000
246.262948 45.882353 0.000000 0.565971 -0.879908 0.000000 1.000000
247.470120 45.882353 0.000000 1.008896 -0.398871 0.000000 1.000000
248.677291 45.882353 0.000000 0.125985 -0.513461 0.000000 1.000000
249.884462 45.882353 0.000000 -0.575578 -0.203338 0.000000 1.000000
251.091633 45.882353 0.000000 0.648296 -0.178636 0.000000 1.000000
252.298805 45.882353 0.000000 0.137169 -0.339025 0.000000 1.000000
253.505976 45.882353 0.000000 0.935746 -1.041397 0.000000 1.000000
254.713147 45.882353 0.000000 -1.185891 0.994599 0.000000 1.000000
255.920319 45.882353 0.000000 -1.528635 1.211405 0.000000 1.000000
257.127490 45.882353 0.000000 -0.011067 0.301881 0.000000 1.000000
258.334661 45.882353 0.000000 0.228186 -0.470498 0.000000 1.000000
259.541833 45.882353 0.000000 0.365790 1.435158 0.000000 1.000000
260.749004 45.882353 0.000000 0.862301 -0.509171 0.000000 1.000000
261.956175 45.882353 0.000000 0.876344 -0.834316 0.000000 1.000000
263.163347 45.882353 0.000000 -0.154771 0.097627 0.000000 1.000000
264.370518 45.882353 0.000000 0.879054 -0.984933 0.000000 1.000000
265.577689 45.882353 0.000000 0.742575 -0.296965 0.000000 1.000000
266.784861 45.882353 0.000000 -1.158965 0.699892 0.000000 1.000000
267.992032 45.882353 0.000000 -0.294812 -1.422146 0.000000 1.000000
269.199203 45.882353 0.000000 0.563002 -1.198024 0.000000 1.000000
270.406375 45.882353 0.000000 -0.267614 -0.802025 0.000000 1.000000
271.613546 45.882353 0.000000 -0.573669 0.764538 0.000000 1.000000
272.820717 45.882353 0.000000 0.448604 -1.071787 0.000000 1.000000
274.027888 45.882353 0.000000 -0.159776 0.042723 0.000000 1.000000
275.235060 45.882353 0.000000 0.958793 0.320217 0.000000 1.000000
276.442231 45.882353 0.000000 -0.855989 -0.918411 0.000000 1.000000
277.649402 45.882353 0.000000 0.469093 0.534452 0.000000 1.000000
278.856574 45.882353 0.000000 -0.425160 -0.448235 0.000000 1.000000
280.063745 45.882353 0.000000 0.359969 0.199252 0.000000 1.000000
281.270916 45.882353 0.000000 -1.860110 -0.197395 0.000000 1.000000
282.478088 45.882353 0.000000 0.581906 -1.054923 0.000000 1.000000
283.685259 45.882353 0.000000 0.615288 -0.887827 0.000000 1.000000
284.892430 45.882353 0.000000 0.163841 -0.603655 0.000000 1.000000
286.099602 45.882353 0.000000 -1.142425 0.150725 0.000000 1.000000
287.306773 45.882353 0.000000 -0.072690 1.070537 0.000000 1.000000
288.513944 45.882353 0.000000 0.587667 -1.128552 0.000000 1.000000
289.721116 45.882353 0.000000 0.231544 0.688418 0.000000 1.000000
290.928287 45.882353 0.000000 0.599684 1.310023 0.000000 1.000000
292.135458 45.882353 0.000000 1.380745 -0.505098 0.000000 1.000000
293.342629 45.882353 0.000000 0.274174 1.692528 0.000000 1.000000
294.549801 45.882353 0.000000 0.903411 -0.479569 0.000000 1.000000
295.756972 45.882353 0.000000 -1.078559 -1.105941 0.000000 1.000000
296.964143 45.882353 0.000000 0.463510 -0.081563 0.000000 1.000000
298.171315 45.882353 0.000000 -0.129985 -0.415400 0.000000 1.000000
299.378486 45.882353 0.000000 -0.608743 0.430507 0.000000 1.000000
300.585657 45.882353 0.000000 -0.019856 0.299314 0.000000 1.000000
301.792829 45.882353 0.000000 -1.158103 1.260116 0.000000 1.000000
1.207171 49.411765 0.000000 0.833174 0.751561 0.000000 1.000000
2.414343 49.411765 0.000000 -1.459511 0.624215 0.000000 1.000000
3.621514 49.411765 0.000000 -1.014072 0.297970 0.000000 1.000000
4.828685 49.411765 0.000000 0.821832 0.752287 0.000000 1.000000
6.035857 49.411765 0.000000 0.513150 1.304608 0.000000 1.000000
7.243028 49.411765 0.000000 0.116447 -0.576425 0.000000 1.000000
8.450199 49.411765 0.000000 -0.373611 0.008201 0.000000 1.000000
9.657371 49.411765 0.000000 0.592721 -0.756969 0.000000 1.000000
10.864542 49.411765 0.000000 0.576106 -0.022846 0.000000 1.000000
12.071713 49.411765 0.000000 -0.325511 -0.665891 0.000000 1.000000
13.278884 49.411765 0.000000 -0.333744 0.210443 0.000000 1.000000
14.486056 49.411765 0.000000 -0.138038 0.527988 0.000000 1.000000
15.693227 49.411765 0.000000 -1.139934 -1.044760 0.000000 1.000000
16.900398 49.411765 0.000000 -0.733600 0.778892 0.000000 1.000000
18.107570 49.411765 0.000000 -0.098730 0.020985 0.000000 1.000000
19.314741 49.411765 0.000000 0.418110 0.458541 0.000000 1.000000
20.521912 49.411765 0.000000 -0.377940 -1.014702 0.000000 1.000000
21.729084 49.411765 0.000000 -0.253875 -1.086357 0.000000 1.000000
22.936255 49.411765 0.000000 -0.047819 -0.547484 0.000000 1.000000
24.143426 49.411765 0.000000 0.202898 0.133186 0.000000 1.000000
25.350598 49.411765 0.000000 -0.257735 0.443338 0.000000 1.000000
26.557769 49.411765 0.000000 2.005583 -1.310081 0.000000 1.000000
27.764940 49.411765 0.000000 1.715570 -0.693344 0.000000 1.000000
28.972112 49.411765 0.000000 -0.958120 -0.685197 0.000000 1.000000
30.179283 49.411765 0.000000 0.518556 0.147094 0.000000 1.000000
31.386454 49.411765 0.000000 -0.438800 -0.415418 0.000000 1.000000
32.593625 49.411765 0.000000 -0.537505 0.412800 0.000000 1.000000
33.800797 49.411765 0.000000 0.886976 -0.186002 0.000000 1.000000
35.007968 49.411765 0.000000 -0.480736 -0.271478 0.000000 1.000000
36.215139 49.411765 0.000000 -1.632083 -0.043901 0.000000 1.000000
37.422311 49.411765 0.000000 0.270381 -0.266558 0.000000 1.000000
38.629482 49.411765 0.000000 -0.357254 0.787338 0.000000 1.000000
39.836653 49.411765 0.000000 0.221232 0.268637 0.000000 1.000000
41.043825 49.411765 0.000000 0.355365 0.095843 0.000000 1.000000
42.250996 49.411765 0.000000 0.928470 -0.973917 0.000000 1.000000
43.458167 49.411765 0.000000 -0.022457 -1.619920 0.000000 1.000000
44.665339 49.411765 0.000000 -0.297685 1.411085 0.000000 1.000000
45.872510 49.411765 0.000000 -0.908739 -0.785566 0.000000 1.000000
47.079681 49.411765 0.000000 -0.053277 0.604959 0.000000 1.000000
48.286853 49.411765 0.000000 0.480577 -0.389946 0.000000 1.000000
49.494024 49.411765 0.000000 1.199985 -0.046488 0.000000 1.000000
50.701195 49.411765 0.000000 0.804635 1.121243 0.000000 1.000000
51.908367 49.411765 0.000000 -0.695502 -1.062543 0.000000 1.000000
53.115538 49.411765 0.000000 0.378524 0.126169 0.000000 1.000000
54.322709 49.411765 0.000000 0.023742 0.184096 0.000000 1.000000
55.529880 49.411765 0.000000 -0.071399 1.098604 0.000000 1.000000
56.737052 49.411765 0.000000 -2.129224 0.893133 0.000000 1.000000
57.944223 49.411765 0.000000 0.182724 -0.095600 0.000000 1.000000
59.151394 49.411765 0.000000 -0.689728 0.865912 0.000000 1.000000
60.358566 49.411765 0.000000 -0.820964 0.071049 0.000000 1.000000
61.565737 49.411765 0.000000 0.803977 -1.175744 0.000000 1.000000
62.772908 49.411765 0.000000 0.223132 0.214278 0.000000 1.000000
63.980080 49.411765 0.000000 0.301433 -0.334360 0.000000 1.000000
65.187251 49.411765 0.000000 0.413670 0.728918 0.000000 1.000000
66.394422 49.411765 0.000000 -0.212798 1.467718 0.000000 1.000000
67.601594 49.411765 0.000000 -0.803944 -0.485338 0.000000 1.000000
68.808765 49.411765 0.000000 0.849979 -0.158701 0.000000 1.000000
70.015936 49.411765 0.000000 -0.662851 -0.321233 0.000000 1.000000
71.223108 49.411765 0.000000 1.070607 0.555862 0.000000 1.000000
72.430279 49.411765 0.000000 -0.655406 -1.330080 0.000000 1.000000
73.637450 49.411765 0.000000 1.054793 0.168187 0.000000 1.000000
74.844622 49.411765 0.000000 -0.299220 -0.647235 0.000000 1.000000
76.051793 49.411765 0.000000 -1.465783 -0.939834 0.000000 1.000000
77.258964 49.411765 0.000000 0.211982 -0.354587 0.000000 1.000000
78.466135 49.411765 0.000000 1.163159 0.644337 0.000000 1.000000
79.673307 49.411765 0.000000 -0.419133 -0.661134 0.000000 1.000000
80.880478 49.411765 0.000000 0.911937 -0.269281 0.000000 1.000000
82.087649 49.411765 0.000000 1.868924 0.062734 0.000000 1.000000
83.294821 49.411765 0.000000 -0.965566 -1.448473 0.000000 1.000000
84.501992 49.411765 0.000000 -0.520455 1.016571 0.000000 1.000000
85.709163 49.411765 0.000000 -0.175120 -1.773370 0.000000 1.000000
86.916335 49.411765 0.000000 -0.442383 -0.210626 0.000000 1.000000
88.123506 49.411765 0.000000 0.968261 0.300405 0.000000 1.000000
89.330677 49.411765 0.000000 -0.106440 0.208732 0.000000 1.000000
90.537849 49.411765 0.000000 1.572419 0.743379 0.000000 1.000000
91.745020 49.411765 0.000000 -0.524663 0.478304 0.000000 1.000000
92.952191 49.411765 0.000000 0.800021 1.641692 0.000000 1.000000
94.159363 49.411765 0.000000 0.202492 -0.234093 0.000000 1.000000
95.366534 49.411765 0.000000 0.252515 -0.342981 0.000000 1.000000
96.573705 49.411765 0.000000 0.106326 -0.574689 0.000000 1.000000
97.780876 49.411765 0.000000 0.016186 -1.035641 0.000000 1.000000
98.988048 49.411765 0.000000 0.596402 0.559194 0.000000 1.000000
100.195219 49.411765 0.000000 -1.167684 0.522829 0.000000 1.000000
101.402390 49.411765 0.000000 -0.396650 0.993533 0.000000 1.000000
102.609562 49.411765 0.000000 0.709817 0.763157 0.000000 1.000000
103.816733 49.411765 0.000000 0.417607 -0.743092 0.000000 1.000000
105.023904 49.411765 0.000000 -1.469126 0.090418 0.000000 1.000000
106.231076 49.411765 0.000000 -0.900344 0.128726 0.000000 1.000000
107.438247 49.411765 0.000000 -1.052744 0.546897 0.000000 1.000000
108.645418 49.411765 0.000000 0.364384 -0.910205 0.000000 1.000000
109.852590 49.411765 0.000000 -0.682511 0.294265 0.000000 1.000000
111.059761 49.411765 0.000000 0.625518 0.157059 0.000000 1.000000
112.266932 49.411765 0.000000 -0.491086 0.108991 0.000000 1.000000
113.474104 49.411765 0.000000 -0.160469 -0.383465 0.000000 1.000000
114.681275 49.411765 0.000000 -0.996471 0.023803 0.000000 1.000000
115.888446 49.411765 0.000000 -0.579418 -0.095991 0.000000 1.000000
117.095618 49.411765 0.000000 -1.424351 0.585863 0.000000 1.000000
118.302789 49.411765 0.000000 -0.397514 0.050756 0.000000 1.000000
119.509960 49.411765 0.000000 1.060358 1.093106 0.000000 1.000000
120.717131 49.411765 0.000000 0.467693 -0.727522 0.000000 1.000000
121.924303 49.411765 0.000000 -0.062716 0.206695 0.000000 1.000000
123.131474 49.411765 0.000000 0.190073 0.093879 0.000000 1.000000
124.338645 49.411765 0.000000 0.579720 0.460055 0.000000 1.000000
125.545817 49.411765 0.000000 0.861569 0.576222 0.000000 1.000000
126.752988 49.411765 0.000000 -0.491663 -0.230951 0.000000 1.000000
127.960159 49.411765 0.000000 -0.009294 0.286456 0.000000 1.000000
129.167331 49.411765 0.000000 -0.348096 -0.013008 0.000000 1.000000
130.374502 49.411765 0.000000 -0.235010 -0.383439 0.000000 1.000000
131.581673 49.411765 0.000000 0.291543 0.637900 0.000000 1.000000
132.788845 49.411765 0.000000 1.252889 0.717643 0.000000 1.000000
133.996016 49.411765 0.000000 -0.277797 0.893324 0.000000 1.000000
135.203187 49.411765 0.000000 -1.011855 0.288393 0.000000 1.000000
136.410359 49.411765 0.000000 -0.395718 -0.394957 0.000000 1.000000
137.617530 49.411765 0.000000 1.400428 -0.302744 0.000000 1.000000
138.824701 49.411765 0.000000 0.173563 0.412154 0.000000 1.000000
140.031873 49.411765 0.000000 -0.018341 -0.967849 0.000000 1.000000
141.239044 49.411765 0.000000 0.231615 -0.247555 0.000000 1.000000
142.446215 49.411765 0.000000 -0.075175 -0.021893 0.000000 1.000000
143.653386 49.411765 0.000000 0.322184 0.284996 0.000000 1.000000
144.860558 49.411765 0.000000 -1.074093 0.149949 0.000000 1.000000
146.067729 49.411765 0.000000 1.247037 -1.354407 0.000000 1.000000
147.274900 49.411765 0.000000 -0.655332 -0.493305 0.000000 1.000000
148.482072 49.411765 0.000000 -1.404695 -1.299525 0.000000 1.000000
149.689243 49.411765 0.000000 -0.678766 0.806948 0.000000 1.000000
150.896414 49.411765 0.000000 -0.260120 -0.665069 0.000000 1.000000
152.103586 49.411765 0.000000 -0.119128 0.340252 0.000000 1.000000
153.310757 49.411765 0.000000 0.342822 0.024516 0.000000 1.000000
154.517928 49.411765 0.000000 1.867528 0.181576 0.000000 1.000000
155.725100 49.411765 0.000000 0.306137 -0.380711 0.000000 1.000000
156.932271 49.411765 0.000000 -0.609558 -0.828875 0.000000 1.000000
158.139442 49.411765 0.000000 -0.912541 0.383894 0.000000 1.000000
159.346614 49.411765 0.000000 0.114121 -0.451285 0.000000 1.000000
160.553785 49.411765 0.000000 -0.248520 0.743501 0.000000 1.000000
161.760956 49.411765 0.000000 -0.146918 0.018684 0.000000 1.000000
162.968127 49.411765 0.000000 0.204194 0.345978 0.000000 1.000000
164.175299 49.411765 0.000000 -0.535114 -1.747492 0.000000 1.000000
165.382470 49.411765 0.000000 -1.379610 0.244270 0.000000 1.000000
166.589641 49.411765 0.000000 -0.408153 -0.247423 0.000000 1.000000
167.796813 49.411765 0.000000 -1.214606 -0.571556 0.000000 1.000000
169.003984 49.411765 0.000000 0.084024 0.022484 0.000000 1.000000
170.211155 49.411765 0.000000 -0.763193 -0.822003 0.000000 1.000000
171.418327 49.411765 0.000000 1.362249 -0.182086 0.000000 1.000000
172.625498 49.411765 0.000000 -0.077568 -0.954157 0.000000 1.000000
173.832669 49.411765 0.000000 -0.552744 -0.201624 0.000000 1.000000
175.039841 49.411765 0.000000 -0.813782 0.058553 0.000000 1.000000
176.247012 49.411765 0.000000 -0.817933 -0.531838 0.000000 1.000000
177.454183 49.411765 0.000000 -0.564809 -1.179359 0.000000 1.000000
178.661355 49.411765 0.000000 -1.116420 0.079521 0.000000 1.000000
179.868526 49.411765 0.000000 -0.729093 -0.136482 0.000000 1.000000
181.075697 49.411765 0.000000 -0.103363 0.229062 0.000000 1.000000
182.282869 49.411765 0.000000 0.574104 -0.463495 0.000000 1.000000
183.490040 49.411765 0.000000 -0.815113 0.132297 0.000000 1.000000
184.697211 49.411765 0.000000 0.604770 -0.249642 0.000000 1.000000
185.904382 49.411765 0.000000 -0.047333 -0.142673 0.000000 1.000000
187.111554 49.411765 0.000000 -0.109669 0.443403 0.000000 1.000000
188.318725 49.411765 0.000000 -0.286149 0.421641 0.000000 1.000000
189.525896 49.411765 0.000000 0.292617 1.514986 0.000000 1.000000
190.733068 49.411765 0.000000 -0.510437 0.807780 0.000000 1.000000
191.940239 49.411765 0.000000 0.567333 -0.870125 0.000000 1.000000
193.147410 49.411765 0.000000 0.399894 0.427030 0.000000 1.000000
194.354582 49.411765 0.000000 -0.431087 -1.745729 0.000000 1.000000
195.561753 49.411765 0.000000 0.526876 -0.922066 0.000000 1.000000
196.768924 49.411765 0.000000 -0.122299 -1.260326 0.000000 1.000000
197.976096 49.411765 0.000000 0.419218 -1.303654 0.000000 1.000000
199.183267 49.411765 0.000000 -0.415762 -0.404703 0.000000 1.000000
200.390438 49.411765 0.000000 -0.005290 -1.054175 0.000000 1.000000
201.597610 49.411765 0.000000 0.324470 0.336533 0.000000 1.000000
202.804781 49.411765 0.000000 -0.257131 -0.206583 0.000000 1.000000
204.011952 49.411765 0.000000 -1.947054 1.129588 0.000000 1.000000
205.219124 49.411765 0.000000 -0.160718 0.452007 0.000000 1.000000
206.426295 49.411765 0.000000 0.129022 0.033926 0.000000 1.000000
207.633466 49.411765 0.000000 0.486671 -0.457658 0.000000 1.000000
208.840637 49.411765 0.000000 0.720258 1.108363 0.000000 1.000000
210.047809 49.411765 0.000000 0.141676 -0.116446 0.000000 1.000000
211.254980 49.411765 0.000000 0.690847 0.286782 0.000000 1.000000
212.462151 49.411765 0.000000 -0.265535 -0.246949 0.000000 1.000000
213.669323 49.411765 0.000000 0.088107 0.533348 0.000000 1.000000
214.876494 49.411765 0.000000 -0.356489 0.553144 0.000000 1.000000
216.083665 49.411765 0.000000 1.387345 0.413589 0.000000 1.000000
217.290837 49.411765 0.000000 -0.044780 0.396929 0.000000 1.000000
218.498008 49.411765 0.000000 -0.313020 -0.797100 0.000000 1.000000
219.705179 49.411765 0.000000 -0.536831 -0.973866 0.000000 1.000000
220.912351 49.411765 0.000000 0.679315 -0.343067 0.000000 1.000000
222.119522 49.411765 0.000000 -1.308871 0.355704 0.000000 1.000000
223.326693 49.411765 0.000000 0.256153 0.209277 0.000000 1.000000
224.533865 49.411765 0.000000 -0.948734 -0.795795 0.000000 1.000000
225.741036 49.411765 0.000000 1.245510 -0.433063 0.000000 1.000000
226.948207 49.411765 0.000000 0.321839 0.081513 0.000000 1.000000
228.155378 49.411765 0.000000 -0.980249 -1.047969 0.000000 1.000000
229.362550 49.411765 0.000000 0.349960 -0.224779 0.000000 1.000000
230.569721 49.411765 0.000000 -0.200030 0.731181 0.000000 1.000000
231.776892 49.411765 0.000000 -1.147991 -0.048019 0.000000 1.000000
232.984064 49.411765 0.000000 0.827929 0.590724 0.000000 1.000000
234.191235 49.411765 0.000000 -0.195547 0.326399 0.000000 1.000000
235.398406 49.411765 0.000000 0.441135 -0.624590 0.000000 1.000000
236.605578 49.411765 0.000000 -1.045257 0.605833 0.000000 1.000000
237.812749 49.411765 0.000000 0.037493 1.280912 0.000000 1.000000
239.019920 49.411765 0.000000 -0.455576 0.698817 0.000000 1.000000
240.227092 49.411765 0.000000 0.586634 0.342841 0.000000 1.000000
241.434263 49.411765 0.000000 0.019981 -0.673971 0.000000 1.000000
242.641434 49.411765 0.000000 -0.206794 -0.354491 0.000000 1.000000
243.848606 49.411765 0.000000 0.015931 -0.745370 0.000000 1.000000
245.055777 49.411765 0.000000 0.173470 1.254716 0.000000 1.000000
246.262948 49.411765 0.000000 -0.621189 0.370091 0.000000 1.000000
247.470120 49.411765 0.000000 -1.337364 0.348987 0.000000 1.000000
248.677291 49.411765 0.000000 0.184994 -0.649455 0.000000 1.000000
249.884462 49.411765 0.000000 0.389366 0.068264 0.000000 1.000000
251.091633 49.411765 0.000000 1.278203 0.074546 0.000000 1.000000
252.298805 49.411765 0.000000 0.278796 -0.108687 0.000000 1.000000
253.505976 49.411765 0.000000 -0.793835 1.834288 0.000000 1.000000
254.713147 49.411765 0.000000 0.128755 0.210768 0.000000 1.000000
255.920319 49.411765 0.000000 0.059595 -1.042656 0.000000 1.000000
257.127490 49.411765 0.000000 -0.962079 -1.190025 0.000000 1.000000
258.334661 49.411765 0.000000 0.933726 0.349566 0.000000 1.000000
259.541833 49.411765 0.000000 -0.237442 -1.017249 0.000000 1.000000
260.749004 49.411765 0.000000 -0.587913 -0.078873 0.000000 1.000000
261.956175 49.411765 0.000000 -0.872824 0.611766 0.000000 1.000000
263.163347 49.411765 0.000000 -0.568910 -0.204576 0.000000 1.000000
264.370518 49.411765 0.000000 -0.071425 -1.552862 0.000000 1.000000
265.577689 49.411765 0.000000 0.571805 0.022951 0.000000 1.000000
266.784861 49.411765 0.000000 -1.567211 -0.281898 0.000000 1.000000
267.992032 49.411765 0.000000 -0.236568 -0.737018 0.000000 1.000000
269.199203 49.411765 0.000000 0.246284 0.846196 0.000000 1.000000
270.406375 49.411765 0.000000 0.244757 -1.003263 0.000000 1.000000
271.613546 49.411765 0.000000 -0.479587 -1.404308 0.000000 1.000000
272.820717 49.411765 0.000000 0.141473 -0.711344 0.000000 1.000000
274.027888 49.411765 0.000000 0.194395 0.561025 0.000000 1.000000
275.235060 49.411765 0.000000 0.620612 0.141420 0.000000 1.000000
276.442231 49.411765 0.000000 -0.181242 -1.152025 0.000000 1.000000
277.649402 49.411765 0.000000 1.542018 1.556529 0.000000 1.000000
278.856574 49.411765 0.000000 -0.066408 0.299566 0.000000 1.000000
280.063745 49.411765 0.000000 -0.813683 -0.279868 0.000000 1.000000
281.270916 49.411765 0.000000 0.018106 -0.422668 0.000000 1.000000
282.478088 49.411765 0.000000 1.242267 0.214544 0.000000 1.000000
283.685259 49.411765 0.000000 -0.439627 -0.294029 0.000000 1.000000
284.892430 49.411765 0.000000 0.171792 -1.131024 0.000000 1.000000
286.099602 49.411765 0.000000 0.340572 -0.033490 0.000000 1.000000
287.306773 49.411765 0.000000 0.634941 0.245808 0.000000 1.000000
288.513944 49.411765 0.000000 -0.462300 -0.479101 0.000000 1.000000
289.721116 49.411765 0.000000 0.979778 0.297624 0.000000 1.000000
290.928287 49.411765 0.000000 0.420859 0.414432 0.000000 1.000000
292.135458 49.411765 0.000000 -0.064452 -0.779736 0.000000 1.000000
293.342629 49.411765 0.000000 1.271643 -0.142270 0.000000 1.000000
294.549801 49.411765 0.000000 0.910561 -0.068541 0.000000 1.000000
295.756972 49.411765 0.000000 0.782555 -0.618011 0.000000 1.000000
296.964143 49.411765 0.000000 -0.931074 -0.203034 0.000000 1.000000
298.171315 49.411765 0.000000 -0.341483 0.461926 0.000000 1.000000
299.378486 49.411765 0.000000 0.242531 -1.098986 0.000000 1.000000
300.585657 49.411765 0.000000 -0.524575 -0.994525 0.000000 1.000000
301.792829 49.411765 0.000000 -0.529724 -0.071227 0.000000 1.000000
1.207171 52.941176 0.000000 -0.439423 0.819380 0.000000 1.000000
2.414343 52.941176 0.000000 0.295470 -0.606102 0.000000 1.000000
3.621514 52.941176 0.000000 0.910009 0.638526 0.000000 1.000000
4.828685 52.941176 0.000000 0.137968 -0.263088 0.000000 1.000000
6.035857 52.941176 0.000000 1.369119 0.558697 0.000000 1.000000
7.243028 52.941176 0.000000 -0.760527 0.108787 0.000000 1.000000
8.450199 52.941176 0.000000 -0.589259 0.627215 0.000000 1.000000
9.657371 52.941176 0.000000 -0.727672 -0.455830 0.000000 1.000000
10.864542 52.941176 0.000000 -0.437082 0.334220 0.000000 1.000000
12.071713 52.941176 0.000000 -0.742411 -0.000014 0.000000 1.000000
13.278884 52.941176 0.000000 -1.521130 0.595744 0.000000 1.000000
14.486056 52.941176 0.000000 -1.899440 0.119496 0.000000 1.000000
15.693227 52.941176 0.000000 0.176241 -0.358604 0.000000 1.000000
16.900398 52.941176 0.000000 0.777026 0.792952 0.000000 1.000000
18.107570 52.941176 0.000000 0.758577 0.796491 0.000000 1.000000
19.314741 52.941176 0.000000 0.231119 -0.273882 0.000000 1.000000
20.521912 52.941176 0.000000 0.185862 0.773329 0.000000 1.000000
21.729084 52.941176 0.000000 -0.037757 -1.703200 0.000000 1.000000
22.936255 52.941176 0.000000 -1.187182 1.269015 0.000000 1.000000
24.143426 52.941176 0.000000 -0.582417 -0.437366 0.000000 1.000000
25.350598 52.941176 0.000000 0.667499 0.628573 0.000000 1.000000
26.557769 52.941176 0.000000 0.394566 0.096669 0.000000 1.000000
27.764940 52.941176 0.000000 -1.500980 1.563262 0.000000 1.000000
28.972112 52.941176 0.000000 -0.268282 0.764982 0.000000 1.000000
30.179283 52.941176 0.000000 0.099865 -0.383986 0.000000 1.000000
31.386454 52.941176 0.000000 -0.189218 -0.124700 0.000000 1.000000
32.593625 52.941176 0.000000 1.166999 -0.919799 0.000000 1.000000
33.800797 52.941176 0.000000 0.280215 1.271710 0.000000 1.000000
35.007968 52.941176 0.000000 -0.360704 0.019932 0.000000 1.000000
36.215139 52.941176 0.000000 -0.830775 1.158110 0.000000 1.000000
37.422311 52.941176 0.000000 -0.801953 0.451229 0.000000 1.000000
38.629482 52.941176 0.000000 -1.390961 -0.615183 0.000000 1.000000
39.836653 52.941176 0.000000 0.156771 -0.792943 0.000000 1.000000
41.043825 52.941176 0.000000 -0.180946 -0.953143 0.000000 1.000000
42.250996 52.941176 0.000000 0.062513 -0.841403 0.000000 1.000000
43.458167 52.941176 0.000000 -0.750322 0.182377 0.000000 1.000000
44.665339 52.941176 0.000000 -1.346998 0.440734 0.000000 1.000000
45.872510 52.941176 0.000000 -0.577692 1.123768 0.000000 1.000000
47.079681 52.941176 0.000000 -0.371867 -0.629178 0.000000 1.000000
48.286853 52.941176 0.000000 0.076036 0.699745 0.000000 1.000000
49.494024 52.941176 0.000000 -1.722627 -0.459169 0.000000 1.000000
50.701195 52.941176 0.000000 0.888915 -0.740761 0.000000 1.000000
51.908367 52.941176 0.000000 -0.862764 -1.130584 0.000000 1.000000
53.115538 52.941176 0.000000 -0.245084 -0.893591 0.000000 1.000000
54.322709 52.941176 0.000000 0.316650 -1.067762 0.000000 1.000000
55.529880 52.941176 0.000000 -0.337475 -0.141513 0.000000 1.000000
56.737052 52.941176 0.000000 -0.430901 -0.173916 0.000000 1.000000
57.944223 52.941176 0.000000 -0.681557 -0.634794 0.000000 1.000000
59.151394 52.941176 0.000000 0.868362 0.294239 0.000000 1.000000
60.358566 52.941176 0.000000 0.298324 0.740661 0.000000 1.000000
61.565737 52.941176 0.000000 0.285040 -0.221566 0.000000 1.000000
62.772908 52.941176 0.000000 0.409442 -0.179224 0.000000 1.000000
63.980080 52.941176 0.000000 1.233911 0.142365 0.000000 1.000000
65.187251 52.941176 0.000000 0.032368 1.099871 0.000000 1.000000
66.394422 52.941176 0.000000 0.582901 -0.502661 0.000000 1.000000
67.601594 52.941176 0.000000 0.337867 -0.910560 0.000000 1.000000
68.808765 52.941176 0.000000 -0.175355 0.118653 0.000000 1.000000
70.015936 52.941176 0.000000 0.098877 -0.122472 0.000000 1.000000
71.223108 52.941176 0.000000 -0.675936 0.276748 0.000000 1.000000
72.430279 52.941176 0.000000 0.392446 -0.482463 0.000000 1.000000
73.637450 52.941176 0.000000 -0.016108 0.343114 0.000000 1.000000
74.844622 52.941176 0.000000 0.347810 0.245270 0.000000 1.000000
76.051793 52.941176 0.000000 0.335181 0.421739 0.000000 1.000000
77.258964 52.941176 0.000000 0.511479 0.317679 0.000000 1.000000
78.466135 52.941176 0.000000 -0.359883 0.231394 0.000000 1.000000
79.673307 52.941176 0.000000 -0.472267 -0.418752 0.000000 1.000000
80.880478 52.941176 0.000000 0.241580 0.036232 0.000000 1.000000
82.087649 52.941176 0.000000 -0.478766 0.390583 0.000000 1.000000
83.294821 52.941176 0.000000 -0.534797 0.320523 0.000000 1.000000
84.501992 52.941176 0.000000 -0.941147 0.929242 0.000000 1.000000
85.709163 52.941176 0.000000 0.344454 0.322299 0.000000 1.000000
86.916335 52.941176 0.000000 0.012214 -0.944524 0.000000 1.000000
88.123506 52.941176 0.000000 -1.180709 0.046619 0.000000 1.000000
89.330677 52.941176 0.000000 -0.262728 0.225670 0.000000 1.000000
90.537849 52.941176 0.000000 0.733608 0.288500 0.000000 1.000000
91.745020 52.941176 0.000000 -0.679217 0.443024 0.000000 1.000000
92.952191 52.941176 0.000000 -0.431624 0.277820 0.000000 1.000000
94.159363 52.941176 0.000000 0.422338 -0.372732 0.000000 1.000000
95.366534 52.941176 0.000000 1.032121 -0.246684 0.000000 1.000000
96.573705 52.941176 0.000000 0.020441 0.893735 0.000000 1.000000
97.780876 52.941176 0.000000 0.131897 -0.593521 0.000000 1.000000
98.988048 52.941176 0.000000 -0.247035 0.158221 0.000000 1.000000
100.195219 52.941176 0.000000 -0.313984 -0.364820 0.000000 1.000000
101.402390 52.941176 0.000000 0.669367 -0.142374 0.000000 1.000000
102.609562 52.941176 0.000000 1.228617 -0.119251 0.000000 1.000000
103.816733 52.941176 0.000000 -0.722264 -0.178962 0.000000 1.000000
105.023904 52.941176 0.000000 0.658054 -0.414723 0.000000 1.000000
106.231076 52.941176 0.000000 0.790075 -0.000509 0.000000 1.000000
107.438247 52.941176 0.000000 0.279100 -0.518635 0.000000 1.000000
108.645418 52.941176 0.000000 0.022570 -0.009548 0.000000 1.000000
109.852590 52.941176 0.000000 0.741104 -0.334642 0.000000 1.000000
111.059761 52.941176 0.000000 -1.105163 -0.785758 0.000000 1.000000
112.266932 52.941176 0.000000 -0.480473 0.444489 0.000000 1.000000
113.474104 52.941176 0.000000 -0.632944 -0.698098 0.000000 1.000000
114.681275 52.941176 0.000000 -0.215680 -0.019473 0.000000 1.000000
115.888446 52.941176 0.000000 -0.062174 -0.913330 0.000000 1.000000
117.095618 52.941176 0.000000 -0.222249 0.668168 0.000000 1.000000
118.302789 52.941176 0.000000 0.277328 0.265252 0.000000 1.000000
119.509960 52.941176 0.000000 -0.537202 -0.204405 0.000000 1.000000
120.717131 52.941176 0.000000 -0.883952 0.397067 0.000000 1.000000
121.924303 52.941176 0.000000 0.596608 -0.169132 0.000000 1.000000
123.131474 52.941176 0.000000 -0.268394 -0.595128 0.000000 1.000000
124.338645 52.941176 0.000000 -0.084676 1.173511 0.000000 1.000000
125.545817 52.941176 0.000000 -0.508392 0.150043 0.000000 1.000000
126.752988 52.941176 0.000000 0.642468 -0.074319 0.000000 1.000000
127.960159 52.941176 0.000000 -0.926618 0.233582 0.000000 1.000000
129.167331 52.941176 0.000000 1.079198 0.102557 0.000000 1.000000
130.374502 52.941176 0.000000 -0.027799 -0.041504 0.000000 1.000000
131.581673 52.941176 0.000000 -1.506069 0.218191 0.000000 1.000000
132.788845 52.941176 0.000000 -0.341163 -0.651138 0.000000 1.000000
133.996016 52.941176 0.000000 0.871737 -0.679611 0.000000 1.000000
135.203187 52.941176 0.000000 0.068390 -0.881693 0.000000 1.000000
136.410359 52.941176 0.000000 0.237302 -1.000848 0.000000 1.000000
137.617530 52.941176 0.000000 0.156306 0.077507 0.000000 1.000000
138.824701 52.941176 0.000000 0.520060 -0.923473 0.000000 1.000000
140.031873 52.941176 0.000000 -0.310070 -0.588140 0.000000 1.000000
141.239044 52.941176 0.000000 0.509065 -1.229260 0.000000 1.000000
142.446215 52.941176 0.000000 -0.277502 0.338361 0.000000 1.000000
143.653386 52.941176 0.000000 0.122715 -1.091285 0.000000 1.000000
144.860558 52.941176 0.000000 0.786671 0.036252 0.000000 1.000000
146.067729 52.941176 0.000000 0.705751 -0.304499 0.000000 1.000000
147.274900 52.941176 0.000000 0.024782 0.133612 0.000000 1.000000
148.482072 52.941176 0.000000 -0.310370 1.558894 0.000000 1.000000
149.689243 52.941176 0.000000 -0.192834 0.233755 0.000000 1.000000
150.896414 52.941176 0.000000 -0.455076 -0.398513 0.000000 1.000000
152.103586 52.941176 0.000000 -0.104159 -0.511583 0.000000 1.000000
153.310757 52.941176 0.000000 -0.671422 0.020636 0.000000 1.000000
154.517928 52.941176 0.000000 -0.294698 1.498541 0.000000 1.000000
155.725100 52.941176 0.000000 -0.129736 -0.472207 0.000000 1.000000
156.932271 52.941176 0.000000 0.435572 1.231858 0.000000 1.000000
158.139442 52.941176 0.000000 -1.134774 0.862113 0.000000 1.000000
159.346614 52.941176 0.000000 -0.749167 -0.352690 0.000000 1.000000
160.553785 52.941176 0.000000 -0.984319 -0.337431 0.000000 1.000000
161.760956 52.941176 0.000000 -0.981337 -0.435165 0.000000 1.000000
162.968127 52.941176 0.000000 -0.238892 -0.108946 0.000000 1.000000
164.175299 52.941176 0.000000 0.179232 0.181608 0.000000 1.000000
165.382470 52.941176 0.000000 -0.055890 0.911396 0.000000 1.000000
166.589641 52.941176 0.000000 0.118374 0.846754 0.000000 1.000000
167.796813 52.941176 0.000000 0.092514 -0.457566 0.000000 1.000000
169.003984 52.941176 0.000000 -0.960530 -1.980413 0.000000 1.000000
170.211155 52.941176 0.000000 -0.306299 -0.822618 0.000000 1.000000
171.418327 52.941176 0.000000 -0.017008 0.900591 0.000000 1.000000
172.625498 52.941176 0.000000 -1.598001 0.470384 0.000000 1.000000
173.832669 52.941176 0.000000 -1.071550 -1.316433 0.000000 1.000000
175.039841 52.941176 0.000000 1.582886 0.529518 0.000000 1.000000
176.247012 52.941176 0.000000 -2.102795 0.943031 0.000000 1.000000
177.454183 52.941176 0.000000 -0.161008 1.050063 0.000000 1.000000
178.661355 52.941176 0.000000 -0.655438 0.134100 0.000000 1.000000
179.868526 52.941176 0.000000 0.082743 -1.470253 0.000000 1.000000
181.075697 52.941176 0.000000 0.090492 0.557884 0.000000 1.000000
182.282869 52.941176 0.000000 -0.676908 0.366102 0.000000 1.000000
183.490040 52.941176 0.000000 0.464596 0.009597 0.000000 1.000000
184.697211 52.941176 0.000000 0.801593 0.447350 0.000000 1.000000
185.904382 52.941176 0.000000 1.141374 0.178090 0.000000 1.000000
187.111554 52.941176 0.000000 0.735122 -0.107352 0.000000 1.000000
188.318725 52.941176 0.000000 0.478360 0.236330 0.000000 1.000000
189.525896 52.941176 0.000000 0.311903 0.518650 0.000000 1.000000
190.733068 52.941176 0.000000 -0.224494 -0.232419 0.000000 1.000000
191.940239 52.941176 0.000000 -1.274956 0.155809 0.000000 1.000000
193.147410 52.941176 0.000000 -0.829489 -0.550336 0.000000 1.000000
194.354582 52.941176 0.000000 -0.271637 0.457817 0.000000 1.000000
195.561753 52.941176 0.000000 0.406157 0.321644 0.000000 1.000000
196.768924 52.941176 0.000000 -0.128147 0.193629 0.000000 1.000000
197.976096 52.941176 0.000000 -0.630694 1.082231 0.000000 1.000000
199.183267 52.941176 0.000000 1.146210 -0.430137 0.000000 1.000000
200.390438 52.941176 0.000000 -0.878694 -0.825786 0.000000 1.000000
201.597610 52.941176 0.000000 -0.656568 -0.664556 0.000000 1.000000
202.804781 52.941176 0.000000 0.214563 0.122610 0.000000 1.000000
204.011952 52.941176 0.000000 0.599267 0.122017 0.000000 1.000000
205.219124 52.941176 0.000000 0.148981 -0.217451 0.000000 1.000000
206.426295 52.941176 0.000000 1.102941 1.133566 0.000000 1.000000
207.633466 52.941176 0.000000 -0.559912 0.208290 0.000000 1.000000
208.840637 52.941176 0.000000 -0.183462 -0.191314 0.000000 1.000000
210.047809 52.941176 0.000000 -0.398258 -0.818492 0.000000 1.000000
211.254980 52.941176 0.000000 -0.193397 0.660198 0.000000 1.000000
212.462151 52.941176 0.000000 0.972727 0.663286 0.000000 1.000000
213.669323 52.941176 0.000000 0.100947 0.945815 0.000000 1.000000
214.876494 52.941176 0.000000 -0.055858 -0.092573 0.000000 1.000000
216.083665 52.941176 0.000000 -0.939233 0.833623 0.000000 1.000000
217.290837 52.941176 0.000000 0.715669 -0.678416 0.000000 1.000000
218.498008 52.941176 0.000000 -0.889414 1.402908 0.000000 1.000000
219.705179 52.941176 0.000000 0.159445 -0.766884 0.000000 1.000000
220.912351 52.941176 0.000000 -0.218514 0.402201 0.000000 1.000000
222.119522 52.941176 0.000000 0.759401 0.566392 0.000000 1.000000
223.326693 52.941176 0.000000 1.137046 0.508467 0.000000 1.000000
224.533865 52.941176 0.000000 0.319740 0.859963 0.000000 1.000000
225.741036 52.941176 0.000000 -0.354127 -0.418953 0.000000 1.000000
226.948207 52.941176 0.000000 -0.998962 0.535296 0.000000 1.000000
228.155378 52.941176 0.000000 -0.496568 0.174483 0.000000 1.000000
229.362550 52.941176 0.000000 0.072362 -0.244453 0.000000 1.000000
230.569721 52.941176 0.000000 -0.286249 0.695025 0.000000 1.000000
231.776892 52.941176 0.000000 1.146799 -0.302014 0.000000 1.000000
232.984064 52.941176 0.000000 -0.552200 1.358427 0.000000 1.000000
234.191235 52.941176 0.000000 0.063323 -0.399712 0.000000 1.000000
235.398406 52.941176 0.000000 -0.233899 0.598991 0.000000 1.000000
236.605578 52.941176 0.000000 -0.061557 0.060637 0.000000 1.000000
237.812749 52.941176 0.000000 -0.912089 -0.555860 0.000000 1.000000
239.019920 52.941176 0.000000 0.786775 0.290928 0.000000 1.000000
240.227092 52.941176 0.000000 0.713038 -1.208779 0.000000 1.000000
241.434263 52.941176 0.000000 -0.411857 0.213841 0.000000 1.000000
242.641434 52.941176 0.000000 0.474056 1.466365 0.000000 1.000000
243.848606 52.941176 0.000000 0.141683 -0.636107 0.000000 1.000000
245.055777 52.941176 0.000000 -0.537972 -0.952962 0.000000 1.000000
246.262948 52.941176 0.000000 0.950378 -0.113934 0.000000 1.000000
247.470120 52.941176 0.000000 -0.453952 0.805686 0.000000 1.000000
248.677291 52.941176 0.000000 0.951852 -0.230520 0.000000 1.000000
249.884462 52.941176 0.000000 -0.367451 0.200256 0.000000 1.000000
251.091633 52.941176 0.000000 -1.197016 0.347872 0.000000 1.000000
252.298805 52.941176 0.000000 0.479932 0.124918 0.000000 1.000000
253.505976 52.941176 0.000000 0.501830 0.006187 0.000000 1.000000
254.713147 52.941176 0.000000 0.121878 0.975848 0.000000 1.000000
255.920319 52.941176 0.000000 0.079024 1.143501 0.000000 1.000000
257.127490 52.941176 0.000000 0.606292 -0.191749 0.000000 1.000000
258.334661 52.941176 0.000000 -0.030233 -0.483937 0.000000 1.000000
259.541833 52.941176 0.000000 0.860094 1.957333 0.000000 1.000000
260.749004 52.941176 0.000000 -0.180530 0.204603 0.000000 1.000000
261.956175 52.941176 0.000000 0.343251 0.060108 0.000000 1.000000
263.163347 52.941176 0.000000 -0.117633 0.444433 0.000000 1.000000
264.370518 52.941176 0.000000 -1.034350 -0.623006 0.000000 1.000000
265.577689 52.941176 0.000000 0.166655 0.041802 0.000000 1.000000
266.784861 52.941176 0.000000 0.140467 0.408646 0.000000 1.000000
267.992032 52.941176 0.000000 0.846350 -0.748364 0.000000 1.000000
269.199203 52.941176 0.000000 -0.481323 0.754294 0.000000 1.000000
270.406375 52.941176 0.000000 0.063603 0.127308 0.000000 1.000000
271.613546 52.941176 0.000000 0.855963 -1.302349 0.000000 1.000000
272.820717 52.941176 0.000000 1.054105 0.134425 0.000000 1.000000
274.027888 52.941176 0.000000 -0.901683 0.852456 0.000000 1.000000
275.235060 52.941176 0.000000 1.271068 1.059454 0.000000 1.000000
276.442231 52.941176 0.000000 -0.178118 0.487512 0.000000 1.000000
277.649402 52.941176 0.000000 0.379339 -0.973625 0.000000 1.000000
278.856574 52.941176 0.000000 1.811700 -0.707676 0.000000 1.000000
280.063745 52.941176 0.000000 1.460369 -0.026639 0.000000 1.000000
281.270916 52.941176 0.000000 0.187360 -0.185391 0.000000 1.000000
282.478088 52.941176 0.000000 0.988441 1.259947 0.000000 1.000000
283.685259 52.941176 0.000000 0.128039 -0.448548 0.000000 1.000000
284.892430 52.941176 0.000000 -0.494154 0.468856 0.000000 1.000000
286.099602 52.941176 0.000000 -1.574734 -1.142520 0.000000 1.000000
287.306773 52.941176 0.000000 0.007070 0.211868 0.000000 1.000000
288.513944 52.941176 0.000000 -0.341841 -0.310465 0.000000 1.000000
289.721116 52.941176 0.000000 -1.217976 -0.281412 0.000000 1.000000
290.928287 52.941176 0.000000 -0.110080 0.201146 0.000000 1.000000
292.135458 52.941176 0.000000 0.405584 -1.383014 0.000000 1.000000
293.342629 52.941176 0.000000 1.106182 -1.498676 0.000000 1.000000
294.549801 52.941176 0.000000 0.364741 -0.323989 0.000000 1.000000
295.756972 52.941176 0.000000 0.695125 0.384924 0.000000 1.000000
296.964143 52.941176 0.000000 -0.134302 -0.227150 0.000000 1.000000
298.171315 52.941176 0.000000 -1.178285 -0.069295 0.000000 1.000000
299.378486 52.941176 0.000000 -0.517115 -0.672276 0.000000 1.000000
300.585657 52.941176 0.000000 -0.790358 0.001529 0.000000 1.000000
301.792829 52.941176 0.000000 -0.298793 0.610277 0.000000 1.000000
1.207171 56.470588 0.000000 -0.383487 -1.059414 0.000000 1.000000
2.414343 56.470588 0.000000 -0.559034 0.012806 0.000000 1.000000
3.621514 56.470588 0.000000 -1.295450 0.923733 0.000000 1.000000
4.828685 56.470588 0.000000 -0.167219 -0.102718 0.000000 1.000000
6.035857 56.470588 0.000000 0.090273 0.462155 0.000000 1.000000
7.243028 56.470588 0.000000 0.462956 -0.543384 0.000000 1.000000
8.450199 56.470588 0.000000 -0.511045 1.385498 0.000000 1.000000
9.657371 56.470588 0.000000 -1.492300 -0.723282 0.000000 1.000000
10.864542 56.470588 0.000000 -0.629171 0.630406 0.000000 1.000000
12.071713 56.470588 0.000000 0.196477 0.215920 0.000000 1.000000
13.278884 56.470588 0.000000 -0.618955 0.219395 0.000000 1.000000
14.486056 56.470588 0.000000 -0.683988 -0.403774 0.000000 1.000000
15.693227 56.470588 0.000000 -0.539973 -0.519427 0.000000 1.000000
16.900398 56.470588 0.000000 -0.710518 0.141345 0.000000 1.000000
18.107570 56.470588 0.000000 0.206980 -0.587112 0.000000 1.000000
19.314741 56.470588 0.000000 -0.329183 0.294198 0.000000 1.000000
20.521912 56.470588 0.000000 0.103141 1.007397 0.000000 1.000000
21.729084 56.470588 0.000000 -0.186030 0.221557 0.000000 1.000000
22.936255 56.470588 0.000000 0.465642 -0.713923 0.000000 1.000000
24.143426 56.470588 0.000000 -0.769533 -0.979948 0.000000 1.000000
25.350598 56.470588 0.000000 0.287864 -0.148702 0.000000 1.000000
26.557769 56.470588 0.000000 0.177670 0.080151 0.000000 1.000000
27.764940 56.470588 0.000000 0.143365 0.439826 0.000000 1.000000
28.972112 56.470588 0.000000 -0.287142 0.522086 0.000000 1.000000
30.179283 56.470588 0.000000 0.429111 -0.988384 0.000000 1.000000
31.386454 56.470588 0.000000 -0.169698 1.087355 0.000000 1.000000
32.593625 56.470588 0.000000 2.537324 -0.037441 0.000000 1.000000
33.800797 56.470588 0.000000 0.016999 -1.165690 0.000000 1.000000
35.007968 56.470588 0.000000 0.078523 -0.053911 0.000000 1.000000
36.215139 56.470588 0.000000 -0.402423 1.245945 0.000000 1.000000
37.422311 56.470588 0.000000 0.148240 -0.709123 0.000000 1.000000
38.629482 56.470588 0.000000 -0.773154 0.514331 0.000000 1.000000
39.836653 56.470588 0.000000 -0.448292 -0.667326 0.000000 1.000000
41.043825 56.470588 0.000000 -1.193247 -0.100471 0.000000 1.000000
42.250996 56.470588 0.000000 0.420613 0.568491 0.000000 1.000000
43.458167 56.470588 0.000000 0.169511 1.158128 0.000000 1.000000
44.665339 56.470588 0.000000 -0.841067 0.130714 0.000000 1.000000
45.872510 56.470588 0.000000 0.266430 -1.165683 0.000000 1.000000
47.079681 56.470588 0.000000 -0.135570 -0.780405 0.000000 1.000000
48.286853 56.470588 0.000000 0.159152 -0.597157 0.000000 1.000000
49.494024 56.470588 0.000000 0.461201 1.115764 0.000000 1.000000
50.701195 56.470588 0.000000 -0.156194 -0.464739 0.000000 1.000000
51.908367 56.470588 0.000000 -0.860209 0.274063 0.000000 1.000000
53.115538 56.470588 0.000000 -0.655487 0.652102 0.000000 1.000000
54.322709 56.470588 0.000000 1.172285 1.217548 0.000000 1.000000
55.529880 56.470588 0.000000 1.286753 0.072909 0.000000 1.000000
56.737052 56.470588 0.000000 0.325201 -0.561580 0.000000 1.000000
57.944223 56.470588 0.000000 -0.940423 0.517892 0.000000 1.000000
59.151394 56.470588 0.000000 -1.008902 0.695130 0.000000 1.000000
60.358566 56.470588 0.000000 -0.611129 -0.152532 0.000000 1.000000
61.565737 56.470588 0.000000 1.226899 0.175010 0.000000 1.000000
62.772908 56.470588 0.000000 0.360212 -0.197437 0.000000 1.000000
63.980080 56.470588 0.000000 0.604924 -0.191124 0.000000 1.000000
65.187251 56.470588 0.000000 -0.659042 -0.705471 0.000000 1.000000
66.394422 56.470588 0.000000 -1.106866 -0.895803 0.000000 1.000000
67.601594 56.470588 0.000000 0.473846 -0.064869 0.000000 1.000000
68.808765 56.470588 0.000000 -0.676357 0.549202 0.000000 1.000000
70.015936 56.470588 0.000000 0.127748 0.308508 0.000000 1.000000
71.223108 56.470588 0.000000 -0.702624 -0.333324 0.000000 1.000000
72.430279 56.470588 0.000000 0.246520 -0.197631 0.000000 1.000000
73.637450 56.470588 0.000000 0.710926 0.541361 0.000000 1.000000
74.844622 56.470588 0.000000 1.058531 0.210751 0.000000 1.000000
76.051793 56.470588 0.000000 -0.453796 0.027014 0.000000 1.000000
77.258964 56.470588 0.000000 1.644963 0.762339 0.000000 1.000000
78.466135 56.470588 0.000000 -0.109003 0.498027 0.000000 1.000000
79.673307 56.470588 0.000000 -0.145314 -0.232509 0.000000 1.000000
80.880478 56.470588 0.000000 0.799457 0.296482 0.000000 1.000000
82.087649 56.470588 0.000000 0.660639 1.230271 0.000000 1.000000
83.294821 56.470588 0.000000 -0.350544 0.214093 0.000000 1.000000
84.501992 56.470588 0.000000 0.672620 0.556589 0.000000 1.000000
85.709163 56.470588 0.000000 -0.264799 0.030879 0.000000 1.000000
86.916335 56.470588 0.000000 1.360528 -0.399963 0.000000 1.000000
88.123506 56.470588 0.000000 0.328259 0.344181 0.000000 1.000000
89.330677 56.470588 0.000000 -1.013076 0.454065 0.000000 1.000000
90.537849 56.470588 0.000000 -0.950408 0.146335 0.000000 1.000000
91.745020 56.470588 0.000000 0.872699 -0.356535 0.000000 1.000000
92.952191 56.470588 0.000000 -1.074798 -0.022191 0.000000 1.000000
94.159363 56.470588 0.000000 -0.014134 0.079852 0.000000 1.000000
95.366534 56.470588 0.000000 0.160140 0.195372 0.000000 1.000000
96.573705 56.470588 0.000000 -1.035318 0.754056 0.000000 1.000000
97.780876 56.470588 0.000000 -1.532769 -0.256649 0.000000 1.000000
98.988048 56.470588 0.000000 0.569447 -0.545728 0.000000 1.000000
100.195219 56.470588 0.000000 -1.026761 -0.537686 0.000000 1.000000
101.402390 56.470588 0.000000 -0.344635 1.412287 0.000000 1.000000
102.609562 56.470588 0.000000 -1.057006 0.292113 0.000000 1.000000
103.816733 56.470588 0.000000 -0.142173 -0.582483 0.000000 1.000000
105.023904 56.470588 0.000000 -0.977504 -0.845644 0.000000 1.000000
106.231076 56.470588 0.000000 0.242259 0.471653 0.000000 1.000000
107.438247 56.470588 0.000000 0.929463 -0.681365 0.000000 1.000000
108.645418 56.470588 0.000000 -1.500864 0.401682 0.000000 1.000000
109.852590 56.470588 0.000000 0.371987 0.832433 0.000000 1.000000
111.059761 56.470588 0.000000 -1.339397 1.052830 0.000000 1.000000
112.266932 56.470588 0.000000 0.092135 1.421341 0.000000 1.000000
113.474104 56.470588 0.000000 -0.148398 0.977969 0.000000 1.000000
114.681275 56.470588 0.000000 -0.410134 1.515233 0.000000 1.000000
115.888446 56.470588 0.000000 -0.363414 -1.077774 0.000000 1.000000
117.095618 56.470588 0.000000 0.168115 0.801870 0.000000 1.000000
118.302789 56.470588 0.000000 0.895706 -0.048362 0.000000 1.000000
119.509960 56.470588 0.000000 0.281673 -0.013784 0.000000 1.000000
120.717131 56.470588 0.000000 0.951606 0.735106 0.000000 1.000000
121.924303 56.470588 0.000000 -0.356286 0.682173 0.000000 1.000000
123.131474 56.470588 0.000000 -0.014975 0.834243 0.000000 1.000000
124.338645 56.470588 0.000000 -0.268327 0.059440 0.000000 1.000000
125.545817 56.470588 0.000000 -0.402634 -1.111568 0.000000 1.000000
126.752988 56.470588 0.000000 -0.859487 0.789618 0.000000 1.000000
127.960159 56.470588 0.000000 0.438028 -0.565035 0.000000 1.000000
129.167331 56.470588 0.000000 0.347841 0.018047 0.000000 1.000000
130.374502 56.470588 0.000000 0.545648 -0.318581 0.000000 1.000000
131.581673 56.470588 0.000000 -0.007150 -0.819776 0.000000 1.000000
132.788845 56.470588 0.000000 0.810559 0.365201 0.000000 1.000000
133.996016 56.470588 0.000000 0.083404 1.723415 0.000000 1.000000
135.203187 56.470588 0.000000 0.833286 1.005547 0.000000 1.000000
136.410359 56.470588 0.000000 0.234932 -0.368344 0.000000 1.000000
137.617530 56.470588 0.000000 0.323003 0.031385 0.000000 1.000000
138.824701 56.470588 0.000000 -0.239872 0.835717 0.000000 1.000000
140.031873 56.470588 0.000000 -0.220307 0.174493 0.000000 1.000000
141.239044 56.470588 0.000000 0.090328 -1.065228 0.000000 1.000000
142.446215 56.470588 0.000000 0.379050 0.541637 0.000000 1.000000
143.653386 56.470588 0.000000 0.038543 0.177651 0.000000 1.000000
144.860558 56.470588 0.000000 -0.224306 -0.445270 0.000000 1.000000
146.067729 56.470588 0.000000 -0.442333 -1.276553 0.000000 1.000000
147.274900 56.470588 0.000000 0.381147 -0.942982 0.000000 1.000000
148.482072 56.470588 0.000000 -0.316216 -1.479716 0.000000 1.000000
149.689243 56.470588 0.000000 -0.469698 0.379714 0.000000 1.000000
150.896414 56.470588 0.000000 0.064335 0.016636 0.000000 1.000000
152.103586 56.470588 0.000000 0.169034 -1.200683 0.000000 1.000000
153.310757 56.470588 0.000000 0.617390 -0.301792 0.000000 1.000000
154.517928 56.470588 0.000000 0.021895 0.303289 0.000000 1.000000
155.725100 56.470588 0.000000 -1.877600 1.000833 0.000000 1.000000
156.932271 56.470588 0.000000 -0.240786 0.388961 0.000000 1.000000
158.139442 56.470588 0.000000 -0.243745 -0.441327 0.000000 1.000000
159.346614 56.470588 0.000000 0.932344 -0.856486 0.000000 1.000000
160.553785 56.470588 0.000000 0.207214 -0.380566 0.000000 1.000000
161.760956 56.470588 0.000000 0.364611 0.630200 0.000000 1.000000
162.968127 56.470588 0.000000 0.490419 0.388651 0.000000 1.000000
164.175299 56.470588 0.000000 -0.424405 -0.179730 0.000000 1.000000
165.382470 56.470588 0.000000 0.234743 0.845962 0.000000 1.000000
166.589641 56.470588 0.000000 0.332339 -0.139824 0.000000 1.000000
167.796813 56.470588 0.000000 0.149443 0.641439 0.000000 1.000000
169.003984 56.470588 0.000000 0.330755 0.630718 0.000000 1.000000
170.211155 56.470588 0.000000 -0.284232 0.636694 0.000000 1.000000
171.418327 56.470588 0.000000 -0.252994 0.061455 0.000000 1.000000
172.625498 56.470588 0.000000 0.407016 -0.945533 0.000000 1.000000
173.832669 56.470588 0.000000 -0.179871 0.188133 0.000000 1.000000
175.039841 56.470588 0.000000 0.117192 0.581926 0.000000 1.000000
176.247012 56.470588 0.000000 -1.643024 -1.181193 0.000000 1.000000
177.454183 56.470588 0.000000 0.702815 0.517762 0.000000 1.000000
178.661355 56.470588 0.000000 1.375671 -0.087444 0.000000 1.000000
179.868526 56.470588 0.000000 0.846345 1.568715 0.000000 1.000000
181.075697 56.470588 0.000000 -1.616444 -1.177563 0.000000 1.000000
182.282869 56.470588 0.000000 -0.352632 -1.009877 0.000000 1.000000
183.490040 56.470588 0.000000 1.071046 -0.193398 0.000000 1.000000
184.697211 56.470588 0.000000 -0.495529 0.868390 0.000000 1.000000
185.904382 56.470588 0.000000 0.460984 -0.417578 0.000000 1.000000
187.111554 56.470588 0.000000 0.482816 -0.657062 0.000000 1.000000
188.318725 56.470588 0.000000 -0.493898 0.827760 0.000000 1.000000
189.525896 56.470588 0.000000 -0.597793 -0.358980 0.000000 1.000000
190.733068 56.470588 0.000000 -0.326737 -0.402984 0.000000 1.000000
191.940239 56.470588 0.000000 -1.800271 -1.107969 0.000000 1.000000
193.147410 56.470588 0.000000 0.106383 0.967465 0.000000 1.000000
194.354582 56.470588 0.000000 0.483999 -0.372601 0.000000 1.000000
195.561753 56.470588 0.000000 -0.090649 -1.191886 0.000000 1.000000
196.768924 56.470588 0.000000 -0.181835 -0.175382 0.000000 1.000000
197.976096 56.470588 0.000000 -0.418553 0.415207 0.000000 1.000000
199.183267 56.470588 0.000000 0.276605 0.384290 0.000000 1.000000
200.390438 56.470588 0.000000 1.557271 0.372689 0.000000 1.000000
201.597610 56.470588 0.000000 -1.394032 -0.992503 0.000000 1.000000
202.804781 56.470588 0.000000 -0.042961 -0.635331 0.000000 1.000000
204.011952 56.470588 0.000000 -0.178947 0.994429 0.000000 1.000000
205.219124 56.470588 0.000000 0.056141 -0.861399 0.000000 1.000000
206.426295 56.470588 0.000000 1.011378 -0.149038 0.000000 1.000000
207.633466 56.470588 0.000000 -0.037428 0.144871 0.000000 1.000000
208.840637 56.470588 0.000000 0.362522 -0.525751 0.000000 1.000000
210.047809 56.470588 0.000000 0.042481 0.873835 0.000000 1.000000
211.254980 56.470588 0.000000 0.870545 -0.584393 0.000000 1.000000
212.462151 56.470588 0.000000 0.010883 1.072732 0.000000 1.000000
213.669323 56.470588 0.000000 -0.184698 -0.955576 0.000000 1.000000
214.876494 56.470588 0.000000 -0.458452 0.416702 0.000000 1.000000
216.083665 56.470588 0.000000 -0.073179 0.022101 0.000000 1.000000
217.290837 56.470588 0.000000 0.183848 -0.201990 0.000000 1.000000
218.498008 56.470588 0.000000 0.354383 0.932746 0.000000 1.000000
219.705179 56.470588 0.000000 0.300719 0.365698 0.000000 1.000000
220.912351 56.470588 0.000000 0.794087 0.511107 0.000000 1.000000
222.119522 56.470588 0.000000 0.800089 -1.435429 0.000000 1.000000
223.326693 56.470588 0.000000 0.024133 0.278751 0.000000 1.000000
224.533865 56.470588 0.000000 -0.095982 -0.608843 0.000000 1.000000
225.741036 56.470588 0.000000 -0.094214 -0.527145 0.000000 1.000000
226.948207 56.470588 0.000000 0.238234 0.473449 0.000000 1.000000
228.155378 56.470588 0.000000 -0.170269 0.746739 0.000000 1.000000
229.362550 56.470588 0.000000 -0.371262 -0.429400 0.000000 1.000000
230.569721 56.470588 0.000000 0.056033 -0.288707 0.000000 1.000000
231.776892 56.470588 0.000000 0.701728 -0.127767 0.000000 1.000000
232.984064 56.470588 0.000000 0.376586 0.657978 0.000000 1.000000
234.191235 56.470588 0.000000 -1.152021 -0.043792 0.000000 1.000000
235.398406 56.470588 0.000000 0.084458 -1.311392 0.000000 1.000000
236.605578 56.470588 0.000000 0.037857 -0.141673 0.000000 1.000000
237.812749 56.470588 0.000000 -1.020060 0.935095 0.000000 1.000000
239.019920 56.470588 0.000000 0.088371 -1.598339 0.000000 1.000000
240.227092 56.470588 0.000000 -0.336905 -0.234753 0.000000 1.000000
241.434263 56.470588 0.000000 -0.080111 -0.545013 0.000000 1.000000
242.641434 56.470588 0.000000 -0.757627 0.170535 0.000000 1.000000
243.848606 56.470588 0.000000 -0.683453 0.676336 0.000000 1.000000
245.055777 56.470588 0.000000 0.344457 0.161948 0.000000 1.000000
246.262948 56.470588 0.000000 -0.402743 0.073219 0.000000 1.000000
247.470120 56.470588 0.000000 0.041711 0.100093 0.000000 1.000000
248.677291 56.470588 0.000000 -1.137133 -0.010480 0.000000 1.000000
249.884462 56.470588 0.000000 -1.610356 0.081054 0.000000 1.000000
251.091633 56.470588 0.000000 1.746045 -0.693324 0.000000 1.000000
252.298805 56.470588 0.000000 -0.573434 0.581093 0.000000 1.000000
253.505976 56.470588 0.000000 -0.596074 -0.735294 0.000000 1.000000
254.713147 56.470588 0.000000 -0.167580 0.102425 0.000000 1.000000
255.920319 56.470588 0.000000 0.613787 -0.335108 0.000000 1.000000
257.127490 56.470588 0.000000 -0.426157 -0.191669 0.000000 1.000000
258.334661 56.470588 0.000000 -0.500348 0.206052 0.000000 1.000000
259.541833 56.470588 0.000000 0.966830 -0.593299 0.000000 1.000000
260.749004 56.470588 0.000000 -0.817814 -0.054891 0.000000 1.000000
261.956175 56.470588 0.000000 -0.411946 -1.016836 0.000000 1.000000
263.163347 56.470588 0.000000 -0.942645 -1.318057 0.000000 1.000000
264.370518 56.470588 0.000000 -0.047765 -0.530164 0.000000 1.000000
265.577689 56.470588 0.000000 1.264416 0.273127 0.000000 1.000000
266.784861 56.470588 0.000000 -0.722873 -0.784150 0.000000 1.000000
267.992032 56.470588 0.000000 -0.330338 -0.968655 0.000000 1.000000
269.199203 56.470588 0.000000 -0.055834 0.772181 0.000000 1.000000
270.406375 56.470588 0.000000 -0.227722 -0.497141 0.000000 1.000000
271.613546 56.470588 0.000000 -1.395126 -1.047891 0.000000 1.000000
272.820717 56.470588 0.000000 0.060218 -0.098982 0.000000 1.000000
274.027888 56.470588 0.000000 0.133226 -1.013495 0.000000 1.000000
275.235060 56.470588 0.000000 0.616717 -0.360644 0.000000 1.000000
276.442231 56.470588 0.000000 -1.303646 -0.789114 0.000000 1.000000
277.649402 56.470588 0.000000 -0.454737 -0.058642 0.000000 1.000000
278.856574 56.470588 0.000000 -1.178047 0.613855 0.000000 1.000000
280.063745 56.470588 0.000000 -0.011198 0.594297 0.000000 1.000000
281.270916 56.470588 0.000000 1.014846 -0.214504 0.000000 1.000000
282.478088 56.470588 0.000000 -0.449883 0.402051 0.000000 1.000000
283.685259 56.470588 0.000000 -1.228984 0.756904 0.000000 1.000000
284.892430 56.470588 0.000000 -0.043074 -0.307558 0.000000 1.000000
286.099602 56.470588 0.000000 -0.803265 -0.929910 0.000000 1.000000
287.306773 56.470588 0.000000 -0.219702 0.319910 0.000000 1.000000
288.513944 56.470588 0.000000 -0.013389 -1.636227 0.000000 1.000000
289.721116 56.470588 0.000000 -0.486771 0.357472 0.000000 1.000000
290.928287 56.470588 0.000000 1.297198 -0.111496 0.000000 1.000000
292.135458 56.470588 0.000000 0.268683 -0.002813 0.000000 1.000000
293.342629 56.470588 0.000000 -0.285901 -0.819629 0.000000 1.000000
294.549801 56.470588 0.000000 -0.649180 -0.954016 0.000000 1.000000
295.756972 56.470588 0.000000 0.327307 0.596241 0.000000 1.000000
296.964143 56.470588 0.000000 -0.134133 -0.455794 0.000000 1.000000
298.171315 56.470588 0.000000 0.713401 1.561800 0.000000 1.000000
299.378486 56.470588 0.000000 -1.236208 0.390400 0.000000 1.000000
300.585657 56.470588 0.000000 0.096638 0.221193 0.000000 1.000000
301.792829 56.470588 0.000000 0.489060 1.082679 0.000000 1.000000
1.207171 60.000000 0.000000 -0.089933 1.516872 0.000000 1.000000
2.414343 60.000000 0.000000 -0.834602 0.532857 0.000000 1.000000
3.621514 60.000000 0.000000 -1.010931 -1.008716 0.000000 1.000000
4.828685 60.000000 0.000000 0.295846 0.503591 0.000000 1.000000
6.035857 60.000000 0.000000 -0.409720 0.390062 0.000000 1.000000
7.243028 60.000000 0.000000 -0.513991 0.780162 0.000000 1.000000
8.450199 60.000000 0.000000 -1.047176 0.140836 0.000000 1.000000
9.657371 60.000000 0.000000 0.201933 0.143082 0.000000 1.000000
10.864542 60.000000 0.000000 0.000586 -0.090640 0.000000 1.000000
12.071713 60.000000 0.000000 -1.821044 -1.043145 0.000000 1.000000
13.278884 60.000000 0.000000 0.704911 0.485858 0.000000 1.000000
14.486056 60.000000 0.000000 0.959759 0.038358 0.000000 1.000000
15.693227 60.000000 0.000000 1.192572 -0.103919 0.000000 1.000000
16.900398 60.000000 0.000000 0.728541 -0.336651 0.000000 1.000000
18.107570 60.000000 0.000000 -0.389895 0.634390 0.000000 1.000000
19.314741 60.000000 0.000000 -1.023052 1.072848 0.000000 1.000000
20.521912 60.000000 0.000000 1.302472 -0.010024 0.000000 1.000000
21.729084 60.000000 0.000000 0.974434 -0.384432 0.000000 1.000000
22.936255 60.000000 0.000000 -0.175718 0.162449 0.000000 1.000000
24.143426 60.000000 0.000000 -0.391656 0.492273 0.000000 1.000000
25.350598 60.000000 0.000000 0.631231 0.454485 0.000000 1.000000
26.557769 60.000000 0.000000 -0.363065 -1.082627 0.000000 1.000000
27.764940 60.000000 0.000000 0.294379 -0.255723 0.000000 1.000000
28.972112 60.000000 0.000000 -1.143650 -0.857258 0.000000 1.000000
30.179283 60.000000 0.000000 -0.202169 1.071925 0.000000 1.000000
31.386454 60.000000 0.000000 0.269052 -0.627538 0.000000 1.000000
32.593625 60.000000 0.000000 -0.763678 -0.707536 0.000000 1.000000
33.800797 60.000000 0.000000 -0.721563 0.107817 0.000000 1.000000
35.007968 60.000000 0.000000 0.786259 1.908401 0.000000 1.000000
36.215139 60.000000 0.000000 1.247928 -0.346581 0.000000 1.000000
37.422311 60.000000 0.000000 0.664266 0.064222 0.000000 1.000000
38.629482 60.000000 0.000000 1.230669 0.358506 0.000000 1.000000
39.836653 60.000000 0.000000 -0.350616 0.676332 0.000000 1.000000
41.043825 60.000000 0.000000 -0.560380 -0.449887 0.000000 1.000000
42.250996 60.000000 0.000000 -0.221793 -0.194811 0.000000 1.000000
43.458167 60.000000 0.000000 -1.472576 0.710973 0.000000 1.000000
44.665339 60.000000 0.000000 1.887768 -0.881768 0.000000 1.000000
45.872510 60.000000 0.000000 0.956315 -1.205797 0.000000 1.000000
47.079681 60.000000 0.000000 -0.058552 -0.592475 0.000000 1.000000
48.286853 60.000000 0.000000 0.132593 0.364417 0.000000 1.000000
49.494024 60.000000 0.000000 -0.914150 -0.121235 0.000000 1.000000
50.701195 60.000000 0.000000 0.520788 -0.661874 0.000000 1.000000
51.908367 60.000000 0.000000 0.876087 0.903077 0.000000 1.000000
53.115538 60.000000 0.000000 -0.335622 0.997312 0.000000 1.000000
54.322709 60.000000 0.000000 -1.374726 -0.440099 0.000000 1.000000
55.529880 60.000000 0.000000 0.378228 0.663673 0.000000 1.000000
56.737052 60.000000 0.000000 0.778598 0.687202 0.000000 1.000000
57.944223 60.000000 0.000000 0.027486 0.481371 0.000000 1.000000
59.151394 60.000000 0.000000 0.020841 -1.043561 0.000000 1.000000
60.358566 60.000000 0.000000 0.638933 0.397042 0.000000 1.000000
61.565737 60.000000 0.000000 -0.089575 -0.413742 0.000000 1.000000
62.772908 60.000000 0.000000 1.376367 -0.664272 0.000000 1.000000
63.980080 60.000000 0.000000 0.050662 -0.501807 0.000000 1.000000
65.187251 60.000000 0.000000 -0.038911 0.797859 0.000000 1.000000
66.394422 60.000000 0.000000 0.289473 -0.223076 0.000000 1.000000
67.601594 60.000000 0.000000 0.574811 0.653226 0.000000 1.000000
68.808765 60.000000 0.000000 -0.047749 -0.309705 0.000000 1.000000
70.015936 60.000000 0.000000 -0.513148 -1.344259 0.000000 1.000000
71.223108 60.000000 0.000000 1.096309 -0.506639 0.000000 1.000000
72.430279 60.000000 0.000000 -0.819991 -0.606329 0.000000 1.000000
73.637450 60.000000 0.000000 -0.805298 0.779359 0.000000 1.000000
74.844622 60.000000 0.000000 -0.061275 -0.696128 0.000000 1.000000
76.051793 60.000000 0.000000 -0.570157 -0.713053 0.000000 1.000000
77.258964 60.000000 0.000000 0.794797 -1.015576 0.000000 1.000000
78.466135 60.000000 0.000000 0.057627 0.340327 0.000000 1.000000
79.673307 60.000000 0.000000 0.259973 0.154467 0.000000 1.000000
80.880478 60.000000 0.000000 -0.098778 -1.666290 0.000000 1.000000
82.087649 60.000000 0.000000 -0.012255 -0.356590 0.000000 1.000000
83.294821 60.000000 0.000000 -0.934351 1.017878 0.000000 1.000000
84.501992 60.000000 0.000000 0.888731 -0.269443 0.000000 1.000000
85.709163 60.000000 0.000000 0.252360 -0.002816 0.000000 1.000000
86.916335 60.000000 0.000000 -1.336665 -0.309498 0.000000 1.000000
88.123506 60.000000 0.000000 0.615251 -0.083845 0.000000 1.000000
89.330677 60.000000 0.000000 -0.705734 0.794348 0.000000 1.000000
90.537849 60.000000 0.000000 0.246633 -0.825504 0.000000 1.000000
91.745020 60.000000 0.000000 -0.402848 -0.304191 0.000000 1.000000
92.952191 60.000000 0.000000 -0.696061 0.531964 0.000000 1.000000
94.159363 60.000000 0.000000 -0.383678 0.091388 0.000000 1.000000
95.366534 60.000000 0.000000 1.261151 -0.478644 0.000000 1.000000
96.573705 60.000000 0.000000 -0.780382 -0.004661 0.000000 1.000000
97.780876 60.000000 0.000000 -0.319458 -0.241827 0.000000 1.000000
98.988048 60.000000 0.000000 -0.645051 -1.101069 0.000000 1.000000
100.195219 60.000000 0.000000 -0.278730 -0.919820 0.000000 1.000000
101.402390 60.000000 0.000000 -0.779309 2.002632 0.000000 1.000000
102.609562 60.000000 0.000000 1.712965 1.675105 0.000000 1.000000
103.816733 60.000000 0.000000 -0.217996 -0.782187 0.000000 1.000000
105.023904 60.000000 0.000000 0.391848 -0.733086 0.000000 1.000000
106.231076 60.000000 0.000000 -0.195763 -0.664697 0.000000 1.000000
107.438247 60.000000 0.000000 0.631700 -0.080724 0.000000 1.000000
108.645418 60.000000 0.000000 0.228221 -0.434715 0.000000 1.000000
109.852590 60.000000 0.000000 -0.140611 -1.287383 0.000000 1.000000
111.059761 60.000000 0.000000 -0.071618 -0.226667 0.000000 1.000000
112.266932 60.000000 0.000000 0.294239 -0.337834 0.000000 1.000000
113.474104 60.000000 0.000000 -0.703374 0.049825 0.000000 1.000000
114.681275 60.000000 0.000000 1.032233 -0.107089 0.000000 1.000000
115.888446 60.000000 0.000000 1.259878 -1.774475 0.000000 1.000000
117.095618 60.000000 0.000000 -0.613047 -0.195832 0.000000 1.000000
118.302789 60.000000 0.000000 -0.942891 -1.941655 0.000000 1.000000
119.509960 60.000000 0.000000 0.033748 -0.708956 0.000000 1.000000
120.717131 60.000000 0.000000 -0.568403 -0.105885 0.000000 1.000000
121.924303 60.000000 0.000000 -0.154385 -0.445150 0.000000 1.000000
123.131474 60.000000 0.000000 0.437616 -0.561056 0.000000 1.000000
124.338645 60.000000 0.000000 0.803373 0.860191 0.000000 1.000000
125.545817 60.000000 0.000000 -1.119439 -0.624209 0.000000 1.000000
126.752988 60.000000 0.000000 0.652141 -0.905856 0.000000 1.000000
127.960159 60.000000 0.000000 -0.408216 0.106001 0.000000 1.000000
129.167331 60.000000 0.000000 0.707943 0.824498 0.000000 1.000000
130.374502 60.000000 0.000000 -0.101343 0.376948 0.000000 1.000000
131.581673 60.000000 0.000000 0.233230 1.145724 0.000000 1.000000
132.788845 60.000000 0.000000 -0.009199 -0.100858 0.000000 1.000000
133.996016 60.000000 0.000000 -0.139713 -0.920827 0.000000 1.000000
135.203187 60.000000 0.000000 -0.920130 -1.907609 0.000000 1.000000
136.410359 60.000000 0.000000 1.039309 1.381162 0.000000 1.000000
137.617530 60.000000 0.000000 -1.218053 0.594747 0.000000 1.000000
138.824701 60.000000 0.000000 0.283648 -0.147991 0.000000 1.000000
140.031873 60.000000 0.000000 0.438747 -0.077413 0.000000 1.000000
141.239044 60.000000 0.000000 1.874312 0.636001 0.000000 1.000000
142.446215 60.000000 0.000000 -0.557498 -0.773285 0.000000 1.000000
143.653386 60.000000 0.000000 0.974741 -0.193229 0.000000 1.000000
144.860558 60.000000 0.000000 -0.153523 0.100018 0.000000 1.000000
146.067729 60.000000 0.000000 0.046651 0.812102 0.000000 1.000000
147.274900 60.000000 0.000000 -0.668266 -1.631884 0.000000 1.000000
148.482072 60.000000 0.000000 -0.393783 -0.567469 0.000000 1.000000
149.689243 60.000000 0.000000 -0.450793 -1.181686 0.000000 1.000000
150.896414 60.000000 0.000000 -0.667080 -1.034740 0.000000 1.000000
152.103586 60.000000 0.000000 0.676992 -0.774820 0.000000 1.000000
153.310757 60.000000 0.000000 -0.162739 1.010704 0.000000 1.000000
154.517928 60.000000 0.000000 -0.240710 0.259233 0.000000 1.000000
155.725100 60.000000 0.000000 0.711241 0.401230 0.000000 1.000000
156.932271 60.000000 0.000000 -0.412722 -0.742236 0.000000 1.000000
158.139442 60.000000 0.000000 0.912444 0.127516 0.000000 1.000000
159.346614 60.000000 0.000000 -0.508035 -0.254698 0.000000 1.000000
160.553785 60.000000 0.000000 -0.037041 -1.262543 0.000000 1.000000
161.760956 60.000000 0.000000 0.340977 0.733097 0.000000 1.000000
162.968127 60.000000 0.000000 -0.464032 -0.600105 0.000000 1.000000
164.175299 60.000000 0.000000 -0.291967 -0.145891 0.000000 1.000000
165.382470 60.000000 0.000000 1.425831 0.595781 0.000000 1.000000
166.589641 60.000000 0.000000 0.126380 -0.439491 0.000000 1.000000
167.796813 60.000000 0.000000 0.053969 -0.135829 0.000000 1.000000
169.003984 60.000000 0.000000 -0.823339 -0.307974 0.000000 1.000000
170.211155 60.000000 0.000000 0.311543 -0.762606 0.000000 1.000000
171.418327 60.000000 0.000000 -0.931220 -0.116550 0.000000 1.000000
172.625498 60.000000 0.000000 -0.282496 -1.222600 0.000000 1.000000
173.832669 60.000000 0.000000 0.840552 0.825878 0.000000 1.000000
175.039841 60.000000 0.000000 1.474263 -0.328483 0.000000 1.000000
176.247012 60.000000 0.000000 0.403080 0.861278 0.000000 1.000000
177.454183 60.000000 0.000000 0.382921 0.808238 0.000000 1.000000
178.661355 60.000000 0.000000 0.112707 -0.349737 0.000000 1.000000
179.868526 60.000000 0.000000 0.331203 0.342393 0.000000 1.000000
181.075697 60.000000 0.000000 0.480953 0.765876 0.000000 1.000000
182.282869 60.000000 0.000000 0.111964 -0.157179 0.000000 1.000000
183.490040 60.000000 0.000000 0.832905 -0.111130 0.000000 1.000000
184.697211 60.000000 0.000000 -0.580704 0.664906 0.000000 1.000000
185.904382 60.000000 0.000000 -1.509318 0.786782 0.000000 1.000000
187.111554 60.000000 0.000000 0.597564 -0.005160 0.000000 1.000000
188.318725 60.000000 0.000000 0.807248 -0.289300 0.000000 1.000000
189.525896 60.000000 0.000000 0.211935 -1.020991 0.000000 1.000000
190.733068 60.000000 0.000000 -0.873036 0.309189 0.000000 1.000000
191.940239 60.000000 0.000000 -0.291163 -0.814791 0.000000 1.000000
193.147410 60.000000 0.000000 0.655905 -0.063279 0.000000 1.000000
194.354582 60.000000 0.000000 -0.471761 -0.120876 0.000000 1.000000
195.561753 60.000000 0.000000 1.063398 0.757322 0.000000 1.000000
196.768924 60.000000 0.000000 0.036579 0.449469 0.000000 1.000000
197.976096 60.000000 0.000000 -0.411204 1.266822 0.000000 1.000000
199.183267 60.000000 0.000000 0.925509 -0.259257 0.000000 1.000000
200.390438 60.000000 0.000000 0.140859 0.646347 0.000000 1.000000
201.597610 60.000000 0.000000 0.681890 0.707401 0.000000 1.000000
202.804781 60.000000 0.000000 0.483999 0.238870 0.000000 1.000000
204.011952 60.000000 0.000000 -1.127109 1.029093 0.000000 1.000000
205.219124 60.000000 0.000000 -0.238964 0.167727 0.000000 1.000000
206.426295 60.000000 0.000000 -0.019919 0.738562 0.000000 1.000000
207.633466 60.000000 0.000000 -0.299675 -0.828940 0.000000 1.000000
208.840637 60.000000 0.000000 1.037190 0.487211 0.000000 1.000000
210.047809 60.000000 0.000000 1.091575 -0.037330 0.000000 1.000000
211.254980 60.000000 0.000000 0.240265 0.632902 0.000000 1.000000
212.462151 60.000000 0.000000 -0.721168 -1.100052 0.000000 1.000000
213.669323 60.000000 0.000000 -0.583423 -0.457414 0.000000 1.000000
214.876494 60.000000 0.000000 1.259352 1.810877 0.000000 1.000000
216.083665 60.000000 0.000000 -0.148513 0.060146 0.000000 1.000000
217.290837 60.000000 0.000000 -0.226349 -0.177618 0.000000 1.000000
218.498008 60.000000 0.000000 0.241571 0.235317 0.000000 1.000000
219.705179 60.000000 0.000000 -0.249625 -0.083652 0.000000 1.000000
220.912351 60.000000 0.000000 -0.427730 -0.523237 0.000000 1.000000
222.119522 60.000000 0.000000 -0.283421 0.483459 0.000000 1.000000
223.326693 60.000000 0.000000 0.343238 -0.376708 0.000000 1.000000
224.533865 60.000000 0.000000 0.686386 0.037134 0.000000 1.000000
225.741036 60.000000 0.000000 0.676195 -0.139956 0.000000 1.000000
226.948207 60.000000 0.000000 1.273395 0.982592 0.000000 1.000000
228.155378 60.000000 0.000000 0.513201 1.014026 0.000000 1.000000
229.362550 60.000000 0.000000 -0.456923 1.224906 0.000000 1.000000
230.569721 60.000000 0.000000 -0.866179 0.051074 0.000000 1.000000
231.776892 60.000000 0.000000 -0.434129 -1.353552 0.000000 1.000000
232.984064 60.000000 0.000000 -0.917132 -0.313206 0.000000 1.000000
234.191235 60.000000 0.000000 0.344125 -0.267301 0.000000 1.000000
235.398406 60.000000 0.000000 0.662871 -0.237179 0.000000 1.000000
236.605578 60.000000 0.000000 -0.655004 0.955527 0.000000 1.000000
237.812749 60.000000 0.000000 0.853059 -0.179423 0.000000 1.000000
239.019920 60.000000 0.000000 -1.140683 -0.776428 0.000000 1.000000
240.227092 60.000000 0.000000 -0.365905 0.048037 0.000000 1.000000
241.434263 60.000000 0.000000 0.847025 0.045147 0.000000 1.000000
242.641434 60.000000 0.000000 0.205281 0.299152 0.000000 1.000000
243.848606 60.000000 0.000000 -0.834972 0.790176 0.000000 1.000000
245.055777 60.000000 0.000000 1.074368 0.365239 0.000000 1.000000
246.262948 60.000000 0.000000 1.094160 -0.182367 0.000000 1.000000
247.470120 60.000000 0.000000 0.005030 0.963156 0.000000 1.000000
248.677291 60.000000 0.000000 -0.120987 -0.438722 0.000000 1.000000
249.884462 60.000000 0.000000 1.260528 -0.114717 0.000000 1.000000
251.091633 60.000000 0.000000 -0.568405 -0.013438 0.000000 1.000000
252.298805 60.000000 0.000000 -1.515461 0.733624 0.000000 1.000000
253.505976 60.000000 0.000000 0.952780 -0.885042 0.000000 1.000000
254.713147 60.000000 0.000000 -0.475112 1.308292 0.000000 1.000000
255.920319 60.000000 0.000000 0.682931 -0.239647 0.000000 1.000000
257.127490 60.000000 0.000000 -0.118417 0.278299 0.000000 1.000000
258.334661 60.000000 0.000000 1.004094 0.542423 0.000000 1.000000
259.541833 60.000000 0.000000 0.399194 -0.149713 0.000000 1.000000
260.749004 60.000000 0.000000 1.090868 0.406173 0.000000 1.000000
261.956175 60.000000 0.000000 -0.777110 -0.280499 0.000000 1.000000
263.163347 60.000000 0.000000 1.273973 -1.290234 0.000000 1.000000
264.370518 60.000000 0.000000 -0.749044 0.382026 0.000000 1.000000
265.577689 60.000000 0.000000 -0.097658 -0.807854 0.000000 1.000000
266.784861 60.000000 0.000000 -2.477704 -0.239838 0.000000 1.000000
267.992032 60.000000 0.000000 0.834129 -0.712968 0.000000 1.000000
269.199203 60.000000 0.000000 -0.811468 0.542231 0.000000 1.000000
270.406375 60.000000 0.000000 0.991396 -0.627158 0.000000 1.000000
271.613546 60.000000 0.000000 -0.246265 -1.078882 0.000000 1.000000
272.820717 60.000000 0.000000 -0.001480 -0.534643 0.000000 1.000000
274.027888 60.000000 0.000000 -0.120439 -1.737197 0.000000 1.000000
275.235060 60.000000 0.000000 0.647732 -1.310468 0.000000 1.000000
276.442231 60.000000 0.000000 -0.954596 -0.175799 0.000000 1.000000
277.649402 60.000000 0.000000 -1.428081 -1.147428 0.000000 1.000000
278.856574 60.000000 0.000000 -0.667868 -1.305842 0.000000 1.000000
280.063745 60.000000 0.000000 -0.499830 -0.079821 0.000000 1.000000
281.270916 60.000000 0.000000 1.204118 0.609406 0.000000 1.000000
282.478088 60.000000 0.000000 -1.739402 -0.155376 0.000000 1.000000
283.685259 60.000000 0.000000 -0.610930 0.316699 0.000000 1.000000
284.892430 60.000000 0.000000 -0.242845 0.242274 0.000000 1.000000
286.099602 60.000000 0.000000 0.459395 -0.281126 0.000000 1.000000
287.306773 60.000000 0.000000 -1.170036 -0.298912 0.000000 1.000000
288.513944 60.000000 0.000000 0.439698 0.396807 0.000000 1.000000
289.721116 60.000000 0.000000 -0.132640 0.465812 0.000000 1.000000
290.928287 60.000000 0.000000 -0.069319 -0.920100 0.000000 1.000000
292.135458 60.000000 0.000000 0.122037 0.584942 0.000000 1.000000
293.342629 60.000000 0.000000 0.926170 -0.419555 0.000000 1.000000
294.549801 60.000000 0.000000 0.086621 -0.174311 0.000000 1.000000
295.756972 60.000000 0.000000 -0.954727 0.220109 0.000000 1.000000
296.964143 60.000000 0.000000 -0.661643 0.043358 0.000000 1.000000
298.171315 60.000000 0.000000 -0.472397 -0.424427 0.000000 1.000000
299.378486 60.000000 0.000000 -0.044040 0.051626 0.000000 1.000000
300.585657 60.000000 0.000000 0.349685 -0.294351 0.000000 1.000000
301.792829 60.000000 0.000000 -0.199961 0.253389 0.000000 1.000000
1.207171 63.529412 0.000000 -0.297580 0.009384 0.000000 1.000000
2.414343 63.529412 0.000000 -0.407251 -0.042185 0.000000 1.000000
3.621514 63.529412 0.000000 0.581862 0.568350 0.000000 1.000000
4.828685 63.529412 0.000000 0.577372 0.851935 0.000000 1.000000
6.035857 63.529412 0.000000 0.105761 0.695842 0.000000 1.000000
7.243028 63.529412 0.000000 -0.228263 0.706755 0.000000 1.000000
8.450199 63.529412 0.000000 0.533592 1.170855 0.000000 1.000000
9.657371 63.529412 0.000000 0.588999 0.474007 0.000000 1.000000
10.864542 63.529412 0.000000 0.223326 -0.361145 0.000000 1.000000
12.071713 63.529412 0.000000 -0.458000 0.594245 0.000000 1.000000
13.278884 63.529412 0.000000 -0.906439 1.100517 0.000000 1.000000
14.486056 63.529412 0.000000 0.145496 0.429154 0.000000 1.000000
15.693227 63.529412 0.000000 0.685447 0.171786 0.000000 1.000000
16.900398 63.529412 0.000000 -0.058419 -1.525101 0.000000 1.000000
18.107570 63.529412 0.000000 0.251241 0.392731 0.000000 1.000000
19.314741 63.529412 0.000000 -1.037648 0.130227 0.000000 1.000000
20.521912 63.529412 0.000000 -0.073651 0.730214 0.000000 1.000000
21.729084 63.529412 0.000000 -1.206279 -0.398339 0.000000 1.000000
22.936255 63.529412 0.000000 -0.139717 -0.616595 0.000000 1.000000
24.143426 63.529412 0.000000 0.131583 -1.460707 0.000000 1.000000
25.350598 63.529412 0.000000 -1.603784 -0.024207 0.000000 1.000000
26.557769 63.529412 0.000000 0.386956 -0.590617 0.000000 1.000000
27.764940 63.529412 0.000000 0.260316 0.209446 0.000000 1.000000
28.972112 63.529412 0.000000 0.407167 0.049004 0.000000 1.000000
30.179283 63.529412 0.000000 -1.208006 -0.005488 0.000000 1.000000
31.386454 63.529412 0.000000 0.089817 1.055666 0.000000 1.000000
32.593625 63.529412 0.000000 -1.059638 1.615045 0.000000 1.000000
33.800797 63.529412 0.000000 -0.059922 -0.757941 0.000000 1.000000
35.007968 63.529412 0.000000 -0.200588 0.785284 0.000000 1.000000
36.215139 63.529412 0.000000 0.036136 -0.537787 0.000000 1.000000
37.422311 63.529412 0.000000 0.486154 0.686741 0.000000 1.000000
38.629482 63.529412 0.000000 0.003666 1.200973 0.000000 1.000000
39.836653 63.529412 0.000000 1.492863 -1.717211 0.000000 1.000000
41.043825 63.529412 0.000000 0.021412 1.305135 0.000000 1.000000
42.250996 63.529412 0.000000 0.352232 1.044000 0.000000 1.000000
43.458167 63.529412 0.000000 0.403887 -1.027425 0.000000 1.000000
44.665339 63.529412 0.000000 -0.447431 -0.012038 0.000000 1.000000
45.872510 63.529412 0.000000 0.944379 -0.049727 0.000000 1.000000
47.079681 63.529412 0.000000 -0.339203 -0.387269 0.000000 1.000000
48.286853 63.529412 0.000000 0.132928 0.140641 0.000000 1.000000
49.494024 63.529412 0.000000 1.623459 -0.103560 0.000000 1.000000
50.701195 63.529412 0.000000 -0.876231 0.431794 0.000000 1.000000
51.908367 63.529412 0.000000 0.191990 0.118190 0.000000 1.000000
53.115538 63.529412 0.000000 -0.505548 0.327277 0.000000 1.000000
54.322709 63.529412 0.000000 -0.343730 -0.386702 0.000000 1.000000
55.529880 63.529412 0.000000 -0.416663 0.686679 0.000000 1.000000
56.737052 63.529412 0.000000 -1.014530 -0.068415 0.000000 1.000000
57.944223 63.529412 0.000000 -0.187741 0.522319 0.000000 1.000000
59.151394 63.529412 0.000000 -0.125843 0.639979 0.000000 1.000000
60.358566 63.529412 0.000000 -0.540754 0.300166 0.000000 1.000000
61.565737 63.529412 0.000000 0.194895 0.054668 0.000000 1.000000
62.772908 63.529412 0.000000 1.106056 0.370469 0.000000 1.000000
63.980080 63.529412 0.000000 0.188750 0.771050 0.000000 1.000000
65.187251 63.529412 0.000000 0.273107 -0.182721 0.000000 1.000000
66.394422 63.529412 0.000000 0.684819 1.573553 0.000000 1.000000
67.601594 63.529412 0.000000 -0.394724 0.449939 0.000000 1.000000
68.808765 63.529412 0.000000 0.095839 0.061588 0.000000 1.000000
70.015936 63.529412 0.000000 -1.333824 -0.455184 0.000000 1.000000
71.223108 63.529412 0.000000 -0.568291 1.009176 0.000000 1.000000
72.430279 63.529412 0.000000 -0.791531 0.934093 0.000000 1.000000
73.637450 63.529412 0.000000 -0.670790 -0.128409 0.000000 1.000000
74.844622 63.529412 0.000000 -0.285166 -0.398749 0.000000 1.000000
76.051793 63.529412 0.000000 -1.102577 0.978002 0.000000 1.000000
77.258964 63.529412 0.000000 0.794483 0.846148 0.000000 1.000000
78.466135 63.529412 0.000000 0.683283 0.639388 0.000000 1.000000
79.673307 63.529412 0.000000 0.877345 -0.545804 0.000000 1.000000
80.880478 63.529412 0.000000 0.403370 1.022438 0.000000 1.000000
82.087649 63.529412 0.000000 0.248596 -0.131354 0.000000 1.000000
83.294821 63.529412 0.000000 -0.620831 -0.192435 0.000000 1.000000
84.501992 63.529412 0.000000 -0.330151 -2.117707 0.000000 1.000000
85.709163 63.529412 0.000000 0.335131 1.073014 0.000000 1.000000
86.916335 63.529412 0.000000 0.443590 0.119914 0.000000 1.000000
88.123506 63.529412 0.000000 -0.512945 -0.173792 0.000000 1.000000
89.330677 63.529412 0.000000 0.992192 -0.972496 0.000000 1.000000
90.537849 63.529412 0.000000 1.601456 -1.067588 0.000000 1.000000
91.745020 63.529412 0.000000 0.608903 -0.478620 0.000000 1.000000
92.952191 63.529412 0.000000 -0.317337 -1.527638 0.000000 1.000000
94.159363 63.529412 0.000000 0.670833 0.298640 0.000000 1.000000
95.366534 63.529412 0.000000 0.760109 -0.355593 0.000000 1.000000
96.573705 63.529412 0.000000 0.946733 0.125519 0.000000 1.000000
97.780876 63.529412 0.000000 -0.122474 -0.356380 0.000000 1.000000
98.988048 63.529412 0.000000 0.876467 0.251927 0.000000 1.000000
100.195219 63.529412 0.000000 0.299134 -1.051340 0.000000 1.000000
101.402390 63.529412 0.000000 -0.041878 -0.716069 0.000000 1.000000
102.609562 63.529412 0.000000 -0.570440 -1.315908 0.000000 1.000000
103.816733 63.529412 0.000000 0.418216 -0.081146 0.000000 1.000000
105.023904 63.529412 0.000000 0.002807 -0.701716 0.000000 1.000000
106.231076 63.529412 0.000000 0.130960 -0.709038 0.000000 1.000000
107.438247 63.529412 0.000000 -0.061103 0.441435 0.000000 1.000000
108.645418 63.529412 0.000000 0.265191 0.413003 0.000000 1.000000
109.852590 63.529412 0.000000 -0.477975 -1.378488 0.000000 1.000000
111.059761 63.529412 0.000000 0.196570 -0.759796 0.000000 1.000000
112.266932 63.529412 0.000000 -0.226743 -0.838159 0.000000 1.000000
113.474104 63.529412 0.000000 -0.164673 0.465581 0.000000 1.000000
114.681275 63.529412 0.000000 -0.232776 -0.871096 0.000000 1.000000
115.888446 63.529412 0.000000 0.102393 0.184581 0.000000 1.000000
117.095618 63.529412 0.000000 0.014394 0.193659 0.000000 1.000000
118.302789 63.529412 0.000000 0.875446 1.170818 0.000000 1.000000
119.509960 63.529412 0.000000 0.503494 -0.253315 0.000000 1.000000
120.717131 63.529412 0.000000 0.255650 -0.986719 0.000000 1.000000
121.924303 63.529412 0.000000 0.007830 1.311279 0.000000 1.000000
123.131474 63.529412 0.000000 -0.036925 -0.013553 0.000000 1.000000
124.338645 63.529412 0.000000 -0.554486 0.783338 0.000000 1.000000
125.545817 63.529412 0.000000 -0.200987 0.210555 0.000000 1.000000
126.752988 63.529412 0.000000 -0.246941 -0.863446 0.000000 1.000000
127.960159 63.529412 0.000000 -0.126815 -0.718812 0.000000 1.000000
129.167331 63.529412 0.000000 -0.479363 -0.409305 0.000000 1.000000
130.374502 63.529412 0.000000 1.217245 0.452552 0.000000 1.000000
131.581673 63.529412 0.000000 0.222518 -0.450292 0.000000 1.000000
132.788845 63.529412 0.000000 0.430136 -0.101066 0.000000 1.000000
133.996016 63.529412 0.000000 0.863678 -0.161297 0.000000 1.000000
135.203187 63.529412 0.000000 1.215872 -0.168748 0.000000 1.000000
136.410359 63.529412 0.000000 0.063548 -0.334812 0.000000 1.000000
137.617530 63.529412 0.000000 -0.018812 -0.698948 0.000000 1.000000
138.824701 63.529412 0.000000 -0.811977 -1.180949 0.000000 1.000000
140.031873 63.529412 0.000000 -0.594964 -0.674006 0.000000 1.000000
141.239044 63.529412 0.000000 0.203216 -0.461366 0.000000 1.000000
142.446215 63.529412 0.000000 -0.110354 0.921543 0.000000 1.000000
143.653386 63.529412 0.000000 0.419173 -1.110891 0.000000 1.000000
144.860558 63.529412 0.000000 0.286497 0.420322 0.000000 1.000000
146.067729 63.529412 0.000000 -0.101045 -0.676112 0.000000 1.000000
147.274900 63.529412 0.000000 0.255858 -0.186365 0.000000 1.000000
148.482072 63.529412 0.000000 0.188315 0.405611 0.000000 1.000000
149.689243 63.529412 0.000000 0.296429 -0.353650 0.000000 1.000000
150.896414 63.529412 0.000000 -1.141768 0.062597 0.000000 1.000000
152.103586 63.529412 0.000000 -0.087900 -0.122150 0.000000 1.000000
153.310757 63.529412 0.000000 0.229769 0.372308 0.000000 1.000000
154.517928 63.529412 0.000000 -0.761844 0.591349 0.000000 1.000000
155.725100 63.529412 0.000000 0.247448 0.110100 0.000000 1.000000
156.932271 63.529412 0.000000 0.045799 1.542487 0.000000 1.000000
158.139442 63.529412 0.000000 0.319007 -0.065606 0.000000 1.000000
159.346614 63.529412 0.000000 -1.123336 -0.196228 0.000000 1.000000
160.553785 63.529412 0.000000 0.342287 -0.903891 0.000000 1.000000
161.760956 63.529412 0.000000 -0.104515 0.094961 0.000000 1.000000
162.968127 63.529412 0.000000 0.555185 -1.069873 0.000000 1.000000
164.175299 63.529412 0.000000 -0.130539 -0.172164 0.000000 1.000000
165.382470 63.529412 0.000000 0.002700 0.289964 0.000000 1.000000
166.589641 63.529412 0.000000 0.620193 0.770470 0.000000 1.000000
167.796813 63.529412 0.000000 1.834760 0.150519 0.000000 1.000000
169.003984 63.529412 0.000000 0.323109 -0.093720 0.000000 1.000000
170.211155 63.529412 0.000000 -0.056310 -0.645755 0.000000 1.000000
171.418327 63.529412 0.000000 -0.125961 -0.464042 0.000000 1.000000
172.625498 63.529412 0.000000 -0.903165 0.106116 0.000000 1.000000
173.832669 63.529412 0.000000 -0.396841 0.139154 0.000000 1.000000
175.039841 63.529412 0.000000 -0.201694 0.351330 0.000000 1.000000
176.247012 63.529412 0.000000 1.018686 0.367749 0.000000 1.000000
177.454183 63.529412 0.000000 -0.252599 -0.265709 0.000000 1.000000
178.661355 63.529412 0.000000 0.149022 -0.299035 0.000000 1.000000
179.868526 63.529412 0.000000 -0.245397 0.804745 0.000000 1.000000
181.075697 63.529412 0.000000 0.201838 -0.340247 0.000000 1.000000
182.282869 63.529412 0.000000 0.132349 -0.087198 0.000000 1.000000
183.490040 63.529412 0.000000 -0.358552 0.171005 0.000000 1.000000
184.697211 63.529412 0.000000 -0.283830 -0.424633 0.000000 1.000000
185.904382 63.529412 0.000000 0.504629 -0.485779 0.000000 1.000000
187.111554 63.529412 0.000000 0.982099 -0.880201 0.000000 1.000000
188.318725 63.529412 0.000000 0.327552 0.274271 0.000000 1.000000
189.525896 63.529412 0.000000 0.251830 0.203524 0.000000 1.000000
190.733068 63.529412 0.000000 0.639102 -0.187573 0.000000 1.000000
191.940239 63.529412 0.000000 -0.265568 -0.241351 0.000000 1.000000
193.147410 63.529412 0.000000 1.407523 -0.741668 0.000000 1.000000
194.354582 63.529412 0.000000 0.762816 -0.592983 0.000000 1.000000
195.561753 63.529412 0.000000 0.379367 0.776721 0.000000 1.000000
196.768924 63.529412 0.000000 -0.864813 -0.630313 0.000000 1.000000
197.976096 63.529412 0.000000 0.615046 0.844042 0.000000 1.000000
199.183267 63.529412 0.000000 -0.415614 1.231016 0.000000 1.000000
200.390438 63.529412 0.000000 -0.192354 0.264469 0.000000 1.000000
201.597610 63.529412 0.000000 0.899837 -0.528485 0.000000 1.000000
202.804781 63.529412 0.000000 1.176754 -0.533580 0.000000 1.000000
204.011952 63.529412 0.000000 -0.068227 -0.279049 0.000000 1.000000
205.219124 63.529412 0.000000 1.644000 0.017031 0.000000 1.000000
206.426295 63.529412 0.000000 0.613795 0.824870 0.000000 1.000000
207.633466 63.529412 0.000000 -0.301047 0.630818 0.000000 1.000000
208.840637 63.529412 0.000000 -0.222588 -1.226253 0.000000 1.000000
210.047809 63.529412 0.000000 -0.261938 0.030183 0.000000 1.000000
211.254980 63.529412 0.000000 -1.581608 -0.847067 0.000000 1.000000
212.462151 63.529412 0.000000 -0.055172 0.297503 0.000000 1.000000
213.669323 63.529412 0.000000 0.447419 -0.020197 0.000000 1.000000
214.876494 63.529412 0.000000 -0.465645 0.404618 0.000000 1.000000
216.083665 63.529412 0.000000 -0.965543 0.495251 0.000000 1.000000
217.290837 63.529412 0.000000 -1.077179 0.641016 0.000000 1.000000
218.498008 63.529412 0.000000 -0.637724 1.096330 0.000000 1.000000
219.705179 63.529412 0.000000 -0.301872 -0.442908 0.000000 1.000000
220.912351 63.529412 0.000000 -0.723512 0.400034 0.000000 1.000000
222.119522 63.529412 0.000000 -0.852773 -0.189113 0.000000 1.000000
223.326693 63.529412 0.000000 0.301857 -0.633321 0.000000 1.000000
224.533865 63.529412 0.000000 -0.646853 -0.366001 0.000000 1.000000
225.741036 63.529412 0.000000 -0.960216 -0.516600 0.000000 1.000000
226.948207 63.529412 0.000000 -0.012261 -1.107387 0.000000 1.000000
228.155378 63.529412 0.000000 0.004601 0.047861 0.000000 1.000000
229.362550 63.529412 0.000000 0.131070 -0.010517 0.000000 1.000000
230.569721 63.529412 0.000000 -1.660037 -0.643058 0.000000 1.000000
231.776892 63.529412 0.000000 0.217485 -0.123645 0.000000 1.000000
232.984064 63.529412 0.000000 -0.803633 1.109692 0.000000 1.000000
234.191235 63.529412 0.000000 0.875096 -0.976493 0.000000 1.000000
235.398406 63.529412 0.000000 -0.109724 0.373586 0.000000 1.000000
236.605578 63.529412 0.000000 1.141641 -1.510448 0.000000 1.000000
237.812749 63.529412 0.000000 0.449748 -0.279555 0.000000 1.000000
239.019920 63.529412 0.000000 0.112245 -0.217149 0.000000 1.000000
240.227092 63.529412 0.000000 1.171700 1.372116 0.000000 1.000000
241.434263 63.529412 0.000000 -0.196749 -0.665320 0.000000 1.000000
242.641434 63.529412 0.000000 1.804884 0.296126 0.000000 1.000000
243.848606 63.529412 0.000000 -0.761399 0.787930 0.000000 1.000000
245.055777 63.529412 0.000000 -0.144651 -0.241739 0.000000 1.000000
246.262948 63.529412 0.000000 0.746132 -1.224752 0.000000 1.000000
247.470120 63.529412 0.000000 0.661712 0.121620 0.000000 1.000000
248.677291 63.529412 0.000000 0.248643 0.129374 0.000000 1.000000
249.884462 63.529412 0.000000 -1.176143 -0.551402 0.000000 1.000000
251.091633 63.529412 0.000000 0.264060 0.357128 0.000000 1.000000
252.298805 63.529412 0.000000 -0.047891 -1.178722 0.000000 1.000000
253.505976 63.529412 0.000000 -0.189859 -0.571227 0.000000 1.000000
254.713147 63.529412 0.000000 -0.545254 0.333041 0.000000 1.000000
255.920319 63.529412 0.000000 0.213273 -1.074410 0.000000 1.000000
257.127490 63.529412 0.000000 -0.094639 0.395248 0.000000 1.000000
258.334661 63.529412 0.000000 0.132231 -0.128206 0.000000 1.000000
259.541833 63.529412 0.000000 0.005578 -0.841977 0.000000 1.000000
260.749004 63.529412 0.000000 1.333612 0.085749 0.000000 1.000000
261.956175 63.529412 0.000000 -0.616310 -1.312351 0.000000 1.000000
263.163347 63.529412 0.000000 -1.254200 -0.449388 0.000000 1.000000
264.370518 63.529412 0.000000 0.729011 -0.411552 0.000000 1.000000
265.577689 63.529412 0.000000 -0.187912 -0.723747 0.000000 1.000000
266.784861 63.529412 0.000000 1.050674 1.579370 0.000000 1.000000
267.992032 63.529412 0.000000 -1.935368 -0.268491 0.000000 1.000000
269.199203 63.529412 0.000000 0.344360 0.339833 0.000000 1.000000
270.406375 63.529412 0.000000 -0.364749 -0.343553 0.000000 1.000000
271.613546 63.529412 0.000000 0.473344 1.065030 0.000000 1.000000
272.820717 63.529412 0.000000 -1.264936 -0.499681 0.000000 1.000000
274.027888 63.529412 0.000000 0.322463 -0.731915 0.000000 1.000000
275.235060 63.529412 0.000000 -0.392229 0.929061 0.000000 1.000000
276.442231 63.529412 0.000000 0.197631 -0.380856 0.000000 1.000000
277.649402 63.529412 0.000000 0.335086 -0.968681 0.000000 1.000000
278.856574 63.529412 0.000000 0.114904 0.313029 0.000000 1.000000
280.063745 63.529412 0.000000 0.848406 0.446035 0.000000 1.000000
281.270916 63.529412 0.000000 0.095836 -0.144020 0.000000 1.000000
282.478088 63.529412 0.000000 -0.177874 0.859642 0.000000 1.000000
283.685259 63.529412 0.000000 0.873909 0.374939 0.000000 1.000000
284.892430 63.529412 0.000000 0.024534 -0.613074 0.000000 1.000000
286.099602 63.529412 0.000000 -0.956204 -0.327318 0.000000 1.000000
287.306773 63.529412 0.000000 0.548059 0.107615 0.000000 1.000000
288.513944 63.529412 0.000000 0.901945 -0.138745 0.000000 1.000000
289.721116 63.529412 0.000000 -1.151180 -0.492693 0.000000 1.000000
290.928287 63.529412 0.000000 0.589074 0.168507 0.000000 1.000000
292.135458 63.529412 0.000000 0.086148 -0.037551 0.000000 1.000000
293.342629 63.529412 0.000000 -0.358145 0.446013 0.000000 1.000000
294.549801 63.529412 0.000000 -0.373812 0.272574 0.000000 1.000000
295.756972 63.529412 0.000000 0.012788 -1.142722 0.000000 1.000000
296.964143 63.529412 0.000000 1.086095 -0.185613 0.000000 1.000000
298.171315 63.529412 0.000000 0.591638 0.409926 0.000000 1.000000
299.378486 63.529412 0.000000 -0.017895 -0.331317 0.000000 1.000000
300.585657 63.529412 0.000000 0.142205 -0.382853 0.000000 1.000000
301.792829 63.529412 0.000000 -0.592731 -0.366817 0.000000 1.000000
1.207171 67.058824 0.000000 -1.184124 -0.719252 0.000000 1.000000
2.414343 67.058824 0.000000 -0.101484 0.387083 0.000000 1.000000
3.621514 67.058824 0.000000 -1.432280 0.332525 0.000000 1.000000
4.828685 67.058824 0.000000 0.937517 0.617293 0.000000 1.000000
6.035857 67.058824 0.000000 0.959243 -0.857928 0.000000 1.000000
7.243028 67.058824 0.000000 -0.685506 -1.003069 0.000000 1.000000
8.450199 67.058824 0.000000 0.965082 1.538192 0.000000 1.000000
9.657371 67.058824 0.000000 -1.136584 -0.122261 0.000000 1.000000
10.864542 67.058824 0.000000 -0.947871 -1.333926 0.000000 1.000000
12.071713 67.058824 0.000000 -0.674338 1.035927 0.000000 1.000000
13.278884 67.058824 0.000000 -0.355053 0.561075 0.000000 1.000000
14.486056 67.058824 0.000000 0.463337 -0.595966 0.000000 1.000000
15.693227 67.058824 0.000000 0.942835 -0.779010 0.000000 1.000000
16.900398 67.058824 0.000000 -0.368658 0.308524 0.000000 1.000000
18.107570 67.058824 0.000000 -0.215080 -0.183981 0.000000 1.000000
19.314741 67.058824 0.000000 0.571758 0.807512 0.000000 1.000000
20.521912 67.058824 0.000000 -1.278249 0.014410 0.000000 1.000000
21.729084 67.058824 0.000000 0.892609 1.110907 0.000000 1.000000
22.936255 67.058824 0.000000 -1.782599 -0.549307 0.000000 1.000000
24.143426 67.058824 0.000000 0.058904 -0.301604 0.000000 1.000000
25.350598 67.058824 0.000000 0.509007 0.336566 0.000000 1.000000
26.557769 67.058824 0.000000 0.383766 -0.174427 0.000000 1.000000
27.764940 67.058824 0.000000 -0.126772 0.654462 0.000000 1.000000
28.972112 67.058824 0.000000 0.375961 0.230801 0.000000 1.000000
30.179283 67.058824 0.000000 0.074682 -0.546496 0.000000 1.000000
31.386454 67.058824 0.000000 -0.536548 0.085456 0.000000 1.000000
32.593625 67.058824 0.000000 0.731930 -0.722688 0.000000 1.000000
33.800797 67.058824 0.000000 0.230730 0.275482 0.000000 1.000000
35.007968 67.058824 0.000000 -0.182915 -0.089610 0.000000 1.000000
36.215139 67.058824 0.000000 0.452439 -0.559874 0.000000 1.000000
37.422311 67.058824 0.000000 0.982493 -1.240217 0.000000 1.000000
38.629482 67.058824 0.000000 0.465455 0.484277 0.000000 1.000000
39.836653 67.058824 0.000000 0.977756 -1.447961 0.000000 1.000000
41.043825 67.058824 0.000000 -0.751165 0.757836 0.000000 1.000000
42.250996 67.058824 0.000000 -0.552199 -0.026095 0.000000 1.000000
43.458167 67.058824 0.000000 0.759620 -0.760371 0.000000 1.000000
44.665339 67.058824 0.000000 -0.738390 -0.703898 0.000000 1.000000
45.872510 67.058824 0.000000 -0.030184 -0.534543 0.000000 1.000000
47.079681 67.058824 0.000000 0.038272 -0.085986 0.000000 1.000000
48.286853 67.058824 0.000000 0.353129 -0.472873 0.000000 1.000000
49.494024 67.058824 0.000000 0.388911 0.592918 0.000000 1.000000
50.701195 67.058824 0.000000 0.628202 0.304804 0.000000 1.000000
51.908367 67.058824 0.000000 -0.304935 0.068085 0.000000 1.000000
53.115538 67.058824 0.000000 -0.991344 0.210296 0.000000 1.000000
54.322709 67.058824 0.000000 0.639686 -0.469737 0.000000 1.000000
55.529880 67.058824 0.000000 0.983988 0.583558 0.000000 1.000000
56.737052 67.058824 0.000000 1.388519 -0.798152 0.000000 1.000000
57.944223 67.058824 0.000000 0.053494 -0.474076 0.000000 1.000000
59.151394 67.058824 0.000000 -0.293643 0.538276 0.000000 1.000000
60.358566 67.058824 0.000000 0.815573 -0.023745 0.000000 1.000000
61.565737 67.058824 0.000000 -0.237843 -0.773786 0.000000 1.000000
62.772908 67.058824 0.000000 -0.035414 0.188958 0.000000 1.000000
63.980080 67.058824 0.000000 0.444392 0.655577 0.000000 1.000000
65.187251 67.058824 0.000000 -0.395717 -0.484692 0.000000 1.000000
66.394422 67.058824 0.000000 0.939756 0.181972 0.000000 1.000000
67.601594 67.058824 0.000000 -1.212602 1.128798 0.000000 1.000000
68.808765 67.058824 0.000000 -0.483762 0.567798 0.000000 1.000000
70.015936 67.058824 0.000000 -0.232878 0.033729 0.000000 1.000000
71.223108 67.058824 0.000000 1.179225 -1.293357 0.000000 1.000000
72.430279 67.058824 0.000000 -0.227388 -0.518286 0.000000 1.000000
73.637450 67.058824 0.000000 -0.194804 -0.227946 0.000000 1.000000
74.844622 67.058824 0.000000 0.653091 0.298309 0.000000 1.000000
76.051793 67.058824 0.000000 -0.334137 1.059468 0.000000 1.000000
77.258964 67.058824 0.000000 0.595146 -0.629442 0.000000 1.000000
78.466135 67.058824 0.000000 -0.265474 -0.485150 0.000000 1.000000
79.673307 67.058824 0.000000 0.150603 -0.277882 0.000000 1.000000
80.880478 67.058824 0.000000 0.526934 -0.380346 0.000000 1.000000
82.087649 67.058824 0.000000 0.008084 -0.429384 0.000000 1.000000
83.294821 67.058824 0.000000 -0.430862 0.592733 0.000000 1.000000
84.501992 67.058824 0.000000 -1.068070 0.160192 0.000000 1.000000
85.709163 67.058824 0.000000 0.580879 0.919258 0.000000 1.000000
86.916335 67.058824 0.000000 -0.664669 0.854346 0.000000 1.000000
88.123506 67.058824 0.000000 -0.077009 0.058617 0.000000 1.000000
89.330677 67.058824 0.000000 0.196335 -0.938456 0.000000 1.000000
90.537849 67.058824 0.000000 0.926626 0.487646 0.000000 1.000000
91.745020 67.058824 0.000000 -0.465569 -0.423527 0.000000 1.000000
92.952191 67.058824 0.000000 1.665730 -0.148538 0.000000 1.000000
94.159363 67.058824 0.000000 -0.052356 -1.159532 0.000000 1.000000
95.366534 67.058824 0.000000 -0.164296 0.363633 0.000000 1.000000
96.573705 67.058824 0.000000 -0.386433 0.097116 0.000000 1.000000
97.780876 67.058824 0.000000 0.228130 -0.266976 0.000000 1.000000
98.988048 67.058824 0.000000 0.708980 -0.140909 0.000000 1.000000
100.195219 67.058824 0.000000 -0.060557 -0.013350 0.000000 1.000000
101.402390 67.058824 0.000000 -1.273121 0.403122 0.000000 1.000000
102.609562 67.058824 0.000000 0.543333 0.543151 0.000000 1.000000
103.816733 67.058824 0.000000 0.313944 -0.066552 0.000000 1.000000
105.023904 67.058824 0.000000 0.384693 1.922336 0.000000 1.000000
106.231076 67.058824 0.000000 -0.779653 0.421807 0.000000 1.000000
107.438247 67.058824 0.000000 0.346016 0.589594 0.000000 1.000000
108.645418 67.058824 0.000000 -1.008909 1.418351 0.000000 1.000000
109.852590 67.058824 0.000000 0.912407 -0.169256 0.000000 1.000000
111.059761 67.058824 0.000000 1.290808 0.111425 0.000000 1.000000
112.266932 67.058824 0.000000 1.498381 0.147519 0.000000 1.000000
113.474104 67.058824 0.000000 -1.422619 -0.024116 0.000000 1.000000
114.681275 67.058824 0.000000 -0.320701 -0.977134 0.000000 1.000000
115.888446 67.058824 0.000000 -0.699608 0.192921 0.000000 1.000000
117.095618 67.058824 0.000000 -0.530017 0.702606 0.000000 1.000000
118.302789 67.058824 0.000000 -1.191188 -0.180075 0.000000 1.000000
119.509960 67.058824 0.000000 0.332410 0.281942 0.000000 1.000000
120.717131 67.058824 0.000000 -0.397672 0.186424 0.000000 1.000000
121.924303 67.058824 0.000000 -0.732366 -0.502214 0.000000 1.000000
123.131474 67.058824 0.000000 -1.005006 0.919527 0.000000 1.000000
124.338645 67.058824 0.000000 -0.286017 -0.708164 0.000000 1.000000
125.545817 67.058824 0.000000 -0.204481 0.957284 0.000000 1.000000
126.752988 67.058824 0.000000 1.242755 -0.637555 0.000000 1.000000
127.960159 67.058824 0.000000 1.279544 -0.042781 0.000000 1.000000
129.167331 67.058824 0.000000 0.813472 0.616130 0.000000 1.000000
130.374502 67.058824 0.000000 -0.542535 -0.491143 0.000000 1.000000
131.581673 67.058824 0.000000 -1.180425 0.021179 0.000000 1.000000
132.788845 67.058824 0.000000 0.290416 -0.148554 0.000000 1.000000
133.996016 67.058824 0.000000 -0.876400 0.315493 0.000000 1.000000
135.203187 67.058824 0.000000 0.572477 0.113660 0.000000 1.000000
136.410359 67.058824 0.000000 -0.441389 0.234660 0.000000 1.000000
137.617530 67.058824 0.000000 -0.665083 0.189311 0.000000 1.000000
138.824701 67.058824 0.000000 0.266718 0.744676 0.000000 1.000000
140.031873 67.058824 0.000000 1.313817 1.299505 0.000000 1.000000
141.239044 67.058824 0.000000 0.625522 -0.380808 0.000000 1.000000
142.446215 67.058824 0.000000 0.471922 -1.002363 0.000000 1.000000
143.653386 67.058824 0.000000 -0.005231 -0.092720 0.000000 1.000000
144.860558 67.058824 0.000000 -0.355613 0.351349 0.000000 1.000000
146.067729 67.058824 0.000000 -0.305309 1.417196 0.000000 1.000000
147.274900 67.058824 0.000000 -0.123214 1.339161 0.000000 1.000000
148.482072 67.058824 0.000000 0.204424 -0.708130 0.000000 1.000000
149.689243 67.058824 0.000000 0.080141 1.510426 0.000000 1.000000
150.896414 67.058824 0.000000 -0.107884 0.058503 0.000000 1.000000
152.103586 67.058824 0.000000 0.390342 0.557006 0.000000 1.000000
153.310757 67.058824 0.000000 0.532580 -1.201704 0.000000 1.000000
154.517928 67.058824 0.000000 -0.517329 -0.380800 0.000000 1.000000
155.725100 67.058824 0.000000 2.148968 -0.569439 0.000000 1.000000
156.932271 67.058824 0.000000 0.097374 1.897330 0.000000 1.000000
158.139442 67.058824 0.000000 0.358106 0.946115 0.000000 1.000000
159.346614 67.058824 0.000000 0.601886 -1.125034 0.000000 1.000000
160.553785 67.058824 0.000000 -0.328252 -0.180016 0.000000 1.000000
161.760956 67.058824 0.000000 -1.275724 -1.475628 0.000000 1.000000
162.968127 67.058824 0.000000 0.705840 1.353361 0.000000 1.000000
164.175299 67.058824 0.000000 -0.754324 -0.087649 0.000000 1.000000
165.382470 67.058824 0.000000 1.029822 0.738835 0.000000 1.000000
166.589641 67.058824 0.000000 -0.999096 -0.032201 0.000000 1.000000
167.796813 67.058824 0.000000 0.290467 -1.334810 0.000000 1.000000
169.003984 67.058824 0.000000 -0.382892 -0.399306 0.000000 1.000000
170.211155 67.058824 0.000000 -1.629422 -0.567870 0.000000 1.000000
171.418327 67.058824 0.000000 0.089253 0.294305 0.000000 1.000000
172.625498 67.058824 0.000000 -0.920024 0.375984 0.000000 1.000000
173.832669 67.058824 0.000000 -0.140305 -0.098393 0.000000 1.000000
175.039841 67.058824 0.000000 -0.419624 -1.540870 0.000000 1.000000
176.247012 67.058824 0.000000 0.610522 0.324253 0.000000 1.000000
177.454183 67.058824 0.000000 -0.018372 -0.379070 0.000000 1.000000
178.661355 67.058824 0.000000 -0.957565 0.281065 0.000000 1.000000
179.868526 67.058824 0.000000 -0.329295 0.401807 0.000000 1.000000
181.075697 67.058824 0.000000 0.475182 -0.360632 0.000000 1.000000
182.282869 67.058824 0.000000 -0.517744 -0.122552 0.000000 1.000000
183.490040 67.058824 0.000000 0.232531 -1.225219 0.000000 1.000000
184.697211 67.058824 0.000000 0.132203 -1.034584 0.000000 1.000000
185.904382 67.058824 0.000000 -0.258629 1.627400 0.000000 1.000000
187.111554 67.058824 0.000000 -0.702523 -0.729476 0.000000 1.000000
188.318725 67.058824 0.000000 -0.290555 -0.163479 0.000000 1.000000
189.525896 67.058824 0.000000 -0.921042 0.236292 0.000000 1.000000
190.733068 67.058824 0.000000 0.450213 0.353545 0.000000 1.000000
191.940239 67.058824 0.000000 0.245706 -0.197343 0.000000 1.000000
193.147410 67.058824 0.000000 -0.669620 0.018729 0.000000 1.000000
194.354582 67.058824 0.000000 0.370532 -0.603842 0.000000 1.000000
195.561753 67.058824 0.000000 -0.149142 0.002905 0.000000 1.000000
196.768924 67.058824 0.000000 1.600581 0.792285 0.000000 1.000000
197.976096 67.058824 0.000000 0.956283 0.491942 0.000000 1.000000
199.183267 67.058824 0.000000 -0.434816 0.427572 0.000000 1.000000
200.390438 67.058824 0.000000 1.077799 -0.705954 0.000000 1.000000
201.597610 67.058824 0.000000 0.042720 0.085814 0.000000 1.000000
202.804781 67.058824 0.000000 0.396192 0.819401 0.000000 1.000000
204.011952 67.058824 0.000000 -0.140479 -0.116508 0.000000 1.000000
205.219124 67.058824 0.000000 2.226328 -0.345033 0.000000 1.000000
206.426295 67.058824 0.000000 -0.971065 0.092981 0.000000 1.000000
207.633466 67.058824 0.000000 -0.398046 -0.125044 0.000000 1.000000
208.840637 67.058824 0.000000 -0.084648 -1.619328 0.000000 1.000000
210.047809 67.058824 0.000000 0.060497 0.156677 0.000000 1.000000
211.254980 67.058824 0.000000 0.837478 0.116655 0.000000 1.000000
212.462151 67.058824 0.000000 0.817267 1.155518 0.000000 1.000000
213.669323 67.058824 0.000000 0.371017 0.321070 0.000000 1.000000
214.876494 67.058824 0.000000 -0.233586 0.434710 0.000000 1.000000
216.083665 67.058824 0.000000 -0.234063 -1.665684 0.000000 1.000000
217.290837 67.058824 0.000000 -0.089778 0.800104 0.000000 1.000000
218.498008 67.058824 0.000000 0.626204 -0.195104 0.000000 1.000000
219.705179 67.058824 0.000000 -0.560157 -0.193205 0.000000 1.000000
220.912351 67.058824 0.000000 -0.025359 -0.832622 0.000000 1.000000
222.119522 67.058824 0.000000 -0.712771 -0.062253 0.000000 1.000000
223.326693 67.058824 0.000000 0.152239 0.402698 0.000000 1.000000
224.533865 67.058824 0.000000 -0.569604 -1.368983 0.000000 1.000000
225.741036 67.058824 0.000000 -0.137452 0.687447 0.000000 1.000000
226.948207 67.058824 0.000000 -1.043578 -0.610530 0.000000 1.000000
228.155378 67.058824 0.000000 -0.474773 1.158697 0.000000 1.000000
229.362550 67.058824 0.000000 0.783332 -0.239795 0.000000 1.000000
230.569721 67.058824 0.000000 0.549863 -0.503907 0.000000 1.000000
231.776892 67.058824 0.000000 -0.024248 -1.306121 0.000000 1.000000
232.984064 67.058824 0.000000 -0.692920 -0.680079 0.000000 1.000000
234.191235 67.058824 0.000000 -0.826663 0.387705 0.000000 1.000000
235.398406 67.058824 0.000000 -0.703402 0.706788 0.000000 1.000000
236.605578 67.058824 0.000000 0.393027 0.162610 0.000000 1.000000
237.812749 67.058824 0.000000 0.826897 0.172680 0.000000 1.000000
239.019920 67.058824 0.000000 -0.504141 -0.311449 0.000000 1.000000
240.227092 67.058824 0.000000 0.471278 -0.907399 0.000000 1.000000
241.434263 67.058824 0.000000 0.642865 -0.148647 0.000000 1.000000
242.641434 67.058824 0.000000 0.437114 0.077803 0.000000 1.000000
243.848606 67.058824 0.000000 -0.552005 1.117297 0.000000 1.000000
245.055777 67.058824 0.000000 -0.172407 0.208573 0.000000 1.000000
246.262948 67.058824 0.000000 -0.376775 -0.574236 0.000000 1.000000
247.470120 67.058824 0.000000 0.066221 -0.360473 0.000000 1.000000
248.677291 67.058824 0.000000 -0.044111 0.089640 0.000000 1.000000
249.884462 67.058824 0.000000 -0.376664 0.690651 0.000000 1.000000
251.091633 67.058824 0.000000 0.424009 -1.458065 0.000000 1.000000
252.298805 67.058824 0.000000 -0.646604 -0.269079 0.000000 1.000000
253.505976 67.058824 0.000000 -0.694834 -0.522147 0.000000 1.000000
254.713147 67.058824 0.000000 0.455167 0.338434 0.000000 1.000000
255.920319 67.058824 0.000000 -1.142024 -0.924886 0.000000 1.000000
257.127490 67.058824 0.000000 0.177268 -0.220456 0.000000 1.000000
258.334661 67.058824 0.000000 0.577697 -0.467628 0.000000 1.000000
259.541833 67.058824 0.000000 0.023712 -0.623403 0.000000 1.000000
260.749004 67.058824 0.000000 -0.200205 0.418337 0.000000 1.000000
261.956175 67.058824 0.000000 0.269890 -0.791235 0.000000 1.000000
263.163347 67.058824 0.000000 0.737741 -0.050711 0.000000 1.000000
264.370518 67.058824 0.000000 0.307718 0.299120 0.000000 1.000000
265.577689 67.058824 0.000000 -0.323049 0.609773 0.000000 1.000000
266.784861 67.058824 0.000000 -0.514131 -0.273027 0.000000 1.000000
267.992032 67.058824 0.000000 -0.862949 -1.098471 0.000000 1.000000
269.199203 67.058824 0.000000 1.552846 -0.123258 0.000000 1.000000
270.406375 67.058824 0.000000 -0.291232 1.320530 0.000000 1.000000
271.613546 67.058824 0.000000 -1.232481 0.856867 0.000000 1.000000
272.820717 67.058824 0.000000 0.173477 -0.103873 0.000000 1.000000
274.027888 67.058824 0.000000 -0.165117 -0.217246 0.000000 1.000000
275.235060 67.058824 0.000000 1.052463 0.711187 0.000000 1.000000
276.442231 67.058824 0.000000 -0.095162 -0.564184 0.000000 1.000000
277.649402 67.058824 0.000000 0.016213 -0.720411 0.000000 1.000000
278.856574 67.058824 0.000000 -0.575149 -0.218348 0.000000 1.000000
280.063745 67.058824 0.000000 -0.538456 -0.463997 0.000000 1.000000
281.270916 67.058824 0.000000 -0.257397 -0.740425 0.000000 1.000000
282.478088 67.058824 0.000000 1.073463 -1.509725 0.000000 1.000000
283.685259 67.058824 0.000000 0.494273 0.467358 0.000000 1.000000
284.892430 67.058824 0.000000 -0.127549 -0.121898 0.000000 1.000000
286.099602 67.058824 0.000000 0.097269 0.024783 0.000000 1.000000
287.306773 67.058824 0.000000 0.492670 0.377639 0.000000 1.000000
288.513944 67.058824 0.000000 -0.289403 -0.704482 0.000000 1.000000
289.721116 67.058824 0.000000 0.221034 0.398413 0.000000 1.000000
290.928287 67.058824 0.000000 0.554127 -0.396358 0.000000 1.000000
292.135458 67.058824 0.000000 1.750142 -1.229523 0.000000 1.000000
293.342629 67.058824 0.000000 1.302453 -0.577933 0.000000 1.000000
294.549801 67.058824 0.000000 -0.075790 1.231923 0.000000 1.000000
295.756972 67.058824 0.000000 1.315288 1.094167 0.000000 1.000000
296.964143 67.058824 0.000000 0.562701 0.281609 0.000000 1.000000
298.171315 67.058824 0.000000 -0.982859 -0.847281 0.000000 1.000000
299.378486 67.058824 0.000000 -0.054300 0.423273 0.000000 1.000000
300.585657 67.058824 0.000000 0.508967 0.592884 0.000000 1.000000
301.792829 67.058824 0.000000 0.986457 0.997464 0.000000 1.000000
1.207171 70.588235 0.000000 0.027824 -1.484218 0.000000 1.000000
2.414343 70.588235 0.000000 0.713091 -0.161029 0.000000 1.000000
3.621514 70.588235 0.000000 -0.341659 0.113094 0.000000 1.000000
4.828685 70.588235 0.000000 -0.915154 -0.165662 0.000000 1.000000
6.035857 70.588235 0.000000 -1.024162 -1.647502 0.000000 1.000000
7.243028 70.588235 0.000000 -0.500589 1.025211 0.000000 1.000000
8.450199 70.588235 0.000000 0.083344 0.541566 0.000000 1.000000
9.657371 70.588235 0.000000 -0.084580 0.276180 0.000000 1.000000
10.864542 70.588235 0.000000 -1.340561 -0.521688 0.000000 1.000000
12.071713 70.588235 0.000000 -0.621271 -0.976835 0.000000 1.000000
13.278884 70.588235 0.000000 0.077604 0.268649 0.000000 1.000000
14.486056 70.588235 0.000000 0.245029 -0.049480 0.000000 1.000000
15.693227 70.588235 0.000000 0.491422 0.035178 0.000000 1.000000
16.900398 70.588235 0.000000 0.190011 -0.420097 0.000000 1.000000
18.107570 70.588235 0.000000 0.382739 0.289903 0.000000 1.000000
19.314741 70.588235 0.000000 -0.730068 -0.471929 0.000000 1.000000
20.521912 70.588235 0.000000 0.752691 -0.933943 0.000000 1.000000
21.729084 70.588235 0.000000 -0.295029 0.714488 0.000000 1.000000
22.936255 70.588235 0.000000 0.474989 0.684620 0.000000 1.000000
24.143426 70.588235 0.000000 0.425925 -0.260768 0.000000 1.000000
25.350598 70.588235 0.000000 -1.258641 1.446497 0.000000 1.000000
26.557769 70.588235 0.000000 0.572284 -0.631983 0.000000 1.000000
27.764940 70.588235 0.000000 0.085183 -0.453675 0.000000 1.000000
28.972112 70.588235 0.000000 -0.074077 0.411567 0.000000 1.000000
30.179283 70.588235 0.000000 -0.502141 1.331365 0.000000 1.000000
31.386454 70.588235 0.000000 -0.238271 -0.326015 0.000000 1.000000
32.593625 70.588235 0.000000 0.832431 -0.825863 0.000000 1.000000
33.800797 70.588235 0.000000 0.088424 1.490298 0.000000 1.000000
35.007968 70.588235 0.000000 0.065260 0.151664 0.000000 1.000000
36.215139 70.588235 0.000000 -0.408547 -0.665820 0.000000 1.000000
37.422311 70.588235 0.000000 -0.158451 1.604276 0.000000 1.000000
38.629482 70.588235 0.000000 0.648678 0.373249 0.000000 1.000000
39.836653 70.588235 0.000000 0.487898 0.672107 0.000000 1.000000
41.043825 70.588235 0.000000 -0.233800 -0.017117 0.000000 1.000000
42.250996 70.588235 0.000000 -0.045759 0.312125 0.000000 1.000000
43.458167 70.588235 0.000000 -0.682878 -0.927959 0.000000 1.000000
44.665339 70.588235 0.000000 -0.521988 0.270327 0.000000 1.000000
45.872510 70.588235 0.000000 -0.777856 0.539540 0.000000 1.000000
47.079681 70.588235 0.000000 -0.811087 -0.157826 0.000000 1.000000
48.286853 70.588235 0.000000 -0.977720 0.427954 0.000000 1.000000
49.494024 70.588235 0.000000 -1.083692 -1.426721 0.000000 1.000000
50.701195 70.588235 0.000000 0.044015 0.223933 0.000000 1.000000
51.908367 70.588235 0.000000 0.542014 0.118221 0.000000 1.000000
53.115538 70.588235 0.000000 0.298444 0.125723 0.000000 1.000000
54.322709 70.588235 0.000000 0.144596 0.967734 0.000000 1.000000
55.529880 70.588235 0.000000 -0.150667 -0.694569 0.000000 1.000000
56.737052 70.588235 0.000000 0.924938 0.678454 0.000000 1.000000
57.944223 70.588235 0.000000 0.405888 -0.389264 0.000000 1.000000
59.151394 70.588235 0.000000 0.340614 1.187931 0.000000 1.000000
60.358566 70.588235 0.000000 -0.335894 0.471064 0.000000 1.000000
61.565737 70.588235 0.000000 -0.946623 -0.660030 0.000000 1.000000
62.772908 70.588235 0.000000 0.693665 0.461376 0.000000 1.000000
63.980080 70.588235 0.000000 -0.246808 -0.771630 0.000000 1.000000
65.187251 70.588235 0.000000 -0.524982 1.442406 0.000000 1.000000
66.394422 70.588235 0.000000 0.043578 0.608171 0.000000 1.000000
67.601594 70.588235 0.000000 0.412402 0.187033 0.000000 1.000000
68.808765 70.588235 0.000000 0.315839 -0.235623 0.000000 1.000000
70.015936 70.588235 0.000000 0.799302 0.058642 0.000000 1.000000
71.223108 70.588235 0.000000 -0.223142 0.376357 0.000000 1.000000
72.430279 70.588235 0.000000 -0.024943 0.276472 0.000000 1.000000
73.637450 70.588235 0.000000 -0.596304 -1.255603 0.000000 1.000000
74.844622 70.588235 0.000000 -1.552333 -1.046068 0.000000 1.000000
76.051793 70.588235 0.000000 -0.709713 -0.413981 0.000000 1.000000
77.258964 70.588235 0.000000 0.004948 0.334836 0.000000 1.000000
78.466135 70.588235 0.000000 0.383712 -0.836210 0.000000 1.000000
79.673307 70.588235 0.000000 1.340314 -0.086337 0.000000 1.000000
80.880478 70.588235 0.000000 -0.422882 -0.073132 0.000000 1.000000
82.087649 70.588235 0.000000 0.189619 0.244555 0.000000 1.000000
83.294821 70.588235 0.000000 -0.388681 1.081594 0.000000 1.000000
84.501992 70.588235 0.000000 -1.101790 0.332477 0.000000 1.000000
85.709163 70.588235 0.000000 0.543953 -0.040438 0.000000 1.000000
86.916335 70.588235 0.000000 -0.671016 0.051569 0.000000 1.000000
88.123506 70.588235 0.000000 0.656649 0.050637 0.000000 1.000000
89.330677 70.588235 0.000000 -0.369477 -1.448948 0.000000 1.000000
90.537849 70.588235 0.000000 0.213670 -1.383447 0.000000 1.000000
91.745020 70.588235 0.000000 0.777098 -0.554334 0.000000 1.000000
92.952191 70.588235 0.000000 0.816638 0.694635 0.000000 1.000000
94.159363 70.588235 0.000000 -0.020124 -0.148852 0.000000 1.000000
95.366534 70.588235 0.000000 1.379859 -0.191864 0.000000 1.000000
96.573705 70.588235 0.000000 -0.211088 -0.334608 0.000000 1.000000
97.780876 70.588235 0.000000 -0.529667 0.001728 0.000000 1.000000
98.988048 70.588235 0.000000 -0.107802 -1.905797 0.000000 1.000000
100.195219 70.588235 0.000000 -0.741543 0.897113 0.000000 1.000000
101.402390 70.588235 0.000000 0.607773 1.645922 0.000000 1.000000
102.609562 70.588235 0.000000 -1.180948 -1.409649 0.000000 1.000000
103.816733 70.588235 0.000000 0.763263 -0.748819 0.000000 1.000000
105.023904 70.588235 0.000000 0.622232 -0.462503 0.000000 1.000000
106.231076 70.588235 0.000000 0.835244 -0.229538 0.000000 1.000000
107.438247 70.588235 0.000000 -0.102766 1.055668 0.000000 1.000000
108.645418 70.588235 0.000000 0.536566 -0.461193 0.000000 1.000000
109.852590 70.588235 0.000000 -1.961854 1.116688 0.000000 1.000000
111.059761 70.588235 0.000000 -0.074981 0.185313 0.000000 1.000000
112.266932 70.588235 0.000000 -0.643675 -0.087068 0.000000 1.000000
113.474104 70.588235 0.000000 -0.573974 -0.494554 0.000000 1.000000
114.681275 70.588235 0.000000 -1.783309 0.512172 0.000000 1.000000
115.888446 70.588235 0.000000 0.152980 -0.568272 0.000000 1.000000
117.095618 70.588235 0.000000 0.815643 -0.163964 0.000000 1.000000
118.302789 70.588235 0.000000 -0.312682 -0.733780 0.000000 1.000000
119.509960 70.588235 0.000000 1.081524 1.488116 0.000000 1.000000
120.717131 70.588235 0.000000 -0.744730 -0.738649 0.000000 1.000000
121.924303 70.588235 0.000000 -0.193229 0.544837 0.000000 1.000000
123.131474 70.588235 0.000000 0.038201 -0.124758 0.000000 1.000000
124.338645 70.588235 0.000000 0.557438 0.141307 0.000000 1.000000
125.545817 70.588235 0.000000 -0.195322 -0.134541 0.000000 1.000000
126.752988 70.588235 0.000000 -0.258111 0.698975 0.000000 1.000000
127.960159 70.588235 0.000000 -0.013918 -0.026895 0.000000 1.000000
129.167331 70.588235 0.000000 -0.006290 0.651088 0.000000 1.000000
130.374502 70.588235 0.000000 -0.290800 1.363724 0.000000 1.000000
131.581673 70.588235 0.000000 -0.614337 -1.048503 0.000000 1.000000
132.788845 70.588235 0.000000 0.168124 0.242583 0.000000 1.000000
133.996016 70.588235 0.000000 -0.304092 2.320031 0.000000 1.000000
135.203187 70.588235 0.000000 0.307793 0.880549 0.000000 1.000000
136.410359 70.588235 0.000000 0.434054 0.235907 0.000000 1.000000
137.617530 70.588235 0.000000 -0.652767 0.105518 0.000000 1.000000
138.824701 70.588235 0.000000 0.380250 -0.937468 0.000000 1.000000
140.031873 70.588235 0.000000 -1.632321 0.857758 0.000000 1.000000
141.239044 70.588235 0.000000 0.448563 0.312738 0.000000 1.000000
142.446215 70.588235 0.000000 -0.196242 0.572245 0.000000 1.000000
143.653386 70.588235 0.000000 -0.981464 -0.422065 0.000000 1.000000
144.860558 70.588235 0.000000 -0.408999 0.828889 0.000000 1.000000
146.067729 70.588235 0.000000 -0.192278 -0.436411 0.000000 1.000000
147.274900 70.588235 0.000000 0.591164 0.671389 0.000000 1.000000
148.482072 70.588235 0.000000 -0.094713 0.278395 0.000000 1.000000
149.689243 70.588235 0.000000 -0.909217 -0.410113 0.000000 1.000000
150.896414 70.588235 0.000000 -0.658797 -0.200502 0.000000 1.000000
152.103586 70.588235 0.000000 0.538574 -0.538227 0.000000 1.000000
153.310757 70.588235 0.000000 0.491538 0.578676 0.000000 1.000000
154.517928 70.588235 0.000000 -0.640138 1.518404 0.000000 1.000000
155.725100 70.588235 0.000000 -0.185457 -0.778507 0.000000 1.000000
156.932271 70.588235 0.000000 -0.664047 0.318773 0.000000 1.000000
158.139442 70.588235 0.000000 -0.141964 0.084051 0.000000 1.000000
159.346614 70.588235 0.000000 -1.657120 -0.648332 0.000000 1.000000
160.553785 70.588235 0.000000 -1.044217 0.560554 0.000000 1.000000
161.760956 70.588235 0.000000 -0.449982 -0.402910 0.000000 1.000000
162.968127 70.588235 0.000000 0.038761 0.840883 0.000000 1.000000
164.175299 70.588235 0.000000 0.616577 0.629366 0.000000 1.000000
165.382470 70.588235 0.000000 -0.540311 -0.241450 0.000000 1.000000
166.589641 70.588235 0.000000 0.023291 -0.711247 0.000000 1.000000
167.796813 70.588235 0.000000 -0.063718 0.038773 0.000000 1.000000
169.003984 70.588235 0.000000 0.509096 -1.354246 0.000000 1.000000
170.211155 70.588235 0.000000 -0.229418 0.052988 0.000000 1.000000
171.418327 70.588235 0.000000 1.252724 0.442932 0.000000 1.000000
172.625498 70.588235 0.000000 -0.375148 -0.520493 0.000000 1.000000
173.832669 70.588235 0.000000 0.479208 0.331122 0.000000 1.000000
175.039841 70.588235 0.000000 -0.630455 0.068219 0.000000 1.000000
176.247012 70.588235 0.000000 1.077145 0.427927 0.000000 1.000000
177.454183 70.588235 0.000000 -0.530622 -1.036727 0.000000 1.000000
178.661355 70.588235 0.000000 0.452341 0.151174 0.000000 1.000000
179.868526 70.588235 0.000000 0.716296 0.908350 0.000000 1.000000
181.075697 70.588235 0.000000 -0.503163 0.009356 0.000000 1.000000
182.282869 70.588235 0.000000 -0.622901 -1.240283 0.000000 1.000000
183.490040 70.588235 0.000000 -0.192192 0.573796 0.000000 1.000000
184.697211 70.588235 0.000000 0.079884 -0.010957 0.000000 1.000000
185.904382 70.588235 0.000000 -1.074462 0.096355 0.000000 1.000000
187.111554 70.588235 0.000000 0.004114 -0.001538 0.000000 1.000000
188.318725 70.588235 0.000000 -0.285848 -0.223462 0.000000 1.000000
189.525896 70.588235 0.000000 0.391830 0.267830 0.000000 1.000000
190.733068 70.588235 0.000000 -1.319427 0.214134 0.000000 1.000000
191.940239 70.588235 0.000000 -0.224914 0.077250 0.000000 1.000000
193.147410 70.588235 0.000000 0.518863 0.493358 0.000000 1.000000
194.354582 70.588235 0.000000 1.301967 -0.147636 0.000000 1.000000
195.561753 70.588235 0.000000 0.484344 -0.751330 0.000000 1.000000
196.768924 70.588235 0.000000 0.465170 -0.968205 0.000000 1.000000
197.976096 70.588235 0.000000 0.620952 -0.763165 0.000000 1.000000
199.183267 70.588235 0.000000 -0.916463 0.409162 0.000000 1.000000
200.390438 70.588235 0.000000 0.519919 1.192879 0.000000 1.000000
201.597610 70.588235 0.000000 -0.238039 -0.367117 0.000000 1.000000
202.804781 70.588235 0.000000 -0.046939 -0.893733 0.000000 1.000000
204.011952 70.588235 0.000000 -0.579092 0.081865 0.000000 1.000000
205.219124 70.588235 0.000000 -0.885836 -1.558664 0.000000 1.000000
206.426295 70.588235 0.000000 -1.048977 0.040905 0.000000 1.000000
207.633466 70.588235 0.000000 -0.848272 0.685353 0.000000 1.000000
208.840637 70.588235 0.000000 0.573270 0.453125 0.000000 1.000000
210.047809 70.588235 0.000000 -0.150370 0.071143 0.000000 1.000000
211.254980 70.588235 0.000000 -0.878809 0.237311 0.000000 1.000000
212.462151 70.588235 0.000000 0.598708 0.036065 0.000000 1.000000
213.669323 70.588235 0.000000 -0.916266 -1.187911 0.000000 1.000000
214.876494 70.588235 0.000000 -0.152643 -0.148247 0.000000 1.000000
216.083665 70.588235 0.000000 1.513183 -1.005726 0.000000 1.000000
217.290837 70.588235 0.000000 -1.110543 0.221463 0.000000 1.000000
218.498008 70.588235 0.000000 -0.337014 1.966945 0.000000 1.000000
219.705179 70.588235 0.000000 -0.872216 1.079288 0.000000 1.000000
220.912351 70.588235 0.000000 -0.655217 -0.018673 0.000000 1.000000
222.119522 70.588235 0.000000 -0.191521 -0.682817 0.000000 1.000000
223.326693 70.588235 0.000000 0.953236 0.391385 0.000000 1.000000
224.533865 70.588235 0.000000 -0.673464 0.898453 0.000000 1.000000
225.741036 70.588235 0.000000 -0.596642 0.943399 0.000000 1.000000
226.948207 70.588235 0.000000 0.130150 -0.561507 0.000000 1.000000
228.155378 70.588235 0.000000 0.047161 -0.604321 0.000000 1.000000
229.362550 70.588235 0.000000 -1.237901 0.967853 0.000000 1.000000
230.569721 70.588235 0.000000 -0.421197 -0.548945 0.000000 1.000000
231.776892 70.588235 0.000000 -1.021286 0.177642 0.000000 1.000000
232.984064 70.588235 0.000000 -1.438580 -0.750148 0.000000 1.000000
234.191235 70.588235 0.000000 0.136812 -0.857851 0.000000 1.000000
235.398406 70.588235 0.000000 0.429695 0.449177 0.000000 1.000000
236.605578 70.588235 0.000000 0.627982 -0.187203 0.000000 1.000000
237.812749 70.588235 0.000000 -0.532337 -0.489375 0.000000 1.000000
239.019920 70.588235 0.000000 1.327209 0.379577 0.000000 1.000000
240.227092 70.588235 0.000000 0.171738 0.262662 0.000000 1.000000
241.434263 70.588235 0.000000 1.295384 1.015624 0.000000 1.000000
242.641434 70.588235 0.000000 -1.181744 0.170892 0.000000 1.000000
243.848606 70.588235 0.000000 1.276537 -0.155976 0.000000 1.000000
245.055777 70.588235 0.000000 -0.056918 -0.522007 0.000000 1.000000
246.262948 70.588235 0.000000 0.353007 -0.262928 0.000000 1.000000
247.470120 70.588235 0.000000 0.926149 -0.748028 0.000000 1.000000
248.677291 70.588235 0.000000 -0.226458 0.118704 0.000000 1.000000
249.884462 70.588235 0.000000 -0.266356 -0.230932 0.000000 1.000000
251.091633 70.588235 0.000000 0.156813 -0.231237 0.000000 1.000000
252.298805 70.588235 0.000000 0.080552 -0.967879 0.000000 1.000000
253.505976 70.588235 0.000000 0.864579 -1.355660 0.000000 1.000000
254.713147 70.588235 0.000000 -0.473949 0.982174 0.000000 1.000000
255.920319 70.588235 0.000000 -1.524641 1.469241 0.000000 1.000000
257.127490 70.588235 0.000000 -0.422588 -0.216547 0.000000 1.000000
258.334661 70.588235 0.000000 -0.012267 0.752970 0.000000 1.000000
259.541833 70.588235 0.000000 -0.106930 0.456343 0.000000 1.000000
260.749004 70.588235 0.000000 0.679937 1.098290 0.000000 1.000000
261.956175 70.588235 0.000000 0.166153 -0.436558 0.000000 1.000000
263.163347 70.588235 0.000000 -0.866680 -0.496788 0.000000 1.000000
264.370518 70.588235 0.000000 -0.233714 -0.421572 0.000000 1.000000
265.577689 70.588235 0.000000 0.550370 -1.396283 0.000000 1.000000
266.784861 70.588235 0.000000 -0.460383 0.553704 0.000000 1.000000
267.992032 70.588235 0.000000 -0.262042 -0.084329 0.000000 1.000000
269.199203 70.588235 0.000000 0.452041 1.045503 0.000000 1.000000
270.406375 70.588235 0.000000 0.858995 -0.543397 0.000000 1.000000
271.613546 70.588235 0.000000 -1.336476 0.026632 0.000000 1.000000
272.820717 70.588235 0.000000 -0.724543 -0.348307 0.000000 1.000000
274.027888 70.588235 0.000000 -0.587819 0.780966 0.000000 1.000000
275.235060 70.588235 0.000000 -0.359644 -0.144335 0.000000 1.000000
276.442231 70.588235 0.000000 0.680957 0.300375 0.000000 1.000000
277.649402 70.588235 0.000000 -0.193427 0.184875 0.000000 1.000000
278.856574 70.588235 0.000000 1.088661 0.576787 0.000000 1.000000
280.063745 70.588235 0.000000 -0.106081 0.332613 0.000000 1.000000
281.270916 70.588235 0.000000 0.116411 0.946560 0.000000 1.000000
282.478088 70.588235 0.000000 -0.245542 0.434432 0.000000 1.000000
283.685259 70.588235 0.000000 1.487955 -0.588084 0.000000 1.000000
284.892430 70.588235 0.000000 -0.009946 1.096722 0.000000 1.000000
286.099602 70.588235 0.000000 1.303387 0.587662 0.000000 1.000000
287.306773 70.588235 0.000000 0.272832 -0.060960 0.000000 1.000000
288.513944 70.588235 0.000000 -1.233148 -0.637086 0.000000 1.000000
289.721116 70.588235 0.000000 0.756974 -0.351404 0.000000 1.000000
290.928287 70.588235 0.000000 -0.195045 0.137417 0.000000 1.000000
292.135458 70.588235 0.000000 -0.111381 -0.329819 0.000000 1.000000
293.342629 70.588235 0.000000 -1.553322 0.280873 0.000000 1.000000
294.549801 70.588235 0.000000 -0.014669 0.168393 0.000000 1.000000
295.756972 70.588235 0.000000 -0.289258 0.462326 0.000000 1.000000
296.964143 70.588235 0.000000 -0.609732 1.031694 0.000000 1.000000
298.171315 70.588235 0.000000 0.569975 0.677714 0.000000 1.000000
299.378486 70.588235 0.000000 -0.162838 -1.603268 0.000000 1.000000
300.585657 70.588235 0.000000 -0.752110 -1.246790 0.000000 1.000000
301.792829 70.588235 0.000000 0.024455 0.268544 0.000000 1.000000
1.207171 74.117647 0.000000 1.450497 -0.497164 0.000000 1.000000
2.414343 74.117647 0.000000 -0.350247 -1.157960 0.000000 1.000000
3.621514 74.117647 0.000000 1.942217 0.433382 0.000000 1.000000
4.828685 74.117647 0.000000 0.907535 -0.301061 0.000000 1.000000
6.035857 74.117647 0.000000 -0.220878 -0.193646 0.000000 1.000000
7.243028 74.117647 0.000000 -1.623509 -0.548986 0.000000 1.000000
8.450199 74.117647 0.000000 -0.026910 0.199294 0.000000 1.000000
9.657371 74.117647 0.000000 0.820363 0.181227 0.000000 1.000000
10.864542 74.117647 0.000000 -0.440820 -0.614407 0.000000 1.000000
12.071713 74.117647 0.000000 -0.453906 1.294642 0.000000 1.000000
13.278884 74.117647 0.000000 0.144493 -0.031736 0.000000 1.000000
14.486056 74.117647 0.000000 1.145456 0.409946 0.000000 1.000000
15.693227 74.117647 0.000000 0.328333 -0.815370 0.000000 1.000000
16.900398 74.117647 0.000000 0.683376 -0.828890 0.000000 1.000000
18.107570 74.117647 0.000000 -0.068351 -0.899601 0.000000 1.000000
19.314741 74.117647 0.000000 1.140162 0.382135 0.000000 1.000000
20.521912 74.117647 0.000000 -0.252279 -0.711293 0.000000 1.000000
21.729084 74.117647 0.000000 -0.345415 0.165346 0.000000 1.000000
22.936255 74.117647 0.000000 -1.395342 0.567688 0.000000 1.000000
24.143426 74.117647 0.000000 0.672607 -0.079632 0.000000 1.000000
25.350598 74.117647 0.000000 0.262233 0.704919 0.000000 1.000000
26.557769 74.117647 0.000000 0.479788 0.177416 0.000000 1.000000
27.764940 74.117647 0.000000 -0.431288 -0.273724 0.000000 1.000000
28.972112 74.117647 0.000000 -0.023859 -1.485922 0.000000 1.000000
30.179283 74.117647 0.000000 0.245165 -0.888177 0.000000 1.000000
31.386454 74.117647 0.000000 0.121943 -0.012453 0.000000 1.000000
32.593625 74.117647 0.000000 -0.244244 -1.276369 0.000000 1.000000
33.800797 74.117647 0.000000 0.325890 0.164943 0.000000 1.000000
35.007968 74.117647 0.000000 0.088933 0.186163 0.000000 1.000000
36.215139 74.117647 0.000000 -0.605166 0.830608 0.000000 1.000000
37.422311 74.117647 0.000000 0.020888 0.582262 0.000000 1.000000
38.629482 74.117647 0.000000 -0.634612 -0.504658 0.000000 1.000000
39.836653 74.117647 0.000000 0.202783 0.191088 0.000000 1.000000
41.043825 74.117647 0.000000 -0.001483 0.880231 0.000000 1.000000
42.250996 74.117647 0.000000 -1.152549 0.031240 0.000000 1.000000
43.458167 74.117647 0.000000 -0.978107 1.223475 0.000000 1.000000
44.665339 74.117647 0.000000 0.207035 1.092572 0.000000 1.000000
45.872510 74.117647 0.000000 1.148087 -0.448321 0.000000 1.000000
47.079681 74.117647 0.000000 -0.273232 0.987412 0.000000 1.000000
48.286853 74.117647 0.000000 -0.550437 -0.099148 0.000000 1.000000
49.494024 74.117647 0.000000 -0.270045 -0.797530 0.000000 1.000000
50.701195 74.117647 0.000000 1.431875 0.499993 0.000000 1.000000
51.908367 74.117647 0.000000 -0.272521 -0.953352 0.000000 1.000000
53.115538 74.117647 0.000000 -0.089134 0.463261 0.000000 1.000000
54.322709 74.117647 0.000000 1.256831 1.459636 0.000000 1.000000
55.529880 74.117647 0.000000 0.141598 1.149631 0.000000 1.000000
56.737052 74.117647 0.000000 0.166161 0.656411 0.000000 1.000000
57.944223 74.117647 0.000000 0.158130 -0.363227 0.000000 1.000000
59.151394 74.117647 0.000000 1.083838 -0.156941 0.000000 1.000000
60.358566 74.117647 0.000000 -0.457817 -0.634330 0.000000 1.000000
61.565737 74.117647 0.000000 0.625771 0.541240 0.000000 1.000000
62.772908 74.117647 0.000000 0.557524 0.114654 0.000000 1.000000
63.980080 74.117647 0.000000 -0.989691 0.875855 0.000000 1.000000
65.187251 74.117647 0.000000 0.492938 0.284148 0.000000 1.000000
66.394422 74.117647 0.000000 -0.638414 -0.531611 0.000000 1.000000
67.601594 74.117647 0.000000 0.453092 -0.534586 0.000000 1.000000
68.808765 74.117647 0.000000 0.460985 0.126721 0.000000 1.000000
70.015936 74.117647 0.000000 0.300368 0.682688 0.000000 1.000000
71.223108 74.117647 0.000000 0.570759 0.189099 0.000000 1.000000
72.430279 74.117647 0.000000 -0.631991 -0.174222 0.000000 1.000000
73.637450 74.117647 0.000000 0.955435 0.152018 0.000000 1.000000
74.844622 74.117647 0.000000 1.252519 -1.000618 0.000000 1.000000
76.051793 74.117647 0.000000 1.076915 -0.713618 0.000000 1.000000
77.258964 74.117647 0.000000 -1.001138 -0.649072 0.000000 1.000000
78.466135 74.117647 0.000000 -0.719391 1.112781 0.000000 1.000000
79.673307 74.117647 0.000000 -0.684095 0.295115 0.000000 1.000000
80.880478 74.117647 0.000000 -0.150456 -1.148752 0.000000 1.000000
82.087649 74.117647 0.000000 0.318026 0.113962 0.000000 1.000000
83.294821 74.117647 0.000000 -0.862683 0.725296 0.000000 1.000000
84.501992 74.117647 0.000000 -0.611885 -1.263103 0.000000 1.000000
85.709163 74.117647 0.000000 0.729566 -0.305278 0.000000 1.000000
86.916335 74.117647 0.000000 -0.823188 -0.409230 0.000000 1.000000
88.123506 74.117647 0.000000 -0.418586 -0.055414 0.000000 1.000000
89.330677 74.117647 0.000000 -0.859764 0.788517 0.000000 1.000000
90.537849 74.117647 0.000000 0.334326 -0.176920 0.000000 1.000000
91.745020 74.117647 0.000000 1.261685 0.115286 0.000000 1.000000
92.952191 74.117647 0.000000 0.284573 -0.096156 0.000000 1.000000
94.159363 74.117647 0.000000 -0.000002 0.879190 0.000000 1.000000
95.366534 74.117647 0.000000 -0.370651 0.598476 0.000000 1.000000
96.573705 74.117647 0.000000 -0.501446 -0.450305 0.000000 1.000000
97.780876 74.117647 0.000000 -0.667158 -1.045010 0.000000 1.000000
98.988048 74.117647 0.000000 0.357334 -0.904667 0.000000 1.000000
100.195219 74.117647 0.000000 0.650652 0.639897 0.000000 1.000000
101.402390 74.117647 0.000000 -0.239491 0.494571 0.000000 1.000000
102.609562 74.117647 0.000000 0.340656 0.705110 0.000000 1.000000
103.816733 74.117647 0.000000 -0.737132 0.286707 0.000000 1.000000
105.023904 74.117647 0.000000 0.790017 -0.177544 0.000000 1.000000
106.231076 74.117647 0.000000 0.276497 -0.416626 0.000000 1.000000
107.438247 74.117647 0.000000 1.559226 0.596023 0.000000 1.000000
108.645418 74.117647 0.000000 -0.160946 0.951947 0.000000 1.000000
109.852590 74.117647 0.000000 -0.101103 0.231247 0.000000 1.000000
111.059761 74.117647 0.000000 0.514086 1.084319 0.000000 1.000000
112.266932 74.117647 0.000000 -0.233544 1.401151 0.000000 1.000000
113.474104 74.117647 0.000000 0.695101 0.709696 0.000000 1.000000
114.681275 74.117647 0.000000 0.591532 0.776725 0.000000 1.000000
115.888446 74.117647 0.000000 0.331473 0.101375 0.000000 1.000000
117.095618 74.117647 0.000000 1.042321 0.251800 0.000000 1.000000
118.302789 74.117647 0.000000 0.595797 -0.720896 0.000000 1.000000
119.509960 74.117647 0.000000 1.084879 0.287425 0.000000 1.000000
120.717131 74.117647 0.000000 1.038559 0.412013 0.000000 1.000000
121.924303 74.117647 0.000000 -0.031399 0.539217 0.000000 1.000000
123.131474 74.117647 0.000000 -0.607455 -1.262382 0.000000 1.000000
124.338645 74.117647 0.000000 -0.680924 0.891087 0.000000 1.000000
125.545817 74.117647 0.000000 -0.529705 -0.393010 0.000000 1.000000
126.752988 74.117647 0.000000 0.676574 0.352832 0.000000 1.000000
127.960159 74.117647 0.000000 -0.519193 -0.041513 0.000000 1.000000
129.167331 74.117647 0.000000 -0.312694 0.600037 0.000000 1.000000
130.374502 74.117647 0.000000 0.323051 -0.663658 0.000000 1.000000
131.581673 74.117647 0.000000 -0.907811 -1.129248 0.000000 1.000000
132.788845 74.117647 0.000000 0.390956 0.486643 0.000000 1.000000
133.996016 74.117647 0.000000 0.151318 -0.625913 0.000000 1.000000
135.203187 74.117647 0.000000 -0.861313 0.555124 0.000000 1.000000
136.410359 74.117647 0.000000 -1.873573 0.343501 0.000000 1.000000
137.617530 74.117647 0.000000 -0.301619 -0.295272 0.000000 1.000000
138.824701 74.117647 0.000000 1.568007 0.446018 0.000000 1.000000
140.031873 74.117647 0.000000 0.136423 -0.090056 0.000000 1.000000
141.239044 74.117647 0.000000 -0.995181 -0.818379 0.000000 1.000000
142.446215 74.117647 0.000000 -1.229658 -0.088997 0.000000 1.000000
143.653386 74.117647 0.000000 -0.932442 -0.053442 0.000000 1.000000
144.860558 74.117647 0.000000 -0.274404 0.402946 0.000000 1.000000
146.067729 74.117647 0.000000 0.088055 -0.164612 0.000000 1.000000
147.274900 74.117647 0.000000 -0.103316 -0.690462 0.000000 1.000000
148.482072 74.117647 0.000000 0.285416 -0.009395 0.000000 1.000000
149.689243 74.117647 0.000000 1.463798 0.767539 0.000000 1.000000
150.896414 74.117647 0.000000 0.132697 0.820627 0.000000 1.000000
152.103586 74.117647 0.000000 -0.796038 -0.407366 0.000000 1.000000
153.310757 74.117647 0.000000 -1.000683 0.560261 0.000000 1.000000
154.517928 74.117647 0.000000 0.498103 -0.713845 0.000000 1.000000
155.725100 74.117647 0.000000 0.757789 0.248423 0.000000 1.000000
156.932271 74.117647 0.000000 -0.754047 -0.122173 0.000000 1.000000
158.139442 74.117647 0.000000 -0.162047 1.329362 0.000000 1.000000
159.346614 74.117647 0.000000 -0.141754 0.504190 0.000000 1.000000
160.553785 74.117647 0.000000 0.052185 1.201465 0.000000 1.000000
161.760956 74.117647 0.000000 -0.504981 0.589373 0.000000 1.000000
162.968127 74.117647 0.000000 -0.004363 -0.355657 0.000000 1.000000
164.175299 74.117647 0.000000 0.064217 1.141506 0.000000 1.000000
165.382470 74.117647 0.000000 0.488866 -0.463600 0.000000 1.000000
166.589641 74.117647 0.000000 -0.502159 0.667358 0.000000 1.000000
167.796813 74.117647 0.000000 0.884351 -0.531446 0.000000 1.000000
169.003984 74.117647 0.000000 -0.609715 -0.479474 0.000000 1.000000
170.211155 74.117647 0.000000 -0.801476 0.442493 0.000000 1.000000
171.418327 74.117647 0.000000 0.169364 -0.329582 0.000000 1.000000
172.625498 74.117647 0.000000 -1.190323 -0.292079 0.000000 1.000000
173.832669 74.117647 0.000000 -0.784317 0.508644 0.000000 1.000000
175.039841 74.117647 0.000000 0.354536 0.413469 0.000000 1.000000
176.247012 74.117647 0.000000 -0.141340 0.591829 0.000000 1.000000
177.454183 74.117647 0.000000 0.644035 0.356769 0.000000 1.000000
178.661355 74.117647 0.000000 0.920807 -0.102802 0.000000 1.000000
179.868526 74.117647 0.000000 -0.818741 -0.906327 0.000000 1.000000
181.075697 74.117647 0.000000 1.168735 -0.856322 0.000000 1.000000
182.282869 74.117647 0.000000 0.356711 0.029433 0.000000 1.000000
183.490040 74.117647 0.000000 -0.075868 0.890641 0.000000 1.000000
184.697211 74.117647 0.000000 1.054481 -0.500847 0.000000 1.000000
185.904382 74.117647 0.000000 0.130124 0.127332 0.000000 1.000000
187.111554 74.117647 0.000000 -0.983726 0.446577 0.000000 1.000000
188.318725 74.117647 0.000000 0.375698 -0.029300 0.000000 1.000000
189.525896 74.117647 0.000000 1.061020 -1.181109 0.000000 1.000000
190.733068 74.117647 0.000000 0.544968 -0.379814 0.000000 1.000000
191.940239 74.117647 0.000000 -0.737955 0.514162 0.000000 1.000000
193.147410 74.117647 0.000000 -0.084604 -0.351367 0.000000 1.000000
194.354582 74.117647 0.000000 1.208357 -0.913899 0.000000 1.000000
195.561753 74.117647 0.000000 -0.822200 -0.537796 0.000000 1.000000
196.768924 74.117647 0.000000 0.214635 -0.013410 0.000000 1.000000
197.976096 74.117647 0.000000 -0.047148 -0.665975 0.000000 1.000000
199.183267 74.117647 0.000000 -0.688388 0.223359 0.000000 1.000000
200.390438 74.117647 0.000000 -1.275931 0.411155 0.000000 1.000000
201.597610 74.117647 0.000000 -0.197150 0.775324 0.000000 1.000000
202.804781 74.117647 0.000000 0.298174 0.331470 0.000000 1.000000
204.011952 74.117647 0.000000 0.157270 -1.572697 0.000000 1.000000
205.219124 74.117647 0.000000 0.272296 -0.120193 0.000000 1.000000
206.426295 74.117647 0.000000 0.751541 -0.584207 0.000000 1.000000
207.633466 74.117647 0.000000 -0.700610 0.741376 0.000000 1.000000
208.840637 74.117647 0.000000 -0.552200 0.516811 0.000000 1.000000
210.047809 74.117647 0.000000 -0.940749 -0.056742 0.000000 1.000000
211.254980 74.117647 0.000000 0.299842 -0.114061 0.000000 1.000000
212.462151 74.117647 0.000000 -0.189715 0.612063 0.000000 1.000000
213.669323 74.117647 0.000000 -1.388176 -0.597064 0.000000 1.000000
214.876494 74.117647 0.000000 -1.195667 -0.660919 0.000000 1.000000
216.083665 74.117647 0.000000 -0.559636 0.272038 0.000000 1.000000
217.290837 74.117647 0.000000 -0.185537 0.397305 0.000000 1.000000
218.498008 74.117647 0.000000 0.806061 1.010195 0.000000 1.000000
219.705179 74.117647 0.000000 -0.205627 -2.123636 0.000000 1.000000
220.912351 74.117647 0.000000 0.208873 0.824207 0.000000 1.000000
222.119522 74.117647 0.000000 -0.871063 -0.450069 0.000000 1.000000
223.326693 74.117647 0.000000 0.469140 0.333244 0.000000 1.000000
224.533865 74.117647 0.000000 0.415497 0.377985 0.000000 1.000000
225.741036 74.117647 0.000000 -1.364998 0.545584 0.000000 1.000000
226.948207 74.117647 0.000000 -0.378730 1.528842 0.000000 1.000000
228.155378 74.117647 0.000000 1.180026 -0.088644 0.000000 1.000000
229.362550 74.117647 0.000000 0.931781 -0.484017 0.000000 1.000000
230.569721 74.117647 0.000000 0.304128 0.367361 0.000000 1.000000
231.776892 74.117647 0.000000 0.627338 -1.011424 0.000000 1.000000
232.984064 74.117647 0.000000 1.503034 0.255447 0.000000 1.000000
234.191235 74.117647 0.000000 0.852747 -0.225345 0.000000 1.000000
235.398406 74.117647 0.000000 0.024401 -0.083414 0.000000 1.000000
236.605578 74.117647 0.000000 0.079695 -0.145852 0.000000 1.000000
237.812749 74.117647 0.000000 0.489001 1.608360 0.000000 1.000000
239.019920 74.117647 0.000000 -1.035197 -0.501716 0.000000 1.000000
240.227092 74.117647 0.000000 -1.322349 -0.180034 0.000000 1.000000
241.434263 74.117647 0.000000 -0.095319 0.321760 0.000000 1.000000
242.641434 74.117647 0.000000 -0.370242 -1.319209 0.000000 1.000000
243.848606 74.117647 0.000000 -0.707335 0.252029 0.000000 1.000000
245.055777 74.117647 0.000000 -0.116229 1.403555 0.000000 1.000000
246.262948 74.117647 0.000000 1.145449 -0.055353 0.000000 1.000000
247.470120 74.117647 0.000000 0.491186 0.435983 0.000000 1.000000
248.677291 74.117647 0.000000 1.103460 0.592959 0.000000 1.000000
249.884462 74.117647 0.000000 -0.089606 -0.628554 0.000000 1.000000
251.091633 74.117647 0.000000 -0.568248 -0.030689 0.000000 1.000000
252.298805 74.117647 0.000000 -0.578471 -0.625947 0.000000 1.000000
253.505976 74.117647 0.000000 0.186948 -1.097197 0.000000 1.000000
254.713147 74.117647 0.000000 -0.637352 1.471318 0.000000 1.000000
255.920319 74.117647 0.000000 -1.499911 0.661654 0.000000 1.000000
257.127490 74.117647 0.000000 0.169069 -0.599889 0.000000 1.000000
258.334661 74.117647 0.000000 0.564897 -0.878754 0.000000 1.000000
259.541833 74.117647 0.000000 0.136481 -0.137983 0.000000 1.000000
260.749004 74.117647 0.000000 -0.059747 -0.072397 0.000000 1.000000
261.956175 74.117647 0.000000 0.447830 0.515144 0.000000 1.000000
263.163347 74.117647 0.000000 0.990648 -0.375252 0.000000 1.000000
264.370518 74.117647 0.000000 -0.039236 0.397875 0.000000 1.000000
265.577689 74.117647 0.000000 0.448850 -1.064162 0.000000 1.000000
266.784861 74.117647 0.000000 -0.096074 0.455174 0.000000 1.000000
267.992032 74.117647 0.000000 1.233567 -1.226101 0.000000 1.000000
269.199203 74.117647 0.000000 0.733221 -0.925218 0.000000 1.000000
270.406375 74.117647 0.000000 0.263446 -0.000180 0.000000 1.000000
271.613546 74.117647 0.000000 -0.452517 -0.177101 0.000000 1.000000
272.820717 74.117647 0.000000 0.320822 0.656629 0.000000 1.000000
274.027888 74.117647 0.000000 -0.057136 0.683926 0.000000 1.000000
275.235060 74.117647 0.000000 -0.871216 -0.512396 0.000000 1.000000
276.442231 74.117647 0.000000 -1.029642 0.096819 0.000000 1.000000
277.649402 74.117647 0.000000 0.253741 0.535113 0.000000 1.000000
278.856574 74.117647 0.000000 0.066349 0.578490 0.000000 1.000000
280.063745 74.117647 0.000000 -1.257079 0.112834 0.000000 1.000000
281.270916 74.117647 0.000000 -0.518361 0.411054 0.000000 1.000000
282.478088 74.117647 0.000000 -0.316715 0.032546 0.000000 1.000000
283.685259 74.117647 0.000000 1.109602 0.940932 0.000000 1.000000
284.892430 74.117647 0.000000 0.017761 -0.587139 0.000000 1.000000
286.099602 74.117647 0.000000 0.615435 -0.125513 0.000000 1.000000
287.306773 74.117647 0.000000 -0.183847 -0.304533 0.000000 1.000000
288.513944 74.117647 0.000000 -0.604948 0.130710 0.000000 1.000000
289.721116 74.117647 0.000000 0.825855 0.709543 0.000000 1.000000
290.928287 74.117647 0.000000 -0.341782 -1.175633 0.000000 1.000000
292.135458 74.117647 0.000000 -1.271728 0.124870 0.000000 1.000000
293.342629 74.117647 0.000000 -0.727412 0.044048 0.000000 1.000000
294.549801 74.117647 0.000000 0.055317 0.578213 0.000000 1.000000
295.756972 74.117647 0.000000 -1.483844 -0.075322 0.000000 1.000000
296.964143 74.117647 0.000000 0.050919 -0.250633 0.000000 1.000000
298.171315 74.117647 0.000000 0.074815 -0.551030 0.000000 1.000000
299.378486 74.117647 0.000000 -0.290835 0.636541 0.000000 1.000000
300.585657 74.117647 0.000000 -0.666645 0.248908 0.000000 1.000000
301.792829 74.117647 0.000000 0.475953 -0.297917 0.000000 1.000000
1.207171 77.647059 0.000000 -0.088422 -0.643857 0.000000 1.000000
2.414343 77.647059 0.000000 0.253127 -0.557427 0.000000 1.000000
3.621514 77.647059 0.000000 -0.778138 0.489394 0.000000 1.000000
4.828685 77.647059 0.000000 0.240241 0.410485 0.000000 1.000000
6.035857 77.647059 0.000000 -1.213539 -1.223020 0.000000 1.000000
7.243028 77.647059 0.000000 -0.479222 -0.418656 0.000000 1.000000
8.450199 77.647059 0.000000 -0.112480 -0.092394 0.000000 1.000000
9.657371 77.647059 0.000000 -0.221451 -1.259555 0.000000 1.000000
10.864542 77.647059 0.000000 0.931223 0.587806 0.000000 1.000000
12.071713 77.647059 0.000000 1.027398 -0.637716 0.000000 1.000000
13.278884 77.647059 0.000000 -0.975442 -0.342021 0.000000 1.000000
14.486056 77.647059 0.000000 -0.666279 -0.083868 0.000000 1.000000
15.693227 77.647059 0.000000 0.131173 0.386277 0.000000 1.000000
16.900398 77.647059 0.000000 -1.366745 -0.317206 0.000000 1.000000
18.107570 77.647059 0.000000 0.164216 1.254993 0.000000 1.000000
19.314741 77.647059 0.000000 0.536830 -0.343315 0.000000 1.000000
20.521912 77.647059 0.000000 0.246080 1.117470 0.000000 1.000000
21.729084 77.647059 0.000000 0.177851 -0.076029 0.000000 1.000000
22.936255 77.647059 0.000000 1.665437 0.205262 0.000000 1.000000
24.143426 77.647059 0.000000 0.569196 0.422282 0.000000 1.000000
25.350598 77.647059 0.000000 -0.411705 0.033662 0.000000 1.000000
26.557769 77.647059 0.000000 -0.162833 0.479265 0.000000 1.000000
27.764940 77.647059 0.000000 0.074433 -0.533216 0.000000 1.000000
28.972112 77.647059 0.000000 -0.051470 0.354200 0.000000 1.000000
30.179283 77.647059 0.000000 0.218753 -1.013942 0.000000 1.000000
31.386454 77.647059 0.000000 0.788360 0.847158 0.000000 1.000000
32.593625 77.647059 0.000000 -0.037710 0.290063 0.000000 1.000000
33.800797 77.647059 0.000000 1.011453 0.501216 0.000000 1.000000
35.007968 77.647059 0.000000 0.056584 -0.735926 0.000000 1.000000
36.215139 77.647059 0.000000 1.325620 0.117692 0.000000 1.000000
37.422311 77.647059 0.000000 -0.321242 -0.253957 0.000000 1.000000
38.629482 77.647059 0.000000 -0.111560 -1.254817 0.000000 1.000000
39.836653 77.647059 0.000000 0.330479 0.900695 0.000000 1.000000
41.043825 77.647059 0.000000 -0.238590 0.572803 0.000000 1.000000
42.250996 77.647059 0.000000 -0.153896 -0.017423 0.000000 1.000000
43.458167 77.647059 0.000000 -0.072016 0.464997 0.000000 1.000000
44.665339 77.647059 0.000000 -0.092879 1.023452 0.000000 1.000000
45.872510 77.647059 0.000000 -0.577646 0.099383 0.000000 1.000000
47.079681 77.647059 0.000000 1.538954 1.013474 0.000000 1.000000
48.286853 77.647059 0.000000 -0.754065 -0.309359 0.000000 1.000000
49.494024 77.647059 0.000000 0.729655 -0.483934 0.000000 1.000000
50.701195 77.647059 0.000000 0.004082 0.126210 0.000000 1.000000
51.908367 77.647059 0.000000 -0.707565 0.007695 0.000000 1.000000
53.115538 77.647059 0.000000 -0.620238 0.632258 0.000000 1.000000
54.322709 77.647059 0.000000 0.391105 0.311416 0.000000 1.000000
55.529880 77.647059 0.000000 0.702625 -0.115963 0.000000 1.000000
56.737052 77.647059 0.000000 0.075822 0.669757 0.000000 1.000000
57.944223 77.647059 0.000000 -0.936188 -0.397615 0.000000 1.000000
59.151394 77.647059 0.000000 -0.638094 1.113611 0.000000 1.000000
60.358566 77.647059 0.000000 0.312599 -0.053405 0.000000 1.000000
61.565737 77.647059 0.000000 0.686921 1.230976 0.000000 1.000000
62.772908 77.647059 0.000000 -0.535599 0.028829 0.000000 1.000000
63.980080 77.647059 0.000000 0.617316 0.754020 0.000000 1.000000
65.187251 77.647059 0.000000 -1.117797 0.182207 0.000000 1.000000
66.394422 77.647059 0.000000 -0.470267 -0.214593 0.000000 1.000000
67.601594 77.647059 0.000000 0.058449 -0.541134 0.000000 1.000000
68.808765 77.647059 0.000000 -0.242196 0.589341 0.000000 1.000000
70.015936 77.647059 0.000000 0.363713 0.499718 0.000000 1.000000
71.223108 77.647059 0.000000 -0.662743 -0.293658 0.000000 1.000000
72.430279 77.647059 0.000000 1.081765 0.032418 0.000000 1.000000
73.637450 77.647059 0.000000 0.039447 -1.263129 0.000000 1.000000
74.844622 77.647059 0.000000 -0.588146 -0.178604 0.000000 1.000000
76.051793 77.647059 0.000000 -0.360288 -0.514237 0.000000 1.000000
77.258964 77.647059 0.000000 -0.217602 -0.827215 0.000000 1.000000
78.466135 77.647059 0.000000 1.400048 -1.727778 0.000000 1.000000
79.673307 77.647059 0.000000 0.290096 0.157633 0.000000 1.000000
80.880478 77.647059 0.000000 -0.215527 -0.657258 0.000000 1.000000
82.087649 77.647059 0.000000 0.017815 -0.425621 0.000000 1.000000
83.294821 77.647059 0.000000 -0.005335 -0.431783 0.000000 1.000000
84.501992 77.647059 0.000000 -1.747082 0.716726 0.000000 1.000000
85.709163 77.647059 0.000000 0.720302 0.175037 0.000000 1.000000
86.916335 77.647059 0.000000 0.608729 1.114484 0.000000 1.000000
88.123506 77.647059 0.000000 -1.172275 0.089021 0.000000 1.000000
89.330677 77.647059 0.000000 -0.683384 -0.213654 0.000000 1.000000
90.537849 77.647059 0.000000 -0.219314 0.718290 0.000000 1.000000
91.745020 77.647059 0.000000 -0.438461 1.530340 0.000000 1.000000
92.952191 77.647059 0.000000 -0.382566 -0.775598 0.000000 1.000000
94.159363 77.647059 0.000000 -0.511395 -0.456579 0.000000 1.000000
95.366534 77.647059 0.000000 -0.229542 -0.321823 0.000000 1.000000
96.573705 77.647059 0.000000 -0.473546 -0.075104 0.000000 1.000000
97.780876 77.647059 0.000000 -0.844810 -0.740571 0.000000 1.000000
98.988048 77.647059 0.000000 -0.534293 -0.070818 0.000000 1.000000
100.195219 77.647059 0.000000 -1.614388 0.377933 0.000000 1.000000
101.402390 77.647059 0.000000 1.011701 -0.504612 0.000000 1.000000
102.609562 77.647059 0.000000 0.228387 -0.310580 0.000000 1.000000
103.816733 77.647059 0.000000 -1.314648 -0.208383 0.000000 1.000000
105.023904 77.647059 0.000000 0.731966 0.039768 0.000000 1.000000
106.231076 77.647059 0.000000 0.154003 0.207987 0.000000 1.000000
107.438247 77.647059 0.000000 0.604576 -0.093611 0.000000 1.000000
108.645418 77.647059 0.000000 0.414982 1.000399 0.000000 1.000000
109.852590 77.647059 0.000000 -0.616695 -0.154395 0.000000 1.000000
111.059761 77.647059 0.000000 0.736970 0.292408 0.000000 1.000000
112.266932 77.647059 0.000000 0.363865 0.541152 0.000000 1.000000
113.474104 77.647059 0.000000 -0.471995 -0.189322 0.000000 1.000000
114.681275 77.647059 0.000000 -1.119123 -1.179289 0.000000 1.000000
115.888446 77.647059 0.000000 -0.202065 1.290019 0.000000 1.000000
117.095618 77.647059 0.000000 0.632897 -0.696250 0.000000 1.000000
118.302789 77.647059 0.000000 -0.340010 0.924114 0.000000 1.000000
119.509960 77.647059 0.000000 -0.445518 0.304170 0.000000 1.000000
120.717131 77.647059 0.000000 -1.003866 -0.269980 0.000000 1.000000
121.924303 77.647059 0.000000 0.359044 0.184753 0.000000 1.000000
123.131474 77.647059 0.000000 -0.069857 -0.574389 0.000000 1.000000
124.338645 77.647059 0.000000 -0.027054 0.321982 0.000000 1.000000
125.545817 77.647059 0.000000 0.272773 -0.905740 0.000000 1.000000
126.752988 77.647059 0.000000 0.063370 -0.635285 0.000000 1.000000
127.960159 77.647059 0.000000 0.129992 -0.943516 0.000000 1.000000
129.167331 77.647059 0.000000 -0.218912 1.258979 0.000000 1.000000
130.374502 77.647059 0.000000 0.725333 -0.765392 0.000000 1.000000
131.581673 77.647059 0.000000 -0.423403 0.065867 0.000000 1.000000
132.788845 77.647059 0.000000 0.441956 -2.084463 0.000000 1.000000
133.996016 77.647059 0.000000 1.070598 0.686880 0.000000 1.000000
135.203187 77.647059 0.000000 0.256581 0.332275 0.000000 1.000000
136.410359 77.647059 0.000000 0.440469 -0.448470 0.000000 1.000000
137.617530 77.647059 0.000000 0.183405 -0.146282 0.000000 1.000000
138.824701 77.647059 0.000000 -0.759412 -0.061407 0.000000 1.000000
140.031873 77.647059 0.000000 -0.321303 -0.546913 0.000000 1.000000
141.239044 77.647059 0.000000 -0.353598 -0.006314 0.000000 1.000000
142.446215 77.647059 0.000000 -0.640076 -0.259431 0.000000 1.000000
143.653386 77.647059 0.000000 -0.603802 0.522950 0.000000 1.000000
144.860558 77.647059 0.000000 -0.325469 0.789773 0.000000 1.000000
146.067729 77.647059 0.000000 -1.438834 -0.286308 0.000000 1.000000
147.274900 77.647059 0.000000 0.964839 -1.481112 0.000000 1.000000
148.482072 77.647059 0.000000 1.261018 -0.455230 0.000000 1.000000
149.689243 77.647059 0.000000 -0.325851 -1.319206 0.000000 1.000000
150.896414 77.647059 0.000000 -0.762506 -0.309925 0.000000 1.000000
152.103586 77.647059 0.000000 0.260271 -1.048752 0.000000 1.000000
153.310757 77.647059 0.000000 -0.706967 -0.274537 0.000000 1.000000
154.517928 77.647059 0.000000 -0.092974 0.125082 0.000000 1.000000
155.725100 77.647059 0.000000 -0.526795 0.586452 0.000000 1.000000
156.932271 77.647059 0.000000 -0.550208 -1.006204 0.000000 1.000000
158.139442 77.647059 0.000000 0.203993 0.876984 0.000000 1.000000
159.346614 77.647059 0.000000 1.673867 -0.027573 0.000000 1.000000
160.553785 77.647059 0.000000 -0.328778 0.293502 0.000000 1.000000
161.760956 77.647059 0.000000 -0.001920 -0.109055 0.000000 1.000000
162.968127 77.647059 0.000000 -0.807823 0.302062 0.000000 1.000000
164.175299 77.647059 0.000000 0.608859 0.016020 0.000000 1.000000
165.382470 77.647059 0.000000 0.562850 0.372692 0.000000 1.000000
166.589641 77.647059 0.000000 -0.038068 1.589527 0.000000 1.000000
167.796813 77.647059 0.000000 -0.145024 -0.120287 0.000000 1.000000
169.003984 77.647059 0.000000 -0.126400 0.791773 0.000000 1.000000
170.211155 77.647059 0.000000 1.048821 0.291615 0.000000 1.000000
171.418327 77.647059 0.000000 -0.019286 0.985071 0.000000 1.000000
172.625498 77.647059 0.000000 1.294642 -0.242913 0.000000 1.000000
173.832669 77.647059 0.000000 1.057186 -1.232985 0.000000 1.000000
175.039841 77.647059 0.000000 0.999635 -0.022878 0.000000 1.000000
176.247012 77.647059 0.000000 -0.799768 0.043297 0.000000 1.000000
177.454183 77.647059 0.000000 0.832552 -0.839071 0.000000 1.000000
178.661355 77.647059 0.000000 0.069297 -0.190110 0.000000 1.000000
179.868526 77.647059 0.000000 1.474026 0.264625 0.000000 1.000000
181.075697 77.647059 0.000000 0.659276 0.941835 0.000000 1.000000
182.282869 77.647059 0.000000 0.258382 -0.277882 0.000000 1.000000
183.490040 77.647059 0.000000 -1.196782 0.656439 0.000000 1.000000
184.697211 77.647059 0.000000 0.945114 0.341966 0.000000 1.000000
185.904382 77.647059 0.000000 0.295629 0.116748 0.000000 1.000000
187.111554 77.647059 0.000000 -1.947701 -0.559091 0.000000 1.000000
188.318725 77.647059 0.000000 0.334831 0.910796 0.000000 1.000000
189.525896 77.647059 0.000000 1.339709 0.135434 0.000000 1.000000
190.733068 77.647059 0.000000 0.356625 -0.508522 0.000000 1.000000
191.940239 77.647059 0.000000 -0.389005 -1.492258 0.000000 1.000000
193.147410 77.647059 0.000000 -1.452939 -0.887442 0.000000 1.000000
194.354582 77.647059 0.000000 -1.671570 -0.177668 0.000000 1.000000
195.561753 77.647059 0.000000 -1.106908 0.765232 0.000000 1.000000
196.768924 77.647059 0.000000 -0.125736 -0.232297 0.000000 1.000000
197.976096 77.647059 0.000000 0.378650 -0.748813 0.000000 1.000000
199.183267 77.647059 0.000000 -0.039418 -0.299046 0.000000 1.000000
200.390438 77.647059 0.000000 -0.532574 0.192192 0.000000 1.000000
201.597610 77.647059 0.000000 0.265522 0.790406 0.000000 1.000000
202.804781 77.647059 0.000000 0.545009 1.031940 0.000000 1.000000
204.011952 77.647059 0.000000 0.029426 -0.053869 0.000000 1.000000
205.219124 77.647059 0.000000 -0.098129 0.644350 0.000000 1.000000
206.426295 77.647059 0.000000 -0.498432 0.763721 0.000000 1.000000
207.633466 77.647059 0.000000 -0.302945 -0.867803 0.000000 1.000000
208.840637 77.647059 0.000000 -0.342481 0.075503 0.000000 1.000000
210.047809 77.647059 0.000000 0.962973 0.610659 0.000000 1.000000
211.254980 77.647059 0.000000 0.371622 0.864013 0.000000 1.000000
212.462151 77.647059 0.000000 1.178273 -0.262994 0.000000 1.000000
213.669323 77.647059 0.000000 0.118981 -0.486156 0.000000 1.000000
214.876494 77.647059 0.000000 -0.205641 0.201000 0.000000 1.000000
216.083665 77.647059 0.000000 -0.086033 -0.530836 0.000000 1.000000
217.290837 77.647059 0.000000 0.528373 -0.870659 0.000000 1.000000
218.498008 77.647059 0.000000 0.374678 -0.272684 0.000000 1.000000
219.705179 77.647059 0.000000 0.013450 -0.382601 0.000000 1.000000
220.912351 77.647059 0.000000 1.044376 0.358354 0.000000 1.000000
222.119522 77.647059 0.000000 0.169651 0.344389 0.000000 1.000000
223.326693 77.647059 0.000000 -0.202949 0.458304 0.000000 1.000000
224.533865 77.647059 0.000000 0.554456 1.351948 0.000000 1.000000
225.741036 77.647059 0.000000 0.260988 0.524755 0.000000 1.000000
226.948207 77.647059 0.000000 -0.179737 -0.529977 0.000000 1.000000
228.155378 77.647059 0.000000 -0.928231 0.053564 0.000000 1.000000
229.362550 77.647059 0.000000 -0.590076 0.818527 0.000000 1.000000
230.569721 77.647059 0.000000 -0.949384 0.305026 0.000000 1.000000
231.776892 77.647059 0.000000 0.094656 -0.173979 0.000000 1.000000
232.984064 77.647059 0.000000 0.353906 -0.606917 0.000000 1.000000
234.191235 77.647059 0.000000 -0.472992 -0.120357 0.000000 1.000000
235.398406 77.647059 0.000000 -0.193530 -0.628979 0.000000 1.000000
236.605578 77.647059 0.000000 0.470638 -1.175572 0.000000 1.000000
237.812749 77.647059 0.000000 0.289374 1.052282 0.000000 1.000000
239.019920 77.647059 0.000000 -1.330838 -0.036963 0.000000 1.000000
240.227092 77.647059 0.000000 0.084367 -0.302065 0.000000 1.000000
241.434263 77.647059 0.000000 0.079719 -0.546110 0.000000 1.000000
242.641434 77.647059 0.000000 -0.175460 0.030561 0.000000 1.000000
243.848606 77.647059 0.000000 0.775678 0.681291 0.000000 1.000000
245.055777 77.647059 0.000000 0.150554 0.352049 0.000000 1.000000
246.262948 77.647059 0.000000 -0.583732 -0.359546 0.000000 1.000000
247.470120 77.647059 0.000000 -0.678660 0.648440 0.000000 1.000000
248.677291 77.647059 0.000000 1.074072 0.226546 0.000000 1.000000
249.884462 77.647059 0.000000 -0.980368 -1.042154 0.000000 1.000000
251.091633 77.647059 0.000000 0.738414 0.031212 0.000000 1.000000
252.298805 77.647059 0.000000 -0.518854 0.874842 0.000000 1.000000
253.505976 77.647059 0.000000 1.263070 0.914987 0.000000 1.000000
254.713147 77.647059 0.000000 -0.274986 0.738512 0.000000 1.000000
255.920319 77.647059 0.000000 0.057523 0.131039 0.000000 1.000000
257.127490 77.647059 0.000000 0.283495 -0.732835 0.000000 1.000000
258.334661 77.647059 0.000000 -0.671494 -0.352576 0.000000 1.000000
259.541833 77.647059 0.000000 -1.081376 0.786849 0.000000 1.000000
260.749004 77.647059 0.000000 -0.011433 0.677914 0.000000 1.000000
261.956175 77.647059 0.000000 -0.559168 0.901538 0.000000 1.000000
263.163347 77.647059 0.000000 -0.583111 1.781368 0.000000 1.000000
264.370518 77.647059 0.000000 0.861149 -0.841064 0.000000 1.000000
265.577689 77.647059 0.000000 0.682630 -0.496062 0.000000 1.000000
266.784861 77.647059 0.000000 -1.072781 0.575456 0.000000 1.000000
267.992032 77.647059 0.000000 0.685514 -0.209518 0.000000 1.000000
269.199203 77.647059 0.000000 0.833289 0.145719 0.000000 1.000000
270.406375 77.647059 0.000000 1.302892 -0.697062 0.000000 1.000000
271.613546 77.647059 0.000000 1.651174 -0.372080 0.000000 1.000000
272.820717 77.647059 0.000000 0.602591 1.791009 0.000000 1.000000
274.027888 77.647059 0.000000 0.003960 -0.378466 0.000000 1.000000
275.235060 77.647059 0.000000 -0.895318 1.548800 0.000000 1.000000
276.442231 77.647059 0.000000 0.597366 -0.118242 0.000000 1.000000
277.649402 77.647059 0.000000 0.125835 -1.270782 0.000000 1.000000
278.856574 77.647059 0.000000 -0.411280 0.103568 0.000000 1.000000
280.063745 77.647059 0.000000 0.399082 -0.003365 0.000000 1.000000
281.270916 77.647059 0.000000 0.443632 -0.407185 0.000000 1.000000
282.478088 77.647059 0.000000 0.453892 0.245652 0.000000 1.000000
283.685259 77.647059 0.000000 0.088493 0.288791 0.000000 1.000000
284.892430 77.647059 0.000000 0.035175 1.068302 0.000000 1.000000
286.099602 77.647059 0.000000 0.386858 -0.570164 0.000000 1.000000
287.306773 77.647059 0.000000 -0.643939 0.086754 0.000000 1.000000
288.513944 77.647059 0.000000 -1.059731 0.191083 0.000000 1.000000
289.721116 77.647059 0.000000 -0.494445 -1.487313 0.000000 1.000000
290.928287 77.647059 0.000000 -0.654551 -1.168223 0.000000 1.000000
292.135458 77.647059 0.000000 -0.326285 -1.160347 0.000000 1.000000
293.342629 77.647059 0.000000 0.305276 0.204564 0.000000 1.000000
294.549801 77.647059 0.000000 0.030617 -0.382791 0.000000 1.000000
295.756972 77.647059 0.000000 0.219664 -1.500330 0.000000 1.000000
296.964143 77.647059 0.000000 0.485723 -1.042024 0.000000 1.000000
298.171315 77.647059 0.000000 -0.629984 0.317353 0.000000 1.000000
299.378486 77.647059 0.000000 0.736608 0.350734 0.000000 1.000000
300.585657 77.647059 0.000000 -0.056848 -0.943424 0.000000 1.000000
301.792829 77.647059 0.000000 0.170951 0.947658 0.000000 1.000000
1.207171 81.176471 0.000000 0.075560 -0.679939 0.000000 1.000000
2.414343 81.176471 0.000000 -0.704706 1.106666 0.000000 1.000000
3.621514 81.176471 0.000000 -0.907112 -0.761051 0.000000 1.000000
4.828685 81.176471 0.000000 0.874905 -0.526199 0.000000 1.000000
6.035857 81.176471 0.000000 0.294707 0.342577 0.000000 1.000000
7.243028 81.176471 0.000000 0.181974 0.728267 0.000000 1.000000
8.450199 81.176471 0.000000 -0.550159 0.865831 0.000000 1.000000
9.657371 81.176471 0.000000 -0.517579 0.255141 0.000000 1.000000
10.864542 81.176471 0.000000 -0.994518 0.851017 0.000000 1.000000
12.071713 81.176471 0.000000 1.741003 0.381772 0.000000 1.000000
13.278884 81.176471 0.000000 -0.372892 0.194048 0.000000 1.000000
14.486056 81.176471 0.000000 -0.553276 -1.226739 0.000000 1.000000
15.693227 81.176471 0.000000 -0.286965 0.058725 0.000000 1.000000
16.900398 81.176471 0.000000 -0.128228 -0.306441 0.000000 1.000000
18.107570 81.176471 0.000000 0.827904 -0.975687 0.000000 1.000000
19.314741 81.176471 0.000000 0.617660 0.042083 0.000000 1.000000
20.521912 81.176471 0.000000 -0.621196 -0.320245 0.000000 1.000000
21.729084 81.176471 0.000000 -0.783503 0.223682 0.000000 1.000000
22.936255 81.176471 0.000000 0.693725 -0.184063 0.000000 1.000000
24.143426 81.176471 0.000000 0.080007 -0.600833 0.000000 1.000000
25.350598 81.176471 0.000000 -0.054841 0.995756 0.000000 1.000000
26.557769 81.176471 0.000000 -1.013229 -0.777319 0.000000 1.000000
27.764940 81.176471 0.000000 -0.650334 0.204484 0.000000 1.000000
28.972112 81.176471 0.000000 -0.630372 0.100203 0.000000 1.000000
30.179283 81.176471 0.000000 -0.657859 -0.152551 0.000000 1.000000
31.386454 81.176471 0.000000 0.439171 -1.943583 0.000000 1.000000
32.593625 81.176471 0.000000 -0.682067 -0.143135 0.000000 1.000000
33.800797 81.176471 0.000000 -0.184288 -0.364857 0.000000 1.000000
35.007968 81.176471 0.000000 -0.858829 1.403009 0.000000 1.000000
36.215139 81.176471 0.000000 -0.396307 -0.257281 0.000000 1.000000
37.422311 81.176471 0.000000 0.438266 -1.058184 0.000000 1.000000
38.629482 81.176471 0.000000 -0.214587 0.056768 0.000000 1.000000
39.836653 81.176471 0.000000 -0.071637 0.347392 0.000000 1.000000
41.043825 81.176471 0.000000 -0.675289 0.038593 0.000000 1.000000
42.250996 81.176471 0.000000 0.825739 -0.696228 0.000000 1.000000
43.458167 81.176471 0.000000 -0.009756 0.636071 0.000000 1.000000
44.665339 81.176471 0.000000 -0.374246 1.247681 0.000000 1.000000
45.872510 81.176471 0.000000 -0.428201 -0.123239 0.000000 1.000000
47.079681 81.176471 0.000000 -0.083098 0.098593 0.000000 1.000000
48.286853 81.176471 0.000000 -0.454687 0.891266 0.000000 1.000000
49.494024 81.176471 0.000000 -0.548404 -0.381854 0.000000 1.000000
50.701195 81.176471 0.000000 1.127558 0.258667 0.000000 1.000000
51.908367 81.176471 0.000000 0.002180 0.290802 0.000000 1.000000
53.115538 81.176471 0.000000 0.943451 0.632245 0.000000 1.000000
54.322709 81.176471 0.000000 -0.504364 -0.562301 0.000000 1.000000
55.529880 81.176471 0.000000 -0.292401 1.861342 0.000000 1.000000
56.737052 81.176471 0.000000 -0.198228 -0.496095 0.000000 1.000000
57.944223 81.176471 0.000000 0.613227 -1.199132 0.000000 1.000000
59.151394 81.176471 0.000000 -0.093853 -0.861444 0.000000 1.000000
60.358566 81.176471 0.000000 -0.272977 0.067404 0.000000 1.000000
61.565737 81.176471 0.000000 -0.278141 0.280088 0.000000 1.000000
62.772908 81.176471 0.000000 0.996745 -0.151593 0.000000 1.000000
63.980080 81.176471 0.000000 0.511295 -0.473796 0.000000 1.000000
65.187251 81.176471 0.000000 0.283851 -0.040904 0.000000 1.000000
66.394422 81.176471 0.000000 1.055660 -0.523317 0.000000 1.000000
67.601594 81.176471 0.000000 -0.133360 0.064898 0.000000 1.000000
68.808765 81.176471 0.000000 0.518191 -0.172682 0.000000 1.000000
70.015936 81.176471 0.000000 -0.839528 -1.205801 0.000000 1.000000
71.223108 81.176471 0.000000 0.390851 -0.649768 0.000000 1.000000
72.430279 81.176471 0.000000 0.342867 0.302636 0.000000 1.000000
73.637450 81.176471 0.000000 -0.041793 0.594138 0.000000 1.000000
74.844622 81.176471 0.000000 -1.382719 -0.127740 0.000000 1.000000
76.051793 81.176471 0.000000 0.049330 1.260122 0.000000 1.000000
77.258964 81.176471 0.000000 -0.563517 0.563089 0.000000 1.000000
78.466135 81.176471 0.000000 0.050628 -0.761641 0.000000 1.000000
79.673307 81.176471 0.000000 -0.024515 -1.232628 0.000000 1.000000
80.880478 81.176471 0.000000 -0.177541 1.034541 0.000000 1.000000
82.087649 81.176471 0.000000 -1.228038 -0.953099 0.000000 1.000000
83.294821 81.176471 0.000000 -0.246358 -0.513301 0.000000 1.000000
84.501992 81.176471 0.000000 -0.115119 0.070218 0.000000 1.000000
85.709163 81.176471 0.000000 -0.320470 0.185659 0.000000 1.000000
86.916335 81.176471 0.000000 -0.102618 0.945065 0.000000 1.000000
88.123506 81.176471 0.000000 0.611378 -0.098840 0.000000 1.000000
89.330677 81.176471 0.000000 0.023825 0.127381 0.000000 1.000000
90.537849 81.176471 0.000000 -0.116308 0.223436 0.000000 1.000000
91.745020 81.176471 0.000000 -0.263102 1.078902 0.000000 1.000000
92.952191 81.176471 0.000000 0.437457 -0.839043 0.000000 1.000000
94.159363 81.176471 0.000000 -0.418579 -0.478475 0.000000 1.000000
95.366534 81.176471 0.000000 -1.250147 1.041187 0.000000 1.000000
96.573705 81.176471 0.000000 0.642918 0.045420 0.000000 1.000000
97.780876 81.176471 0.000000 -0.436697 0.624836 0.000000 1.000000
98.988048 81.176471 0.000000 -1.132148 0.270391 0.000000 1.000000
100.195219 81.176471 0.000000 0.267398 1.055045 0.000000 1.000000
101.402390 81.176471 0.000000 -0.253189 -0.486508 0.000000 1.000000
102.609562 81.176471 0.000000 1.354237 0.272974 0.000000 1.000000
103.816733 81.176471 0.000000 0.978150 -0.206691 0.000000 1.000000
105.023904 81.176471 0.000000 -0.603484 -0.250099 0.000000 1.000000
106.231076 81.176471 0.000000 0.539186 1.969324 0.000000 1.000000
107.438247 81.176471 0.000000 -0.400312 0.424766 0.000000 1.000000
108.645418 81.176471 0.000000 -0.423192 0.965922 0.000000 1.000000
109.852590 81.176471 0.000000 0.972772 0.177399 0.000000 1.000000
111.059761 81.176471 0.000000 0.328505 0.564716 0.000000 1.000000
112.266932 81.176471 0.000000 -2.127786 0.970721 0.000000 1.000000
113.474104 81.176471 0.000000 1.883071 0.273549 0.000000 1.000000
114.681275 81.176471 0.000000 -0.770743 -0.290727 0.000000 1.000000
115.888446 81.176471 0.000000 0.152429 1.581085 0.000000 1.000000
117.095618 81.176471 0.000000 0.653734 0.706134 0.000000 1.000000
118.302789 81.176471 0.000000 0.186818 -0.264265 0.000000 1.000000
119.509960 81.176471 0.000000 0.435065 2.152111 0.000000 1.000000
120.717131 81.176471 0.000000 -0.400860 -0.196230 0.000000 1.000000
121.924303 81.176471 0.000000 0.662247 1.025959 0.000000 1.000000
123.131474 81.176471 0.000000 -0.070175 -0.718094 0.000000 1.000000
124.338645 81.176471 0.000000 -0.990401 0.635832 0.000000 1.000000
125.545817 81.176471 0.000000 -0.833022 0.464748 0.000000 1.000000
126.752988 81.176471 0.000000 -0.284117 0.603412 0.000000 1.000000
127.960159 81.176471 0.000000 1.157478 0.900109 0.000000 1.000000
129.167331 81.176471 0.000000 1.160127 -0.301588 0.000000 1.000000
130.374502 81.176471 0.000000 -0.362170 0.792123 0.000000 1.000000
131.581673 81.176471 0.000000 -1.091012 0.871964 0.000000 1.000000
132.788845 81.176471 0.000000 -0.789555 0.020147 0.000000 1.000000
133.996016 81.176471 0.000000 0.355273 -0.691311 0.000000 1.000000
135.203187 81.176471 0.000000 0.392263 -0.208939 0.000000 1.000000
136.410359 81.176471 0.000000 -0.208818 0.841432 0.000000 1.000000
137.617530 81.176471 0.000000 -0.398334 0.676641 0.000000 1.000000
138.824701 81.176471 0.000000 0.723198 1.356363 0.000000 1.000000
140.031873 81.176471 0.000000 -0.765120 0.682922 0.000000 1.000000
141.239044 81.176471 0.000000 0.716857 -0.122559 0.000000 1.000000
142.446215 81.176471 0.000000 -0.643303 -0.747960 0.000000 1.000000
143.653386 81.176471 0.000000 0.633337 0.746703 0.000000 1.000000
144.860558 81.176471 0.000000 0.956268 -0.012034 0.000000 1.000000
146.067729 81.176471 0.000000 -0.191297 -1.700445 0.000000 1.000000
147.274900 81.176471 0.000000 -0.243906 0.472322 0.000000 1.000000
148.482072 81.176471 0.000000 -0.724863 -0.342549 0.000000 1.000000
149.689243 81.176471 0.000000 0.571609 0.362402 0.000000 1.000000
150.896414 81.176471 0.000000 -0.065164 -1.470327 0.000000 1.000000
152.103586 81.176471 0.000000 -0.508198 -0.743863 0.000000 1.000000
153.310757 81.176471 0.000000 0.900796 -1.048108 0.000000 1.000000
154.517928 81.176471 0.000000 0.358278 0.570643 0.000000 1.000000
155.725100 81.176471 0.000000 0.309286 -0.316507 0.000000 1.000000
156.932271 81.176471 0.000000 1.471592 -0.619085 0.000000 1.000000
158.139442 81.176471 0.000000 -0.260162 0.522922 0.000000 1.000000
159.346614 81.176471 0.000000 0.379134 -0.301983 0.000000 1.000000
160.553785 81.176471 0.000000 -0.514871 0.122561 0.000000 1.000000
161.760956 81.176471 0.000000 -1.705134 -1.298040 0.000000 1.000000
162.968127 81.176471 0.000000 0.549376 -1.822761 0.000000 1.000000
164.175299 81.176471 0.000000 -0.343647 -0.005945 0.000000 1.000000
165.382470 81.176471 0.000000 -0.504002 -0.391124 0.000000 1.000000
166.589641 81.176471 0.000000 0.364811 -0.205779 0.000000 1.000000
167.796813 81.176471 0.000000 -1.761376 0.420666 0.000000 1.000000
169.003984 81.176471 0.000000 0.180718 0.002356 0.000000 1.000000
170.211155 81.176471 0.000000 -0.630345 -1.278673 0.000000 1.000000
171.418327 81.176471 0.000000 1.406808 -0.044973 0.000000 1.000000
172.625498 81.176471 0.000000 0.663641 0.308847 0.000000 1.000000
173.832669 81.176471 0.000000 -0.071028 1.114209 0.000000 1.000000
175.039841 81.176471 0.000000 0.886872 0.838062 0.000000 1.000000
176.247012 81.176471 0.000000 -0.526966 -0.703077 0.000000 1.000000
177.454183 81.176471 0.000000 0.800266 0.114736 0.000000 1.000000
178.661355 81.176471 0.000000 -0.088711 -0.587606 0.000000 1.000000
179.868526 81.176471 0.000000 -1.055942 0.777799 0.000000 1.000000
181.075697 81.176471 0.000000 0.078656 -0.672809 0.000000 1.000000
182.282869 81.176471 0.000000 -0.176589 -0.833423 0.000000 1.000000
183.490040 81.176471 0.000000 -0.441502 -0.609678 0.000000 1.000000
184.697211 81.176471 0.000000 0.282179 0.273745 0.000000 1.000000
185.904382 81.176471 0.000000 -0.103991 1.311158 0.000000 1.000000
187.111554 81.176471 0.000000 0.007363 -0.349691 0.000000 1.000000
188.318725 81.176471 0.000000 0.355385 0.631686 0.000000 1.000000
189.525896 81.176471 0.000000 -0.836260 1.314691 0.000000 1.000000
190.733068 81.176471 0.000000 0.136728 -0.471349 0.000000 1.000000
191.940239 81.176471 0.000000 0.830243 0.575374 0.000000 1.000000
193.147410 81.176471 0.000000 1.353303 0.674314 0.000000 1.000000
194.354582 81.176471 0.000000 -0.529425 0.022544 0.000000 1.000000
195.561753 81.176471 0.000000 -0.037521 0.584936 0.000000 1.000000
196.768924 81.176471 0.000000 -1.170220 0.418413 0.000000 1.000000
197.976096 81.176471 0.000000 -0.285972 -0.876286 0.000000 1.000000
199.183267 81.176471 0.000000 -0.992745 -0.674695 0.000000 1.000000
200.390438 81.176471 0.000000 0.348333 0.462155 0.000000 1.000000
201.597610 81.176471 0.000000 0.122884 0.663992 0.000000 1.000000
202.804781 81.176471 0.000000 -0.382031 0.440106 0.000000 1.000000
204.011952 81.176471 0.000000 0.390029 -0.146613 0.000000 1.000000
205.219124 81.176471 0.000000 -0.535618 -0.604160 0.000000 1.000000
206.426295 81.176471 0.000000 -0.549769 0.212588 0.000000 1.000000
207.633466 81.176471 0.000000 -0.043278 -1.094460 0.000000 1.000000
208.840637 81.176471 0.000000 0.355561 0.462590 0.000000 1.000000
210.047809 81.176471 0.000000 -0.751992 0.663676 0.000000 1.000000
211.254980 81.176471 0.000000 0.479770 0.079887 0.000000 1.000000
212.462151 81.176471 0.000000 -0.306370 0.879958 0.000000 1.000000
213.669323 81.176471 0.000000 -0.067231 1.122603 0.000000 1.000000
214.876494 81.176471 0.000000 -0.067618 -2.360637 0.000000 1.000000
216.083665 81.176471 0.000000 -0.815156 0.541944 0.000000 1.000000
217.290837 81.176471 0.000000 0.311081 0.564531 0.000000 1.000000
218.498008 81.176471 0.000000 0.771072 1.143233 0.000000 1.000000
219.705179 81.176471 0.000000 -0.269571 0.624216 0.000000 1.000000
220.912351 81.176471 0.000000 0.540096 -0.615363 0.000000 1.000000
222.119522 81.176471 0.000000 0.419596 0.748549 0.000000 1.000000
223.326693 81.176471 0.000000 0.681008 1.339896 0.000000 1.000000
224.533865 81.176471 0.000000 1.706395 0.147557 0.000000 1.000000
225.741036 81.176471 0.000000 -0.333937 0.503242 0.000000 1.000000
226.948207 81.176471 0.000000 0.091410 0.558205 0.000000 1.000000
228.155378 81.176471 0.000000 0.218142 -1.234077 0.000000 1.000000
229.362550 81.176471 0.000000 -0.390650 -0.542624 0.000000 1.000000
230.569721 81.176471 0.000000 -1.511197 0.389302 0.000000 1.000000
231.776892 81.176471 0.000000 1.125410 -0.757175 0.000000 1.000000
232.984064 81.176471 0.000000 0.699272 -1.024674 0.000000 1.000000
234.191235 81.176471 0.000000 -0.503709 -0.082346 0.000000 1.000000
235.398406 81.176471 0.000000 0.306616 0.993081 0.000000 1.000000
236.605578 81.176471 0.000000 -0.259558 0.186605 0.000000 1.000000
237.812749 81.176471 0.000000 -0.126732 0.226027 0.000000 1.000000
239.019920 81.176471 0.000000 -0.826558 -0.292904 0.000000 1.000000
240.227092 81.176471 0.000000 -0.079184 -1.438777 0.000000 1.000000
241.434263 81.176471 0.000000 0.235500 -0.049806 0.000000 1.000000
242.641434 81.176471 0.000000 -0.488012 -0.222721 0.000000 1.000000
243.848606 81.176471 0.000000 -0.044610 1.153376 0.000000 1.000000
245.055777 81.176471 0.000000 -0.379777 -0.958469 0.000000 1.000000
246.262948 81.176471 0.000000 0.033008 1.075675 0.000000 1.000000
247.470120 81.176471 0.000000 -0.195348 0.049750 0.000000 1.000000
248.677291 81.176471 0.000000 -0.693880 -0.572897 0.000000 1.000000
249.884462 81.176471 0.000000 0.385108 0.243798 0.000000 1.000000
251.091633 81.176471 0.000000 0.124164 -0.229704 0.000000 1.000000
252.298805 81.176471 0.000000 0.705058 -0.497085 0.000000 1.000000
253.505976 81.176471 0.000000 0.471083 0.184153 0.000000 1.000000
254.713147 81.176471 0.000000 -0.801439 -0.483842 0.000000 1.000000
255.920319 81.176471 0.000000 -0.855790 0.189843 0.000000 1.000000
257.127490 81.176471 0.000000 0.121135 -0.613116 0.000000 1.000000
258.334661 81.176471 0.000000 -0.312036 -0.354128 0.000000 1.000000
259.541833 81.176471 0.000000 0.219229 0.191603 0.000000 1.000000
260.749004 81.176471 0.000000 0.286555 0.830797 0.000000 1.000000
261.956175 81.176471 0.000000 0.177936 0.792099 0.000000 1.000000
263.163347 81.176471 0.000000 -0.846781 -0.399421 0.000000 1.000000
264.370518 81.176471 0.000000 0.220706 -0.268863 0.000000 1.000000
265.577689 81.176471 0.000000 0.926728 -0.807254 0.000000 1.000000
266.784861 81.176471 0.000000 0.434769 1.198404 0.000000 1.000000
267.992032 81.176471 0.000000 -0.587782 -0.519513 0.000000 1.000000
269.199203 81.176471 0.000000 1.184820 -0.001794 0.000000 1.000000
270.406375 81.176471 0.000000 -0.662612 -0.495287 0.000000 1.000000
271.613546 81.176471 0.000000 0.374348 0.747793 0.000000 1.000000
272.820717 81.176471 0.000000 -1.732673 -0.160453 0.000000 1.000000
274.027888 81.176471 0.000000 -0.436422 1.347011 0.000000 1.000000
275.235060 81.176471 0.000000 0.003111 0.561942 0.000000 1.000000
276.442231 81.176471 0.000000 -0.563631 -0.233682 0.000000 1.000000
277.649402 81.176471 0.000000 -1.808807 0.709952 0.000000 1.000000
278.856574 81.176471 0.000000 0.770175 -0.279091 0.000000 1.000000
280.063745 81.176471 0.000000 -0.806683 1.730391 0.000000 1.000000
281.270916 81.176471 0.000000 -0.415155 0.072275 0.000000 1.000000
282.478088 81.176471 0.000000 0.688816 0.295640 0.000000 1.000000
283.685259 81.176471 0.000000 -0.542547 1.511181 0.000000 1.000000
284.892430 81.176471 0.000000 -0.944730 0.346633 0.000000 1.000000
286.099602 81.176471 0.000000 -0.436344 -0.113311 0.000000 1.000000
287.306773 81.176471 0.000000 0.215457 -1.185519 0.000000 1.000000
288.513944 81.176471 0.000000 0.190823 0.807018 0.000000 1.000000
289.721116 81.176471 0.000000 -0.370631 0.781147 0.000000 1.000000
290.928287 81.176471 0.000000 0.476331 0.354398 0.000000 1.000000
292.135458 81.176471 0.000000 -0.710955 -0.589772 0.000000 1.000000
293.342629 81.176471 0.000000 0.232281 0.335008 0.000000 1.000000
294.549801 81.176471 0.000000 0.127289 -1.240228 0.000000 1.000000
295.756972 81.176471 0.000000 0.581652 -0.782120 0.000000 1.000000
296.964143 81.176471 0.000000 0.975874 1.473268 0.000000 1.000000
298.171315 81.176471 0.000000 1.021903 -0.127099 0.000000 1.000000
299.378486 81.176471 0.000000 0.296147 -1.199252 0.000000 1.000000
300.585657 81.176471 0.000000 -0.200027 1.625736 0.000000 1.000000
301.792829 81.176471 0.000000 -1.371544 0.238430 0.000000 1.000000
1.207171 84.705882 0.000000 -0.131202 0.368046 0.000000 1.000000
2.414343 84.705882 0.000000 -0.332248 0.566108 0.000000 1.000000
3.621514 84.705882 0.000000 -0.023614 -0.777988 0.000000 1.000000
4.828685 84.705882 0.000000 -0.631089 0.314397 0.000000 1.000000
6.035857 84.705882 0.000000 -1.040031 0.590790 0.000000 1.000000
7.243028 84.705882 0.000000 -1.533547 1.049452 0.000000 1.000000
8.450199 84.705882 0.000000 -0.775635 1.012179 0.000000 1.000000
9.657371 84.705882 0.000000 1.191778 -0.194409 0.000000 1.000000
10.864542 84.705882 0.000000 1.095241 0.129289 0.000000 1.000000
12.071713 84.705882 0.000000 0.288401 1.079765 0.000000 1.000000
13.278884 84.705882 0.000000 -0.190309 0.651399 0.000000 1.000000
14.486056 84.705882 0.000000 -0.546124 1.120217 0.000000 1.000000
15.693227 84.705882 0.000000 -0.415184 0.800032 0.000000 1.000000
16.900398 84.705882 0.000000 0.153264 0.461895 0.000000 1.000000
18.107570 84.705882 0.000000 -1.393245 -0.031244 0.000000 1.000000
19.314741 84.705882 0.000000 0.412912 0.322797 0.000000 1.000000
20.521912 84.705882 0.000000 -0.369512 0.713584 0.000000 1.000000
21.729084 84.705882 0.000000 -0.143433 -0.789172 0.000000 1.000000
22.936255 84.705882 0.000000 0.213070 -0.044625 0.000000 1.000000
24.143426 84.705882 0.000000 -0.581828 -0.914342 0.000000 1.000000
25.350598 84.705882 0.000000 0.686399 -0.448087 0.000000 1.000000
26.557769 84.705882 0.000000 -0.182241 0.943265 0.000000 1.000000
27.764940 84.705882 0.000000 -0.231663 0.225750 0.000000 1.000000
28.972112 84.705882 0.000000 -0.363680 -0.442560 0.000000 1.000000
30.179283 84.705882 0.000000 -1.094129 1.167360 0.000000 1.000000
31.386454 84.705882 0.000000 0.290641 0.238461 0.000000 1.000000
32.593625 84.705882 0.000000 -0.001060 -0.631875 0.000000 1.000000
33.800797 84.705882 0.000000 0.115046 -0.727100 0.000000 1.000000
35.007968 84.705882 0.000000 0.233288 0.323781 0.000000 1.000000
36.215139 84.705882 0.000000 -0.143114 0.444810 0.000000 1.000000
37.422311 84.705882 0.000000 0.450993 0.273093 0.000000 1.000000
38.629482 84.705882 0.000000 -1.076785 -0.534765 0.000000 1.000000
39.836653 84.705882 0.000000 -0.058939 0.862725 0.000000 1.000000
41.043825 84.705882 0.000000 -0.038624 0.138154 0.000000 1.000000
42.250996 84.705882 0.000000 0.036357 -0.268307 0.000000 1.000000
43.458167 84.705882 0.000000 0.248957 -1.092015 0.000000 1.000000
44.665339 84.705882 0.000000 -0.542408 1.269853 0.000000 1.000000
45.872510 84.705882 0.000000 0.635360 -0.436923 0.000000 1.000000
47.079681 84.705882 0.000000 0.337238 -0.304696 0.000000 1.000000
48.286853 84.705882 0.000000 -0.770788 0.149896 0.000000 1.000000
49.494024 84.705882 0.000000 -0.530534 0.917074 0.000000 1.000000
50.701195 84.705882 0.000000 -0.154945 -0.526019 0.000000 1.000000
51.908367 84.705882 0.000000 -0.002635 -0.158469 0.000000 1.000000
53.115538 84.705882 0.000000 0.532322 0.489681 0.000000 1.000000
54.322709 84.705882 0.000000 -0.649412 0.489473 0.000000 1.000000
55.529880 84.705882 0.000000 0.827402 0.252203 0.000000 1.000000
56.737052 84.705882 0.000000 0.723433 -0.446022 0.000000 1.000000
57.944223 84.705882 0.000000 0.753883 0.071565 0.000000 1.000000
59.151394 84.705882 0.000000 0.820281 0.162233 0.000000 1.000000
60.358566 84.705882 0.000000 0.372869 -1.197954 0.000000 1.000000
61.565737 84.705882 0.000000 -0.923999 0.040929 0.000000 1.000000
62.772908 84.705882 0.000000 -0.765252 -0.866212 0.000000 1.000000
63.980080 84.705882 0.000000 -1.754305 -0.768491 0.000000 1.000000
65.187251 84.705882 0.000000 0.166009 -0.860523 0.000000 1.000000
66.394422 84.705882 0.000000 0.410970 -1.310680 0.000000 1.000000
67.601594 84.705882 0.000000 1.361955 0.832070 0.000000 1.000000
68.808765 84.705882 0.000000 -1.715191 -1.424671 0.000000 1.000000
70.015936 84.705882 0.000000 0.014090 -1.212545 0.000000 1.000000
71.223108 84.705882 0.000000 -0.516972 0.233867 0.000000 1.000000
72.430279 84.705882 0.000000 -1.390297 0.433722 0.000000 1.000000
73.637450 84.705882 0.000000 -0.071586 -1.028232 0.000000 1.000000
74.844622 84.705882 0.000000 0.915560 0.446989 0.000000 1.000000
76.051793 84.705882 0.000000 -0.463594 0.726366 0.000000 1.000000
77.258964 84.705882 0.000000 -0.462746 -1.231113 0.000000 1.000000
78.466135 84.705882 0.000000 -0.134650 0.055250 0.000000 1.000000
79.673307 84.705882 0.000000 -0.071573 -0.041610 0.000000 1.000000
80.880478 84.705882 0.000000 0.064765 -0.127172 0.000000 1.000000
82.087649 84.705882 0.000000 0.115323 0.731909 0.000000 1.000000
83.294821 84.705882 0.000000 -0.028295 0.495911 0.000000 1.000000
84.501992 84.705882 0.000000 -0.287490 -0.564955 0.000000 1.000000
85.709163 84.705882 0.000000 -1.010068 0.269013 0.000000 1.000000
86.916335 84.705882 0.000000 0.115054 -0.922554 0.000000 1.000000
88.123506 84.705882 0.000000 -0.890817 1.147766 0.000000 1.000000
89.330677 84.705882 0.000000 0.273003 -0.306897 0.000000 1.000000
90.537849 84.705882 0.000000 0.068793 -0.480949 0.000000 1.000000
91.745020 84.705882 0.000000 0.067559 0.142705 0.000000 1.000000
92.952191 84.705882 0.000000 -1.094671 -0.820898 0.000000 1.000000
94.159363 84.705882 0.000000 0.161843 -0.871726 0.000000 1.000000
95.366534 84.705882 0.000000 0.604077 -0.182490 0.000000 1.000000
96.573705 84.705882 0.000000 -0.204457 0.463401 0.000000 1.000000
97.780876 84.705882 0.000000 0.153374 0.575233 0.000000 1.000000
98.988048 84.705882 0.000000 -0.500241 0.252053 0.000000 1.000000
100.195219 84.705882 0.000000 0.455411 -0.198306 0.000000 1.000000
101.402390 84.705882 0.000000 -0.236586 0.297681 0.000000 1.000000
102.609562 84.705882 0.000000 0.612151 -0.457131 0.000000 1.000000
103.816733 84.705882 0.000000 0.345544 -0.597533 0.000000 1.000000
105.023904 84.705882 0.000000 -1.095945 0.397113 0.000000 1.000000
106.231076 84.705882 0.000000 -0.044199 -0.695979 0.000000 1.000000
107.438247 84.705882 0.000000 -0.674651 0.228634 0.000000 1.000000
108.645418 84.705882 0.000000 0.190041 0.659794 0.000000 1.000000
109.852590 84.705882 0.000000 0.122699 -0.292364 0.000000 1.000000
111.059761 84.705882 0.000000 0.708674 1.388203 0.000000 1.000000
112.266932 84.705882 0.000000 -0.057806 -0.361112 0.000000 1.000000
113.474104 84.705882 0.000000 0.014484 -0.363280 0.000000 1.000000
114.681275 84.705882 0.000000 -0.961701 0.060409 0.000000 1.000000
115.888446 84.705882 0.000000 -0.001607 -0.622800 0.000000 1.000000
117.095618 84.705882 0.000000 0.743168 1.906857 0.000000 1.000000
118.302789 84.705882 0.000000 0.205177 -0.640945 0.000000 1.000000
119.509960 84.705882 0.000000 -0.011817 0.338966 0.000000 1.000000
120.717131 84.705882 0.000000 -0.082609 0.017319 0.000000 1.000000
121.924303 84.705882 0.000000 0.235122 -0.680670 0.000000 1.000000
123.131474 84.705882 0.000000 0.413402 -0.522007 0.000000 1.000000
124.338645 84.705882 0.000000 1.267935 -0.455525 0.000000 1.000000
125.545817 84.705882 0.000000 -1.256680 0.546165 0.000000 1.000000
126.752988 84.705882 0.000000 -0.893516 2.703052 0.000000 1.000000
127.960159 84.705882 0.000000 0.875658 0.508537 0.000000 1.000000
129.167331 84.705882 0.000000 -0.614553 0.504653 0.000000 1.000000
130.374502 84.705882 0.000000 0.540046 -0.176174 0.000000 1.000000
131.581673 84.705882 0.000000 -0.376012 -0.504863 0.000000 1.000000
132.788845 84.705882 0.000000 0.338808 0.408404 0.000000 1.000000
133.996016 84.705882 0.000000 -0.340341 -0.151531 0.000000 1.000000
135.203187 84.705882 0.000000 0.607883 0.898783 0.000000 1.000000
136.410359 84.705882 0.000000 0.019004 -0.255996 0.000000 1.000000
137.617530 84.705882 0.000000 0.458131 -1.347966 0.000000 1.000000
138.824701 84.705882 0.000000 -0.362211 -0.583253 0.000000 1.000000
140.031873 84.705882 0.000000 -0.356523 0.205517 0.000000 1.000000
141.239044 84.705882 0.000000 0.776820 1.460604 0.000000 1.000000
142.446215 84.705882 0.000000 1.135971 -0.257236 0.000000 1.000000
143.653386 84.705882 0.000000 0.165263 -0.421397 0.000000 1.000000
144.860558 84.705882 0.000000 0.246387 -0.239914 0.000000 1.000000
146.067729 84.705882 0.000000 0.433660 0.701542 0.000000 1.000000
147.274900 84.705882 0.000000 -0.342223 0.924467 0.000000 1.000000
148.482072 84.705882 0.000000 0.466392 -0.305912 0.000000 1.000000
149.689243 84.705882 0.000000 -0.534410 1.109824 0.000000 1.000000
150.896414 84.705882 0.000000 -0.727256 1.286128 0.000000 1.000000
152.103586 84.705882 0.000000 1.400459 0.300468 0.000000 1.000000
153.310757 84.705882 0.000000 0.186445 -0.118234 0.000000 1.000000
154.517928 84.705882 0.000000 -0.684453 0.661306 0.000000 1.000000
155.725100 84.705882 0.000000 -0.410130 -0.070920 0.000000 1.000000
156.932271 84.705882 0.000000 1.501249 0.135878 0.000000 1.000000
158.139442 84.705882 0.000000 1.763297 1.147078 0.000000 1.000000
159.346614 84.705882 0.000000 0.610931 0.516031 0.000000 1.000000
160.553785 84.705882 0.000000 1.384478 -0.150724 0.000000 1.000000
161.760956 84.705882 0.000000 -0.370225 -0.092377 0.000000 1.000000
162.968127 84.705882 0.000000 -0.802287 -0.613670 0.000000 1.000000
164.175299 84.705882 0.000000 -0.300115 0.732128 0.000000 1.000000
165.382470 84.705882 0.000000 0.303175 -0.217732 0.000000 1.000000
166.589641 84.705882 0.000000 -0.374711 -0.566661 0.000000 1.000000
167.796813 84.705882 0.000000 -0.848790 -0.740386 0.000000 1.000000
169.003984 84.705882 0.000000 -1.164189 0.157992 0.000000 1.000000
170.211155 84.705882 0.000000 0.279042 -0.380232 0.000000 1.000000
171.418327 84.705882 0.000000 0.071079 0.360490 0.000000 1.000000
172.625498 84.705882 0.000000 0.472322 -0.184815 0.000000 1.000000
173.832669 84.705882 0.000000 0.274047 0.150337 0.000000 1.000000
175.039841 84.705882 0.000000 -1.215357 0.833245 0.000000 1.000000
176.247012 84.705882 0.000000 0.399337 0.305487 0.000000 1.000000
177.454183 84.705882 0.000000 0.414002 0.945963 0.000000 1.000000
178.661355 84.705882 0.000000 -0.906027 1.676123 0.000000 1.000000
179.868526 84.705882 0.000000 -0.420786 -0.751841 0.000000 1.000000
181.075697 84.705882 0.000000 -1.297837 -0.688981 0.000000 1.000000
182.282869 84.705882 0.000000 0.022970 -0.380556 0.000000 1.000000
183.490040 84.705882 0.000000 -0.918342 0.484100 0.000000 1.000000
184.697211 84.705882 0.000000 -1.450783 -0.795372 0.000000 1.000000
185.904382 84.705882 0.000000 1.501936 0.322656 0.000000 1.000000
187.111554 84.705882 0.000000 -0.166803 0.141188 0.000000 1.000000
188.318725 84.705882 0.000000 0.143827 0.419147 0.000000 1.000000
189.525896 84.705882 0.000000 0.115694 0.140249 0.000000 1.000000
190.733068 84.705882 0.000000 0.116289 -0.409201 0.000000 1.000000
191.940239 84.705882 0.000000 -0.405870 0.821809 0.000000 1.000000
193.147410 84.705882 0.000000 -0.646223 0.060302 0.000000 1.000000
194.354582 84.705882 0.000000 -0.900100 -0.948195 0.000000 1.000000
195.561753 84.705882 0.000000 -0.686570 -0.367156 0.000000 1.000000
196.768924 84.705882 0.000000 0.215575 0.955981 0.000000 1.000000
197.976096 84.705882 0.000000 -0.339826 -0.106138 0.000000 1.000000
199.183267 84.705882 0.000000 -0.221850 1.183708 0.000000 1.000000
200.390438 84.705882 0.000000 0.569042 -0.300655 0.000000 1.000000
201.597610 84.705882 0.000000 0.423386 -0.344861 0.000000 1.000000
202.804781 84.705882 0.000000 0.286101 -0.771055 0.000000 1.000000
204.011952 84.705882 0.000000 -0.994786 -0.321009 0.000000 1.000000
205.219124 84.705882 0.000000 -0.319321 -0.568859 0.000000 1.000000
206.426295 84.705882 0.000000 -0.253883 -0.036008 0.000000 1.000000
207.633466 84.705882 0.000000 -0.672911 0.753292 0.000000 1.000000
208.840637 84.705882 0.000000 0.357989 -0.086168 0.000000 1.000000
210.047809 84.705882 0.000000 0.111625 0.768405 0.000000 1.000000
211.254980 84.705882 0.000000 0.684505 0.569392 0.000000 1.000000
212.462151 84.705882 0.000000 -0.407569 1.372989 0.000000 1.000000
213.669323 84.705882 0.000000 -0.265853 0.703401 0.000000 1.000000
214.876494 84.705882 0.000000 0.292494 -0.034444 0.000000 1.000000
216.083665 84.705882 0.000000 0.561689 -0.627351 0.000000 1.000000
217.290837 84.705882 0.000000 -1.347083 1.004886 0.000000 1.000000
218.498008 84.705882 0.000000 0.465181 -0.009738 0.000000 1.000000
219.705179 84.705882 0.000000 0.268024 -0.428337 0.000000 1.000000
220.912351 84.705882 0.000000 1.143090 0.115084 0.000000 1.000000
222.119522 84.705882 0.000000 -0.582746 0.755754 0.000000 1.000000
223.326693 84.705882 0.000000 0.811021 1.137856 0.000000 1.000000
224.533865 84.705882 0.000000 -1.253843 -0.204376 0.000000 1.000000
225.741036 84.705882 0.000000 -0.333130 0.383350 0.000000 1.000000
226.948207 84.705882 0.000000 0.822107 -0.289025 0.000000 1.000000
228.155378 84.705882 0.000000 -0.229302 0.224968 0.000000 1.000000
229.362550 84.705882 0.000000 0.506733 0.859861 0.000000 1.000000
230.569721 84.705882 0.000000 -1.003259 -0.925947 0.000000 1.000000
231.776892 84.705882 0.000000 0.002441 -0.411593 0.000000 1.000000
232.984064 84.705882 0.000000 0.906268 -0.350080 0.000000 1.000000
234.191235 84.705882 0.000000 0.359010 -0.449504 0.000000 1.000000
235.398406 84.705882 0.000000 1.667389 -0.444243 0.000000 1.000000
236.605578 84.705882 0.000000 -0.438318 1.450679 0.000000 1.000000
237.812749 84.705882 0.000000 1.473827 -0.267461 0.000000 1.000000
239.019920 84.705882 0.000000 -0.375192 0.070902 0.000000 1.000000
240.227092 84.705882 0.000000 0.017027 -0.012608 0.000000 1.000000
241.434263 84.705882 0.000000 -0.007899 0.895256 0.000000 1.000000
242.641434 84.705882 0.000000 -0.604896 1.477483 0.000000 1.000000
243.848606 84.705882 0.000000 -1.356313 -1.172686 0.000000 1.000000
245.055777 84.705882 0.000000 0.676705 0.258774 0.000000 1.000000
246.262948 84.705882 0.000000 0.813281 1.027193 0.000000 1.000000
247.470120 84.705882 0.000000 0.117059 -1.282671 0.000000 1.000000
248.677291 84.705882 0.000000 0.501712 -0.165450 0.000000 1.000000
249.884462 84.705882 0.000000 0.230145 -0.998234 0.000000 1.000000
251.091633 84.705882 0.000000 -0.359408 0.287756 0.000000 1.000000
252.298805 84.705882 0.000000 0.136311 -0.238846 0.000000 1.000000
253.505976 84.705882 0.000000 0.553185 -0.135230 0.000000 1.000000
254.713147 84.705882 0.000000 0.283136 -0.232212 0.000000 1.000000
255.920319 84.705882 0.000000 -0.110770 -1.701455 0.000000 1.000000
257.127490 84.705882 0.000000 0.442316 0.618937 0.000000 1.000000
258.334661 84.705882 0.000000 -0.561590 -1.061225 0.000000 1.000000
259.541833 84.705882 0.000000 0.352030 0.018400 0.000000 1.000000
260.749004 84.705882 0.000000 -0.123732 0.299561 0.000000 1.000000
261.956175 84.705882 0.000000 -0.552011 -0.582259 0.000000 1.000000
263.163347 84.705882 0.000000 -0.318296 -0.509387 0.000000 1.000000
264.370518 84.705882 0.000000 0.824441 0.817933 0.000000 1.000000
265.577689 84.705882 0.000000 -0.259539 0.070931 0.000000 1.000000
266.784861 84.705882 0.000000 1.539682 -0.209944 0.000000 1.000000
267.992032 84.705882 0.000000 -0.306451 0.467714 0.000000 1.000000
269.199203 84.705882 0.000000 0.690794 -0.057871 0.000000 1.000000
270.406375 84.705882 0.000000 0.267775 -0.224164 0.000000 1.000000
271.613546 84.705882 0.000000 -0.917487 0.190306 0.000000 1.000000
272.820717 84.705882 0.000000 0.772341 -0.766229 0.000000 1.000000
274.027888 84.705882 0.000000 0.328247 -1.151223 0.000000 1.000000
275.235060 84.705882 0.000000 0.051963 0.320120 0.000000 1.000000
276.442231 84.705882 0.000000 0.961084 -0.019949 0.000000 1.000000
277.649402 84.705882 0.000000 -0.545601 -0.396644 0.000000 1.000000
278.856574 84.705882 0.000000 0.712347 -0.770585 0.000000 1.000000
280.063745 84.705882 0.000000 0.941575 -1.559892 0.000000 1.000000
281.270916 84.705882 0.000000 -0.888845 0.470858 0.000000 1.000000
282.478088 84.705882 0.000000 0.379271 -0.435196 0.000000 1.000000
283.685259 84.705882 0.000000 -0.092592 -0.566083 0.000000 1.000000
284.892430 84.705882 0.000000 -0.009215 0.836445 0.000000 1.000000
286.099602 84.705882 0.000000 -1.177781 0.645223 0.000000 1.000000
287.306773 84.705882 0.000000 0.292495 -0.036722 0.000000 1.000000
288.513944 84.705882 0.000000 1.030250 0.754560 0.000000 1.000000
289.721116 84.705882 0.000000 0.037292 0.820188 0.000000 1.000000
290.928287 84.705882 0.000000 -0.880261 -0.572320 0.000000 1.000000
292.135458 84.705882 0.000000 0.978145 0.743401 0.000000 1.000000
293.342629 84.705882 0.000000 -0.234027 -0.881788 0.000000 1.000000
294.549801 84.705882 0.000000 0.358010 -0.591041 0.000000 1.000000
295.756972 84.705882 0.000000 -1.599393 -0.196946 0.000000 1.000000
296.964143 84.705882 0.000000 -0.710335 0.639820 0.000000 1.000000
298.171315 84.705882 0.000000 -1.059534 -0.680850 0.000000 1.000000
299.378486 84.705882 0.000000 0.887159 -0.268959 0.000000 1.000000
300.585657 84.705882 0.000000 0.888565 0.803121 0.000000 1.000000
301.792829 84.705882 0.000000 -0.677517 0.805741 0.000000 1.000000
1.207171 88.235294 0.000000 0.608641 -0.426175 0.000000 1.000000
2.414343 88.235294 0.000000 -0.917458 0.717533 0.000000 1.000000
3.621514 88.235294 0.000000 -0.715418 1.014581 0.000000 1.000000
4.828685 88.235294 0.000000 0.552524 -0.744454 0.000000 1.000000
6.035857 88.235294 0.000000 -1.661539 -0.244727 0.000000 1.000000
7.243028 88.235294 0.000000 0.384042 -0.922761 0.000000 1.000000
8.450199 88.235294 0.000000 0.181274 -1.041264 0.000000 1.000000
9.657371 88.235294 0.000000 0.902576 0.141260 0.000000 1.000000
10.864542 88.235294 0.000000 1.688174 0.252662 0.000000 1.000000
12.071713 88.235294 0.000000 1.294489 0.920509 0.000000 1.000000
13.278884 88.235294 0.000000 0.365665 -1.088007 0.000000 1.000000
14.486056 88.235294 0.000000 0.315883 -0.444069 0.000000 1.000000
15.693227 88.235294 0.000000 0.270071 -0.595845 0.000000 1.000000
16.900398 88.235294 0.000000 0.527017 -0.093844 0.000000 1.000000
18.107570 88.235294 0.000000 -0.209075 0.068167 0.000000 1.000000
19.314741 88.235294 0.000000 -2.095743 0.557788 0.000000 1.000000
20.521912 88.235294 0.000000 -0.104240 1.246457 0.000000 1.000000
21.729084 88.235294 0.000000 0.306042 1.168958 0.000000 1.000000
22.936255 88.235294 0.000000 -0.596324 -0.187908 0.000000 1.000000
24.143426 88.235294 0.000000 -0.533157 0.374891 0.000000 1.000000
25.350598 88.235294 0.000000 0.545321 -1.256377 0.000000 1.000000
26.557769 88.235294 0.000000 0.395397 -0.504954 0.000000 1.000000
27.764940 88.235294 0.000000 -0.864010 -0.780511 0.000000 1.000000
28.972112 88.235294 0.000000 0.261680 -0.440845 0.000000 1.000000
30.179283 88.235294 0.000000 0.154690 -0.293159 0.000000 1.000000
31.386454 88.235294 0.000000 -0.177523 -0.999840 0.000000 1.000000
32.593625 88.235294 0.000000 -0.319733 0.759737 0.000000 1.000000
33.800797 88.235294 0.000000 0.270679 0.633990 0.000000 1.000000
35.007968 88.235294 0.000000 -0.102486 1.098380 0.000000 1.000000
36.215139 88.235294 0.000000 -0.756824 1.027551 0.000000 1.000000
37.422311 88.235294 0.000000 0.939954 -0.727521 0.000000 1.000000
38.629482 88.235294 0.000000 0.603613 -0.163361 0.000000 1.000000
39.836653 88.235294 0.000000 0.713530 0.596387 0.000000 1.000000
41.043825 88.235294 0.000000 0.922014 -0.600402 0.000000 1.000000
42.250996 88.235294 0.000000 -1.104552 -0.446555 0.000000 1.000000
43.458167 88.235294 0.000000 -0.692253 -0.175059 0.000000 1.000000
44.665339 88.235294 0.000000 -0.158000 -0.448849 0.000000 1.000000
45.872510 88.235294 0.000000 0.803857 0.508752 0.000000 1.000000
47.079681 88.235294 0.000000 0.514978 -0.508467 0.000000 1.000000
48.286853 88.235294 0.000000 -0.094502 1.112341 0.000000 1.000000
49.494024 88.235294 0.000000 -0.696246 -0.151084 0.000000 1.000000
50.701195 88.235294 0.000000 0.290716 -0.162526 0.000000 1.000000
51.908367 88.235294 0.000000 1.248610 -0.359215 0.000000 1.000000
53.115538 88.235294 0.000000 0.448091 -0.388747 0.000000 1.000000
54.322709 88.235294 0.000000 -0.265313 -0.130368 0.000000 1.000000
55.529880 88.235294 0.000000 0.764052 -0.008176 0.000000 1.000000
56.737052 88.235294 0.000000 0.861634 0.220313 0.000000 1.000000
57.944223 88.235294 0.000000 -0.280546 -0.496825 0.000000 1.000000
59.151394 88.235294 0.000000 -1.337950 0.040820 0.000000 1.000000
60.358566 88.235294 0.000000 0.527261 -0.061176 0.000000 1.000000
61.565737 88.235294 0.000000 0.154168 1.004440 0.000000 1.000000
62.772908 88.235294 0.000000 0.023345 0.103759 0.000000 1.000000
63.980080 88.235294 0.000000 0.005375 0.139293 0.000000 1.000000
65.187251 88.235294 0.000000 -1.027681 -0.879767 0.000000 1.000000
66.394422 88.235294 0.000000 -0.769481 0.452464 0.000000 1.000000
67.601594 88.235294 0.000000 -0.663767 -0.307958 0.000000 1.000000
68.808765 88.235294 0.000000 0.537779 -0.767074 0.000000 1.000000
70.015936 88.235294 0.000000 -1.032965 -1.067755 0.000000 1.000000
71.223108 88.235294 0.000000 1.161547 -0.158716 0.000000 1.000000
72.430279 88.235294 0.000000 -0.538111 -1.935139 0.000000 1.000000
73.637450 88.235294 0.000000 0.181825 -0.527713 0.000000 1.000000
74.844622 88.235294 0.000000 -1.040833 1.099310 0.000000 1.000000
76.051793 88.235294 0.000000 0.572671 -0.245287 0.000000 1.000000
77.258964 88.235294 0.000000 -1.110262 1.387505 0.000000 1.000000
78.466135 88.235294 0.000000 0.930157 1.043245 0.000000 1.000000
79.673307 88.235294 0.000000 0.530135 -0.051409 0.000000 1.000000
80.880478 88.235294 0.000000 -0.360964 -0.093911 0.000000 1.000000
82.087649 88.235294 0.000000 1.229162 -0.152879 0.000000 1.000000
83.294821 88.235294 0.000000 -0.803089 -0.043103 0.000000 1.000000
84.501992 88.235294 0.000000 -0.498728 1.176900 0.000000 1.000000
85.709163 88.235294 0.000000 -0.895941 -0.692001 0.000000 1.000000
86.916335 88.235294 0.000000 -0.206332 -1.002037 0.000000 1.000000
88.123506 88.235294 0.000000 -1.933737 -0.688837 0.000000 1.000000
89.330677 88.235294 0.000000 -0.902563 0.194477 0.000000 1.000000
90.537849 88.235294 0.000000 0.927328 0.316718 0.000000 1.000000
91.745020 88.235294 0.000000 -0.757239 0.008154 0.000000 1.000000
92.952191 88.235294 0.000000 0.414515 -0.131226 0.000000 1.000000
94.159363 88.235294 0.000000 -0.841744 -0.338350 0.000000 1.000000
95.366534 88.235294 0.000000 0.610898 0.225701 0.000000 1.000000
96.573705 88.235294 0.000000 0.268996 -0.301229 0.000000 1.000000
97.780876 88.235294 0.000000 -0.108144 -0.242202 0.000000 1.000000
98.988048 88.235294 0.000000 -0.178868 -0.906335 0.000000 1.000000
100.195219 88.235294 0.000000 1.078426 -0.375966 0.000000 1.000000
101.402390 88.235294 0.000000 -0.186575 -0.805646 0.000000 1.000000
102.609562 88.235294 0.000000 -0.480193 -1.627231 0.000000 1.000000
103.816733 88.235294 0.000000 0.490048 -0.048091 0.000000 1.000000
105.023904 88.235294 0.000000 -0.840106 0.255097 0.000000 1.000000
106.231076 88.235294 0.000000 -0.289140 -0.569298 0.000000 1.000000
107.438247 88.235294 0.000000 -1.308151 -0.619442 0.000000 1.000000
108.645418 88.235294 0.000000 0.372006 -0.136206 0.000000 1.000000
109.852590 88.235294 0.000000 -1.036804 -0.268903 0.000000 1.000000
111.059761 88.235294 0.000000 -0.032865 0.070301 0.000000 1.000000
112.266932 88.235294 0.000000 -0.861987 -0.714577 0.000000 1.000000
113.474104 88.235294 0.000000 -0.225094 0.271964 0.000000 1.000000
114.681275 88.235294 0.000000 0.965230 -0.143812 0.000000 1.000000
115.888446 88.235294 0.000000 -1.125280 -0.218398 0.000000 1.000000
117.095618 88.235294 0.000000 -0.058881 -0.537139 0.000000 1.000000
118.302789 88.235294 0.000000 -0.958420 -0.715670 0.000000 1.000000
119.509960 88.235294 0.000000 0.191694 0.398339 0.000000 1.000000
120.717131 88.235294 0.000000 -0.488685 -0.672341 0.000000 1.000000
121.924303 88.235294 0.000000 0.222977 0.202945 0.000000 1.000000
123.131474 88.235294 0.000000 0.870999 -0.312120 0.000000 1.000000
124.338645 88.235294 0.000000 0.664118 -0.225876 0.000000 1.000000
125.545817 88.235294 0.000000 -0.913216 0.593533 0.000000 1.000000
126.752988 88.235294 0.000000 0.417639 0.490285 0.000000 1.000000
127.960159 88.235294 0.000000 0.545438 0.369798 0.000000 1.000000
129.167331 88.235294 0.000000 -0.385989 -1.406838 0.000000 1.000000
130.374502 88.235294 0.000000 -0.452078 -0.004578 0.000000 1.000000
131.581673 88.235294 0.000000 -0.413174 0.288812 0.000000 1.000000
132.788845 88.235294 0.000000 0.996755 -0.095719 0.000000 1.000000
133.996016 88.235294 0.000000 -0.631167 0.992359 0.000000 1.000000
135.203187 88.235294 0.000000 -0.142333 -0.026931 0.000000 1.000000
136.410359 88.235294 0.000000 -1.575236 -1.245548 0.000000 1.000000
137.617530 88.235294 0.000000 0.636379 0.242685 0.000000 1.000000
138.824701 88.235294 0.000000 0.891382 1.581323 0.000000 1.000000
140.031873 88.235294 0.000000 -0.067587 -0.017918 0.000000 1.000000
141.239044 88.235294 0.000000 -0.125819 0.105457 0.000000 1.000000
142.446215 88.235294 0.000000 0.752986 -0.516463 0.000000 1.000000
143.653386 88.235294 0.000000 1.119513 -1.370356 0.000000 1.000000
144.860558 88.235294 0.000000 0.370879 0.906688 0.000000 1.000000
146.067729 88.235294 0.000000 0.205911 0.445988 0.000000 1.000000
147.274900 88.235294 0.000000 -0.808276 1.179332 0.000000 1.000000
148.482072 88.235294 0.000000 0.815843 -0.504853 0.000000 1.000000
149.689243 88.235294 0.000000 -1.332360 -0.673495 0.000000 1.000000
150.896414 88.235294 0.000000 -0.394335 -1.406313 0.000000 1.000000
152.103586 88.235294 0.000000 0.176258 0.355028 0.000000 1.000000
153.310757 88.235294 0.000000 0.073358 -0.164776 0.000000 1.000000
154.517928 88.235294 0.000000 0.851928 0.206370 0.000000 1.000000
155.725100 88.235294 0.000000 1.622359 -0.443594 0.000000 1.000000
156.932271 88.235294 0.000000 0.214582 -0.577559 0.000000 1.000000
158.139442 88.235294 0.000000 -0.169025 0.627674 0.000000 1.000000
159.346614 88.235294 0.000000 0.361589 0.768991 0.000000 1.000000
160.553785 88.235294 0.000000 0.671599 -0.492214 0.000000 1.000000
161.760956 88.235294 0.000000 -1.938503 -1.479866 0.000000 1.000000
162.968127 88.235294 0.000000 1.460108 -0.808400 0.000000 1.000000
164.175299 88.235294 0.000000 0.802547 -0.391931 0.000000 1.000000
165.382470 88.235294 0.000000 -0.590688 0.490121 0.000000 1.000000
166.589641 88.235294 0.000000 0.668899 0.594970 0.000000 1.000000
167.796813 88.235294 0.000000 -0.355953 0.567919 0.000000 1.000000
169.003984 88.235294 0.000000 0.086015 1.296060 0.000000 1.000000
170.211155 88.235294 0.000000 0.271533 0.660895 0.000000 1.000000
171.418327 88.235294 0.000000 -0.992185 1.219488 0.000000 1.000000
172.625498 88.235294 0.000000 1.134906 -0.619201 0.000000 1.000000
173.832669 88.235294 0.000000 0.934696 -0.601636 0.000000 1.000000
175.039841 88.235294 0.000000 0.170820 -0.278791 0.000000 1.000000
176.247012 88.235294 0.000000 -1.035920 -0.135268 0.000000 1.000000
177.454183 88.235294 0.000000 -0.371678 0.776509 0.000000 1.000000
178.661355 88.235294 0.000000 -0.776476 -0.401457 0.000000 1.000000
179.868526 88.235294 0.000000 -0.700103 0.543045 0.000000 1.000000
181.075697 88.235294 0.000000 0.188180 0.586612 0.000000 1.000000
182.282869 88.235294 0.000000 -0.445219 0.145560 0.000000 1.000000
183.490040 88.235294 0.000000 0.699793 -0.261305 0.000000 1.000000
184.697211 88.235294 0.000000 -0.269587 0.110738 0.000000 1.000000
185.904382 88.235294 0.000000 0.327828 0.044039 0.000000 1.000000
187.111554 88.235294 0.000000 -0.899347 -0.369621 0.000000 1.000000
188.318725 88.235294 0.000000 -0.759206 2.065526 0.000000 1.000000
189.525896 88.235294 0.000000 0.157358 -1.209004 0.000000 1.000000
190.733068 88.235294 0.000000 -0.273638 -0.827157 0.000000 1.000000
191.940239 88.235294 0.000000 1.654053 0.437442 0.000000 1.000000
193.147410 88.235294 0.000000 -0.330886 0.875546 0.000000 1.000000
194.354582 88.235294 0.000000 0.716223 -0.524222 0.000000 1.000000
195.561753 88.235294 0.000000 -0.734163 -0.903133 0.000000 1.000000
196.768924 88.235294 0.000000 -0.215196 -0.052497 0.000000 1.000000
197.976096 88.235294 0.000000 -0.149510 0.426153 0.000000 1.000000
199.183267 88.235294 0.000000 0.225851 -0.057264 0.000000 1.000000
200.390438 88.235294 0.000000 0.655839 -1.285527 0.000000 1.000000
201.597610 88.235294 0.000000 -0.062360 -0.864820 0.000000 1.000000
202.804781 88.235294 0.000000 0.296049 0.607280 0.000000 1.000000
204.011952 88.235294 0.000000 -0.488210 -1.481065 0.000000 1.000000
205.219124 88.235294 0.000000 1.408292 0.999841 0.000000 1.000000
206.426295 88.235294 0.000000 0.870220 -0.704254 0.000000 1.000000
207.633466 88.235294 0.000000 0.427497 0.205679 0.000000 1.000000
208.840637 88.235294 0.000000 0.271165 0.968730 0.000000 1.000000
210.047809 88.235294 0.000000 1.589509 0.150783 0.000000 1.000000
211.254980 88.235294 0.000000 0.294572 1.034817 0.000000 1.000000
212.462151 88.235294 0.000000 0.060897 -0.037036 0.000000 1.000000
213.669323 88.235294 0.000000 0.077862 1.288328 0.000000 1.000000
214.876494 88.235294 0.000000 0.996897 -1.784823 0.000000 1.000000
216.083665 88.235294 0.000000 1.318898 -0.112768 0.000000 1.000000
217.290837 88.235294 0.000000 -0.934549 0.967231 0.000000 1.000000
218.498008 88.235294 0.000000 0.375123 0.102989 0.000000 1.000000
219.705179 88.235294 0.000000 0.024888 1.045037 0.000000 1.000000
220.912351 88.235294 0.000000 0.546224 -0.506346 0.000000 1.000000
222.119522 88.235294 0.000000 -1.275777 -0.610931 0.000000 1.000000
223.326693 88.235294 0.000000 -0.336403 -0.346573 0.000000 1.000000
224.533865 88.235294 0.000000 0.835059 -0.803139 0.000000 1.000000
225.741036 88.235294 0.000000 -0.153694 1.066239 0.000000 1.000000
226.948207 88.235294 0.000000 -0.631325 0.362928 0.000000 1.000000
228.155378 88.235294 0.000000 -0.267400 1.491883 0.000000 1.000000
229.362550 88.235294 0.000000 0.332788 -0.753048 0.000000 1.000000
230.569721 88.235294 0.000000 -0.802802 -0.589477 0.000000 1.000000
231.776892 88.235294 0.000000 -0.864564 0.660786 0.000000 1.000000
232.984064 88.235294 0.000000 -0.990418 0.322209 0.000000 1.000000
234.191235 88.235294 0.000000 0.169877 0.987500 0.000000 1.000000
235.398406 88.235294 0.000000 1.141625 1.004884 0.000000 1.000000
236.605578 88.235294 0.000000 -0.449271 0.026906 0.000000 1.000000
237.812749 88.235294 0.000000 -0.792449 1.493248 0.000000 1.000000
239.019920 88.235294 0.000000 -0.044008 1.062397 0.000000 1.000000
240.227092 88.235294 0.000000 0.645604 -0.306392 0.000000 1.000000
241.434263 88.235294 0.000000 -0.564262 -0.136221 0.000000 1.000000
242.641434 88.235294 0.000000 -0.306908 -0.149979 0.000000 1.000000
243.848606 88.235294 0.000000 0.962070 0.891520 0.000000 1.000000
245.055777 88.235294 0.000000 1.291807 -1.158817 0.000000 1.000000
246.262948 88.235294 0.000000 -0.781856 -0.285445 0.000000 1.000000
247.470120 88.235294 0.000000 1.623324 1.661958 0.000000 1.000000
248.677291 88.235294 0.000000 -0.334213 0.060472 0.000000 1.000000
249.884462 88.235294 0.000000 0.178618 1.320524 0.000000 1.000000
251.091633 88.235294 0.000000 0.479435 1.093401 0.000000 1.000000
252.298805 88.235294 0.000000 0.182197 -0.498849 0.000000 1.000000
253.505976 88.235294 0.000000 -0.568878 -0.508723 0.000000 1.000000
254.713147 88.235294 0.000000 0.594471 0.739488 0.000000 1.000000
255.920319 88.235294 0.000000 1.592045 0.414621 0.000000 1.000000
257.127490 88.235294 0.000000 0.047815 -0.460594 0.000000 1.000000
258.334661 88.235294 0.000000 0.151828 0.594055 0.000000 1.000000
259.541833 88.235294 0.000000 -1.564659 -0.727237 0.000000 1.000000
260.749004 88.235294 0.000000 -0.941439 1.450010 0.000000 1.000000
261.956175 88.235294 0.000000 0.578517 -0.315071 0.000000 1.000000
263.163347 88.235294 0.000000 0.309783 0.962509 0.000000 1.000000
264.370518 88.235294 0.000000 -0.316599 0.251760 0.000000 1.000000
265.577689 88.235294 0.000000 -0.066966 0.242170 0.000000 1.000000
266.784861 88.235294 0.000000 0.187016 0.419932 0.000000 1.000000
267.992032 88.235294 0.000000 -0.415661 -0.642148 0.000000 1.000000
269.199203 88.235294 0.000000 0.184825 -0.199409 0.000000 1.000000
270.406375 88.235294 0.000000 0.022635 0.861367 0.000000 1.000000
271.613546 88.235294 0.000000 -0.368916 -0.143032 0.000000 1.000000
272.820717 88.235294 0.000000 0.235158 -0.059411 0.000000 1.000000
274.027888 88.235294 0.000000 -0.289816 -0.671611 0.000000 1.000000
275.235060 88.235294 0.000000 -0.959468 -0.215273 0.000000 1.000000
276.442231 88.235294 0.000000 0.792006 1.434040 0.000000 1.000000
277.649402 88.235294 0.000000 -0.270453 0.280777 0.000000 1.000000
278.856574 88.235294 0.000000 0.409636 0.307604 0.000000 1.000000
280.063745 88.235294 0.000000 -0.668089 0.612031 0.000000 1.000000
281.270916 88.235294 0.000000 0.471116 -1.119804 0.000000 1.000000
282.478088 88.235294 0.000000 0.367983 0.338876 0.000000 1.000000
283.685259 88.235294 0.000000 -0.630870 -0.662568 0.000000 1.000000
284.892430 88.235294 0.000000 0.914264 0.452789 0.000000 1.000000
286.099602 88.235294 0.000000 1.408878 -0.889775 0.000000 1.000000
287.306773 88.235294 0.000000 -0.354097 -0.460256 0.000000 1.000000
288.513944 88.235294 0.000000 -0.576690 -0.520362 0.000000 1.000000
289.721116 88.235294 0.000000 -0.013376 -1.077074 0.000000 1.000000
290.928287 88.235294 0.000000 -0.494845 -0.428381 0.000000 1.000000
292.135458 88.235294 0.000000 0.776466 -0.064276 0.000000 1.000000
293.342629 88.235294 0.000000 0.356182 -0.203177 0.000000 1.000000
294.549801 88.235294 0.000000 -0.651130 -0.157200 0.000000 1.000000
295.756972 88.235294 0.000000 0.619645 0.787729 0.000000 1.000000
296.964143 88.235294 0.000000 0.846201 1.639459 0.000000 1.000000
298.171315 88.235294 0.000000 1.461294 -0.013375 0.000000 1.000000
299.378486 88.235294 0.000000 -0.098665 0.101751 0.000000 1.000000
300.585657 88.235294 0.000000 0.134235 -0.376083 0.000000 1.000000
301.792829 88.235294 0.000000 -1.078932 0.271935 0.000000 1.000000
1.207171 91.764706 0.000000 -0.490628 -0.136289 0.000000 1.000000
2.414343 91.764706 0.000000 -1.106867 0.774971 0.000000 1.000000
3.621514 91.764706 0.000000 -1.016897 1.340606 0.000000 1.000000
4.828685 91.764706 0.000000 -0.647335 0.344173 0.000000 1.000000
6.035857 91.764706 0.000000 -0.079893 -0.767368 0.000000 1.000000
7.243028 91.764706 0.000000 -0.514106 0.428048 0.000000 1.000000
8.450199 91.764706 0.000000 -0.328293 0.628109 0.000000 1.000000
9.657371 91.764706 0.000000 -0.080530 -0.478916 0.000000 1.000000
10.864542 91.764706 0.000000 0.094506 0.444975 0.000000 1.000000
12.071713 91.764706 0.000000 0.490172 1.346449 0.000000 1.000000
13.278884 91.764706 0.000000 -0.530149 -0.832507 0.000000 1.000000
14.486056 91.764706 0.000000 0.721916 -0.527805 0.000000 1.000000
15.693227 91.764706 0.000000 0.063148 -0.726983 0.000000 1.000000
16.900398 91.764706 0.000000 -0.303178 -0.390827 0.000000 1.000000
18.107570 91.764706 0.000000 0.213608 0.257633 0.000000 1.000000
19.314741 91.764706 0.000000 -0.344809 -0.493845 0.000000 1.000000
20.521912 91.764706 0.000000 0.606946 -1.064226 0.000000 1.000000
21.729084 91.764706 0.000000 -0.163391 -0.165645 0.000000 1.000000
22.936255 91.764706 0.000000 0.183033 0.871239 0.000000 1.000000
24.143426 91.764706 0.000000 0.384816 0.574697 0.000000 1.000000
25.350598 91.764706 0.000000 -0.443593 -0.054415 0.000000 1.000000
26.557769 91.764706 0.000000 -1.019436 0.376079 0.000000 1.000000
27.764940 91.764706 0.000000 -0.791169 0.683170 0.000000 1.000000
28.972112 91.764706 0.000000 -0.171284 1.152577 0.000000 1.000000
30.179283 91.764706 0.000000 -0.379804 -0.165064 0.000000 1.000000
31.386454 91.764706 0.000000 -1.007138 0.707991 0.000000 1.000000
32.593625 91.764706 0.000000 0.234059 0.683621 0.000000 1.000000
33.800797 91.764706 0.000000 -1.395823 0.273642 0.000000 1.000000
35.007968 91.764706 0.000000 1.115547 1.191193 0.000000 1.000000
36.215139 91.764706 0.000000 -0.664860 1.498455 0.000000 1.000000
37.422311 91.764706 0.000000 -0.877887 -0.753278 0.000000 1.000000
38.629482 91.764706 0.000000 0.754800 -0.752010 0.000000 1.000000
39.836653 91.764706 0.000000 0.068537 -0.296861 0.000000 1.000000
41.043825 91.764706 0.000000 1.405481 0.071167 0.000000 1.000000
42.250996 91.764706 0.000000 1.308004 0.444800 0.000000 1.000000
43.458167 91.764706 0.000000 -0.590374 1.399043 0.000000 1.000000
44.665339 91.764706 0.000000 0.117190 0.381050 0.000000 1.000000
45.872510 91.764706 0.000000 0.311772 1.313380 0.000000 1.000000
47.079681 91.764706 0.000000 -1.009666 1.169650 0.000000 1.000000
48.286853 91.764706 0.000000 -1.149377 -0.669966 0.000000 1.000000
49.494024 91.764706 0.000000 -1.089644 0.166429 0.000000 1.000000
50.701195 91.764706 0.000000 -0.081220 0.311524 0.000000 1.000000
51.908367 91.764706 0.000000 -1.407020 -0.581801 0.000000 1.000000
53.115538 91.764706 0.000000 0.422595 0.592479 0.000000 1.000000
54.322709 91.764706 0.000000 -0.961601 -0.203315 0.000000 1.000000
55.529880 91.764706 0.000000 0.488132 0.746209 0.000000 1.000000
56.737052 91.764706 0.000000 -1.986506 0.378987 0.000000 1.000000
57.944223 91.764706 0.000000 -0.563797 -1.427572 0.000000 1.000000
59.151394 91.764706 0.000000 1.032050 -0.161531 0.000000 1.000000
60.358566 91.764706 0.000000 0.463558 0.605566 0.000000 1.000000
61.565737 91.764706 0.000000 0.013229 -0.386969 0.000000 1.000000
62.772908 91.764706 0.000000 -0.506661 0.464301 0.000000 1.000000
63.980080 91.764706 0.000000 0.067661 0.119125 0.000000 1.000000
65.187251 91.764706 0.000000 -0.495133 -1.213248 0.000000 1.000000
66.394422 91.764706 0.000000 0.850396 -0.399690 0.000000 1.000000
67.601594 91.764706 0.000000 0.621810 1.357268 0.000000 1.000000
68.808765 91.764706 0.000000 1.681630 -0.323092 0.000000 1.000000
70.015936 91.764706 0.000000 -1.345082 -0.605361 0.000000 1.000000
71.223108 91.764706 0.000000 1.470386 -0.118302 0.000000 1.000000
72.430279 91.764706 0.000000 0.345247 0.154222 0.000000 1.000000
73.637450 91.764706 0.000000 -0.219379 0.667036 0.000000 1.000000
74.844622 91.764706 0.000000 1.312799 1.789729 0.000000 1.000000
76.051793 91.764706 0.000000 0.267271 -1.022197 0.000000 1.000000
77.258964 91.764706 0.000000 0.603433 -0.154159 0.000000 1.000000
78.466135 91.764706 0.000000 -0.414263 -1.678792 0.000000 1.000000
79.673307 91.764706 0.000000 0.832581 0.473610 0.000000 1.000000
80.880478 91.764706 0.000000 0.038297 -0.126265 0.000000 1.000000
82.087649 91.764706 0.000000 0.569345 -0.470513 0.000000 1.000000
83.294821 91.764706 0.000000 0.671769 1.200225 0.000000 1.000000
84.501992 91.764706 0.000000 0.203930 0.530340 0.000000 1.000000
85.709163 91.764706 0.000000 -1.560974 -0.206932 0.000000 1.000000
86.916335 91.764706 0.000000 -1.534148 0.094798 0.000000 1.000000
88.123506 91.764706 0.000000 0.494342 0.162202 0.000000 1.000000
89.330677 91.764706 0.000000 -0.269315 0.718098 0.000000 1.000000
90.537849 91.764706 0.000000 -0.185824 0.077621 0.000000 1.000000
91.745020 91.764706 0.000000 -0.000394 -1.199692 0.000000 1.000000
92.952191 91.764706 0.000000 -0.279624 0.069805 0.000000 1.000000
94.159363 91.764706 0.000000 -0.355304 -0.123954 0.000000 1.000000
95.366534 91.764706 0.000000 0.979650 -0.140260 0.000000 1.000000
96.573705 91.764706 0.000000 -0.013796 -0.144114 0.000000 1.000000
97.780876 91.764706 0.000000 -1.122039 1.038964 0.000000 1.000000
98.988048 91.764706 0.000000 -0.139939 0.125549 0.000000 1.000000
100.195219 91.764706 0.000000 -0.515200 -0.969070 0.000000 1.000000
101.402390 91.764706 0.000000 -0.653710 1.089255 0.000000 1.000000
102.609562 91.764706 0.000000 0.750029 -0.990330 0.000000 1.000000
103.816733 91.764706 0.000000 -0.540550 0.350830 0.000000 1.000000
105.023904 91.764706 0.000000 1.054753 -0.401107 0.000000 1.000000
106.231076 91.764706 0.000000 -0.775585 -0.270256 0.000000 1.000000
107.438247 91.764706 0.000000 -0.163912 1.549903 0.000000 1.000000
108.645418 91.764706 0.000000 0.259364 -0.150887 0.000000 1.000000
109.852590 91.764706 0.000000 -0.311560 -0.541010 0.000000 1.000000
111.059761 91.764706 0.000000 -0.346982 -0.024646 0.000000 1.000000
112.266932 91.764706 0.000000 0.476852 -1.194312 0.000000 1.000000
113.474104 91.764706 0.000000 0.217138 0.167772 0.000000 1.000000
114.681275 91.764706 0.000000 -0.286607 0.286606 0.000000 1.000000
115.888446 91.764706 0.000000 0.389908 -1.170261 0.000000 1.000000
117.095618 91.764706 0.000000 0.064119 -0.079862 0.000000 1.000000
118.302789 91.764706 0.000000 1.277622 0.102756 0.000000 1.000000
119.509960 91.764706 0.000000 0.671379 -0.719392 0.000000 1.000000
120.717131 91.764706 0.000000 0.550718 0.819220 0.000000 1.000000
121.924303 91.764706 0.000000 0.542430 -0.573778 0.000000 1.000000
123.131474 91.764706 0.000000 0.868937 -0.892436 0.000000 1.000000
124.338645 91.764706 0.000000 0.283450 0.217065 0.000000 1.000000
125.545817 91.764706 0.000000 -0.134414 -0.457786 0.000000 1.000000
126.752988 91.764706 0.000000 -0.007570 -0.296319 0.000000 1.000000
127.960159 91.764706 0.000000 1.457813 0.941963 0.000000 1.000000
129.167331 91.764706 0.000000 1.251561 0.024739 0.000000 1.000000
130.374502 91.764706 0.000000 0.023661 0.219716 0.000000 1.000000
131.581673 91.764706 0.000000 0.545348 0.291913 0.000000 1.000000
132.788845 91.764706 0.000000 -0.790718 -0.152819 0.000000 1.000000
133.996016 91.764706 0.000000 0.682891 1.982015 0.000000 1.000000
135.203187 91.764706 0.000000 -0.358095 -0.284608 0.000000 1.000000
136.410359 91.764706 0.000000 -0.251912 1.026136 0.000000 1.000000
137.617530 91.764706 0.000000 0.165916 -0.194083 0.000000 1.000000
138.824701 91.764706 0.000000 0.031263 0.067542 0.000000 1.000000
140.031873 91.764706 0.000000 0.210469 0.413854 0.000000 1.000000
141.239044 91.764706 0.000000 0.546079 0.688975 0.000000 1.000000
142.446215 91.764706 0.000000 1.080756 -0.192604 0.000000 1.000000
143.653386 91.764706 0.000000 -0.082299 -0.273984 0.000000 1.000000
144.860558 91.764706 0.000000 0.239546 0.569122 0.000000 1.000000
146.067729 91.764706 0.000000 0.420091 -0.026686 0.000000 1.000000
147.274900 91.764706 0.000000 -0.625464 -0.717176 0.000000 1.000000
148.482072 91.764706 0.000000 -0.675549 -0.506168 0.000000 1.000000
149.689243 91.764706 0.000000 -0.164883 0.721826 0.000000 1.000000
150.896414 91.764706 0.000000 0.519698 -1.034666 0.000000 1.000000
152.103586 91.764706 0.000000 -1.012817 -0.202249 0.000000 1.000000
153.310757 91.764706 0.000000 0.527303 -0.112551 0.000000 1.000000
154.517928 91.764706 0.000000 0.006603 -0.263918 0.000000 1.000000
155.725100 91.764706 0.000000 0.599301 0.244163 0.000000 1.000000
156.932271 91.764706 0.000000 -0.105750 -0.983271 0.000000 1.000000
158.139442 91.764706 0.000000 0.118751 -0.268422 0.000000 1.000000
159.346614 91.764706 0.000000 0.101250 -1.122996 0.000000 1.000000
160.553785 91.764706 0.000000 1.164051 0.082473 0.000000 1.000000
161.760956 91.764706 0.000000 0.800406 0.490317 0.000000 1.000000
162.968127 91.764706 0.000000 0.578965 -0.341584 0.000000 1.000000
164.175299 91.764706 0.000000 -0.447195 -0.972003 0.000000 1.000000
165.382470 91.764706 0.000000 0.504757 0.216429 0.000000 1.000000
166.589641 91.764706 0.000000 0.413291 -0.659812 0.000000 1.000000
167.796813 91.764706 0.000000 -0.040055 -0.813699 0.000000 1.000000
169.003984 91.764706 0.000000 -1.200973 -0.003180 0.000000 1.000000
170.211155 91.764706 0.000000 -1.028565 2.434414 0.000000 1.000000
171.418327 91.764706 0.000000 0.344341 0.869752 0.000000 1.000000
172.625498 91.764706 0.000000 0.635755 0.169402 0.000000 1.000000
173.832669 91.764706 0.000000 -0.768276 0.166444 0.000000 1.000000
175.039841 91.764706 0.000000 1.213212 -0.638836 0.000000 1.000000
176.247012 91.764706 0.000000 0.776932 -0.142271 0.000000 1.000000
177.454183 91.764706 0.000000 0.624607 -0.465044 0.000000 1.000000
178.661355 91.764706 0.000000 0.738785 0.912204 0.000000 1.000000
179.868526 91.764706 0.000000 -0.138142 0.070710 0.000000 1.000000
181.075697 91.764706 0.000000 0.394695 0.468623 0.000000 1.000000
182.282869 91.764706 0.000000 0.997654 -0.069770 0.000000 1.000000
183.490040 91.764706 0.000000 -0.096010 0.064536 0.000000 1.000000
184.697211 91.764706 0.000000 0.267256 -1.011666 0.000000 1.000000
185.904382 91.764706 0.000000 0.441767 0.833147 0.000000 1.000000
187.111554 91.764706 0.000000 0.126975 0.283365 0.000000 1.000000
188.318725 91.764706 0.000000 -0.312960 0.248866 0.000000 1.000000
189.525896 91.764706 0.000000 -0.077586 0.120843 0.000000 1.000000
190.733068 91.764706 0.000000 -0.469117 0.371349 0.000000 1.000000
191.940239 91.764706 0.000000 0.857239 -0.253498 0.000000 1.000000
193.147410 91.764706 0.000000 0.113446 0.802985 0.000000 1.000000
194.354582 91.764706 0.000000 -0.124121 -0.748334 0.000000 1.000000
195.561753 91.764706 0.000000 0.394282 -0.141072 0.000000 1.000000
196.768924 91.764706 0.000000 0.243195 -0.053374 0.000000 1.000000
197.976096 91.764706 0.000000 0.255091 -0.068617 0.000000 1.000000
199.183267 91.764706 0.000000 -0.357960 0.715445 0.000000 1.000000
200.390438 91.764706 0.000000 -0.127001 0.496559 0.000000 1.000000
201.597610 91.764706 0.000000 1.195439 -0.450161 0.000000 1.000000
202.804781 91.764706 0.000000 -0.099202 0.051842 0.000000 1.000000
204.011952 91.764706 0.000000 -0.148506 0.382782 0.000000 1.000000
205.219124 91.764706 0.000000 -0.732912 -0.790075 0.000000 1.000000
206.426295 91.764706 0.000000 -0.325561 0.150049 0.000000 1.000000
207.633466 91.764706 0.000000 0.395051 0.412585 0.000000 1.000000
208.840637 91.764706 0.000000 -0.202995 -1.272231 0.000000 1.000000
210.047809 91.764706 0.000000 0.445908 -0.517516 0.000000 1.000000
211.254980 91.764706 0.000000 0.250583 -0.052651 0.000000 1.000000
212.462151 91.764706 0.000000 -0.694694 0.234294 0.000000 1.000000
213.669323 91.764706 0.000000 0.157967 0.602590 0.000000 1.000000
214.876494 91.764706 0.000000 0.148518 1.420201 0.000000 1.000000
216.083665 91.764706 0.000000 -0.602614 1.447492 0.000000 1.000000
217.290837 91.764706 0.000000 1.224352 -0.219010 0.000000 1.000000
218.498008 91.764706 0.000000 -0.873380 -0.319756 0.000000 1.000000
219.705179 91.764706 0.000000 -0.227058 0.400420 0.000000 1.000000
220.912351 91.764706 0.000000 0.434338 0.441044 0.000000 1.000000
222.119522 91.764706 0.000000 -1.265971 -1.399547 0.000000 1.000000
223.326693 91.764706 0.000000 0.124768 0.934133 0.000000 1.000000
224.533865 91.764706 0.000000 0.106261 1.298943 0.000000 1.000000
225.741036 91.764706 0.000000 -0.794829 0.051582 0.000000 1.000000
226.948207 91.764706 0.000000 0.839111 0.097342 0.000000 1.000000
228.155378 91.764706 0.000000 0.971277 0.660067 0.000000 1.000000
229.362550 91.764706 0.000000 -0.208088 -0.209589 0.000000 1.000000
230.569721 91.764706 0.000000 -0.959451 0.049171 0.000000 1.000000
231.776892 91.764706 0.000000 1.379388 -1.133688 0.000000 1.000000
232.984064 91.764706 0.000000 -0.077950 0.763208 0.000000 1.000000
234.191235 91.764706 0.000000 0.214311 -1.238639 0.000000 1.000000
235.398406 91.764706 0.000000 -0.064798 0.382158 0.000000 1.000000
236.605578 91.764706 0.000000 0.141793 -0.207032 0.000000 1.000000
237.812749 91.764706 0.000000 0.021103 0.995579 0.000000 1.000000
239.019920 91.764706 0.000000 -0.615885 1.162074 0.000000 1.000000
240.227092 91.764706 0.000000 -0.395439 0.038000 0.000000 1.000000
241.434263 91.764706 0.000000 -0.088879 0.609240 0.000000 1.000000
242.641434 91.764706 0.000000 0.958986 -0.094437 0.000000 1.000000
243.848606 91.764706 0.000000 -1.284565 -0.303652 0.000000 1.000000
245.055777 91.764706 0.000000 -1.083073 -1.416631 0.000000 1.000000
246.262948 91.764706 0.000000 -0.293254 -0.211559 0.000000 1.000000
247.470120 91.764706 0.000000 -0.120296 -1.152440 0.000000 1.000000
248.677291 91.764706 0.000000 0.429018 1.185870 0.000000 1.000000
249.884462 91.764706 0.000000 -0.253648 1.219216 0.000000 1.000000
251.091633 91.764706 0.000000 -1.156910 0.602308 0.000000 1.000000
252.298805 91.764706 0.000000 0.548277 0.032202 0.000000 1.000000
253.505976 91.764706 0.000000 0.098451 0.120383 0.000000 1.000000
254.713147 91.764706 0.000000 -0.694997 -0.982496 0.000000 1.000000
255.920319 91.764706 0.000000 0.695679 0.369862 0.000000 1.000000
257.127490 91.764706 0.000000 0.336795 -0.220032 0.000000 1.000000
258.334661 91.764706 0.000000 -0.633312 -0.645534 0.000000 1.000000
259.541833 91.764706 0.000000 -0.991044 -0.668281 0.000000 1.000000
260.749004 91.764706 0.000000 0.440273 0.348660 0.000000 1.000000
261.956175 91.764706 0.000000 -0.180049 1.086720 0.000000 1.000000
263.163347 91.764706 0.000000 -0.404058 0.116397 0.000000 1.000000
264.370518 91.764706 0.000000 1.221738 1.272175 0.000000 1.000000
265.577689 91.764706 0.000000 1.012183 0.993364 0.000000 1.000000
266.784861 91.764706 0.000000 -0.642056 -0.225516 0.000000 1.000000
267.992032 91.764706 0.000000 -0.450526 1.029952 0.000000 1.000000
269.199203 91.764706 0.000000 -0.947020 -0.313901 0.000000 1.000000
270.406375 91.764706 0.000000 -0.430551 -0.569721 0.000000 1.000000
271.613546 91.764706 0.000000 -0.622970 1.186455 0.000000 1.000000
272.820717 91.764706 0.000000 0.562775 0.118668 0.000000 1.000000
274.027888 91.764706 0.000000 -0.840373 -0.372853 0.000000 1.000000
275.235060 91.764706 0.000000 0.177718 -0.165988 0.000000 1.000000
276.442231 91.764706 0.000000 -0.077165 -0.373603 0.000000 1.000000
277.649402 91.764706 0.000000 0.243711 0.098108 0.000000 1.000000
278.856574 91.764706 0.000000 0.498292 0.695310 0.000000 1.000000
280.063745 91.764706 0.000000 0.481012 -0.195647 0.000000 1.000000
281.270916 91.764706 0.000000 0.055065 -1.898614 0.000000 1.000000
282.478088 91.764706 0.000000 -0.384090 0.614909 0.000000 1.000000
283.685259 91.764706 0.000000 0.004025 -0.828981 0.000000 1.000000
284.892430 91.764706 0.000000 -0.828383 -0.246668 0.000000 1.000000
286.099602 91.764706 0.000000 -0.446695 -0.557717 0.000000 1.000000
287.306773 91.764706 0.000000 0.739195 1.082530 0.000000 1.000000
288.513944 91.764706 0.000000 0.303166 -0.714687 0.000000 1.000000
289.721116 91.764706 0.000000 1.165849 1.025934 0.000000 1.000000
290.928287 91.764706 0.000000 -0.035687 0.516269 0.000000 1.000000
292.135458 91.764706 0.000000 -0.555023 -0.718292 0.000000 1.000000
293.342629 91.764706 0.000000 1.286774 0.435056 0.000000 1.000000
294.549801 91.764706 0.000000 0.031511 0.200195 0.000000 1.000000
295.756972 91.764706 0.000000 0.099225 0.499407 0.000000 1.000000
296.964143 91.764706 0.000000 0.820728 1.164874 0.000000 1.000000
298.171315 91.764706 0.000000 -0.624880 -0.007772 0.000000 1.000000
299.378486 91.764706 0.000000 0.039079 -1.058051 0.000000 1.000000
300.585657 91.764706 0.000000 1.195169 0.139874 0.000000 1.000000
301.792829 91.764706 0.000000 -1.051537 0.045896 0.000000 1.000000
1.207171 95.294118 0.000000 -0.291832 -0.850248 0.000000 1.000000
2.414343 95.294118 0.000000 0.913597 0.229983 0.000000 1.000000
3.621514 95.294118 0.000000 0.238738 0.898326 0.000000 1.000000
4.828685 95.294118 0.000000 1.098546 0.043937 0.000000 1.000000
6.035857 95.294118 0.000000 -0.590828 -0.337776 0.000000 1.000000
7.243028 95.294118 0.000000 0.339996 -0.257450 0.000000 1.000000
8.450199 95.294118 0.000000 0.202763 0.847221 0.000000 1.000000
9.657371 95.294118 0.000000 1.005478 -0.598632 0.000000 1.000000
10.864542 95.294118 0.000000 -0.177159 0.878414 0.000000 1.000000
12.071713 95.294118 0.000000 -0.416763 -0.033989 0.000000 1.000000
13.278884 95.294118 0.000000 0.289331 0.917335 0.000000 1.000000
14.486056 95.294118 0.000000 -0.318995 0.537269 0.000000 1.000000
15.693227 95.294118 0.000000 -0.023507 0.349980 0.000000 1.000000
16.900398 95.294118 0.000000 -0.038079 0.161310 0.000000 1.000000
18.107570 95.294118 0.000000 -0.817939 -0.626325 0.000000 1.000000
19.314741 95.294118 0.000000 -0.719750 -0.058938 0.000000 1.000000
20.521912 95.294118 0.000000 0.081748 0.183749 0.000000 1.000000
21.729084 95.294118 0.000000 0.391849 -1.102802 0.000000 1.000000
22.936255 95.294118 0.000000 0.332169 -0.341242 0.000000 1.000000
24.143426 95.294118 0.000000 -1.060902 -0.506212 0.000000 1.000000
25.350598 95.294118 0.000000 0.526798 -0.923946 0.000000 1.000000
26.557769 95.294118 0.000000 0.987412 -0.858274 0.000000 1.000000
27.764940 95.294118 0.000000 -0.152157 0.175803 0.000000 1.000000
28.972112 95.294118 0.000000 -0.642604 -0.656793 0.000000 1.000000
30.179283 95.294118 0.000000 0.402734 -0.363670 0.000000 1.000000
31.386454 95.294118 0.000000 -0.607929 -0.047921 0.000000 1.000000
32.593625 95.294118 0.000000 0.093173 0.431349 0.000000 1.000000
33.800797 95.294118 0.000000 -0.419117 0.713538 0.000000 1.000000
35.007968 95.294118 0.000000 -0.212185 -1.113630 0.000000 1.000000
36.215139 95.294118 0.000000 -0.679815 0.178630 0.000000 1.000000
37.422311 95.294118 0.000000 0.038229 -1.597501 0.000000 1.000000
38.629482 95.294118 0.000000 -0.945975 0.112916 0.000000 1.000000
39.836653 95.294118 0.000000 0.292210 -1.012496 0.000000 1.000000
41.043825 95.294118 0.000000 0.262553 -0.113762 0.000000 1.000000
42.250996 95.294118 0.000000 0.012481 0.004788 0.000000 1.000000
43.458167 95.294118 0.000000 0.221830 0.038646 0.000000 1.000000
44.665339 95.294118 0.000000 0.564368 0.034369 0.000000 1.000000
45.872510 95.294118 0.000000 0.767020 -0.005436 0.000000 1.000000
47.079681 95.294118 0.000000 -0.240368 -1.792086 0.000000 1.000000
48.286853 95.294118 0.000000 0.554536 0.383127 0.000000 1.000000
49.494024 95.294118 0.000000 -1.146069 -1.497389 0.000000 1.000000
50.701195 95.294118 0.000000 -0.035352 -0.687610 0.000000 1.000000
51.908367 95.294118 0.000000 -0.193183 1.005984 0.000000 1.000000
53.115538 95.294118 0.000000 -0.055837 0.174918 0.000000 1.000000
54.322709 95.294118 0.000000 0.284598 0.262385 0.000000 1.000000
55.529880 95.294118 0.000000 -1.581350 0.433141 0.000000 1.000000
56.737052 95.294118 0.000000 1.559422 -0.169921 0.000000 1.000000
57.944223 95.294118 0.000000 0.731745 0.684846 0.000000 1.000000
59.151394 95.294118 0.000000 1.198538 -0.374934 0.000000 1.000000
60.358566 95.294118 0.000000 1.197020 -1.125805 0.000000 1.000000
61.565737 95.294118 0.000000 0.157336 0.302043 0.000000 1.000000
62.772908 95.294118 0.000000 -0.123220 -0.775110 0.000000 1.000000
63.980080 95.294118 0.000000 0.823413 -0.718607 0.000000 1.000000
65.187251 95.294118 0.000000 -0.022256 0.143980 0.000000 1.000000
66.394422 95.294118 0.000000 -0.236147 -0.104411 0.000000 1.000000
67.601594 95.294118 0.000000 -0.176527 -0.465534 0.000000 1.000000
68.808765 95.294118 0.000000 -0.550978 0.407712 0.000000 1.000000
70.015936 95.294118 0.000000 0.731857 0.168664 0.000000 1.000000
71.223108 95.294118 0.000000 -0.428864 0.088316 0.000000 1.000000
72.430279 95.294118 0.000000 1.503354 0.120179 0.000000 1.000000
73.637450 95.294118 0.000000 -0.991570 -1.496197 0.000000 1.000000
74.844622 95.294118 0.000000 0.793012 -0.785270 0.000000 1.000000
76.051793 95.294118 0.000000 -0.092874 -0.472350 0.000000 1.000000
77.258964 95.294118 0.000000 -0.114695 1.043025 0.000000 1.000000
78.466135 95.294118 0.000000 0.443913 -0.110112 0.000000 1.000000
79.673307 95.294118 0.000000 -0.477488 -1.203380 0.000000 1.000000
80.880478 95.294118 0.000000 0.211980 -0.011037 0.000000 1.000000
82.087649 95.294118 0.000000 -1.286415 -0.544929 0.000000 1.000000
83.294821 95.294118 0.000000 -1.027421 -0.404258 0.000000 1.000000
84.501992 95.294118 0.000000 0.291853 -1.088010 0.000000 1.000000
85.709163 95.294118 0.000000 -0.027652 -0.585872 0.000000 1.000000
86.916335 95.294118 0.000000 0.574455 0.351343 0.000000 1.000000
88.123506 95.294118 0.000000 0.380837 -0.806253 0.000000 1.000000
89.330677 95.294118 0.000000 -1.065842 1.083438 0.000000 1.000000
90.537849 95.294118 0.000000 -0.131810 -0.877790 0.000000 1.000000
91.745020 95.294118 0.000000 -0.434418 0.906306 0.000000 1.000000
92.952191 95.294118 0.000000 -0.777466 0.508461 0.000000 1.000000
94.159363 95.294118 0.000000 -1.406810 1.452982 0.000000 1.000000
95.366534 95.294118 0.000000 0.043015 -0.402792 0.000000 1.000000
96.573705 95.294118 0.000000 -0.693457 -1.317631 0.000000 1.000000
97.780876 95.294118 0.000000 -0.326113 -0.651895 0.000000 1.000000
98.988048 95.294118 0.000000 0.291504 -0.077719 0.000000 1.000000
100.195219 95.294118 0.000000 -0.008114 0.379258 0.000000 1.000000
101.402390 95.294118 0.000000 0.906123 -0.469383 0.000000 1.000000
102.609562 95.294118 0.000000 -0.838835 0.262480 0.000000 1.000000
103.816733 95.294118 0.000000 -0.629763 -1.350396 0.000000 1.000000
105.023904 95.294118 0.000000 -0.877182 1.312053 0.000000 1.000000
106.231076 95.294118 0.000000 0.393161 -0.048393 0.000000 1.000000
107.438247 95.294118 0.000000 -0.545354 0.833905 0.000000 1.000000
108.645418 95.294118 0.000000 -0.045510 -1.384767 0.000000 1.000000
109.852590 95.294118 0.000000 -1.740435 -0.874155 0.000000 1.000000
111.059761 95.294118 0.000000 0.346036 -1.278734 0.000000 1.000000
112.266932 95.294118 0.000000 -1.047707 0.792774 0.000000 1.000000
113.474104 95.294118 0.000000 1.579418 -1.475559 0.000000 1.000000
114.681275 95.294118 0.000000 -0.824065 -0.239165 0.000000 1.000000
115.888446 95.294118 0.000000 -0.482768 -0.253049 0.000000 1.000000
117.095618 95.294118 0.000000 -1.605121 -0.531900 0.000000 1.000000
118.302789 95.294118 0.000000 -0.069715 -1.076574 0.000000 1.000000
119.509960 95.294118 0.000000 0.192077 -0.802162 0.000000 1.000000
120.717131 95.294118 0.000000 -0.614953 1.191618 0.000000 1.000000
121.924303 95.294118 0.000000 -1.163393 1.182320 0.000000 1.000000
123.131474 95.294118 0.000000 -1.294746 -0.194853 0.000000 1.000000
124.338645 95.294118 0.000000 0.126626 0.639809 0.000000 1.000000
125.545817 95.294118 0.000000 -0.988716 0.639314 0.000000 1.000000
126.752988 95.294118 0.000000 0.793208 0.621559 0.000000 1.000000
127.960159 95.294118 0.000000 -1.284775 0.379479 0.000000 1.000000
129.167331 95.294118 0.000000 0.360975 -0.284923 0.000000 1.000000
130.374502 95.294118 0.000000 1.255764 -0.000776 0.000000 1.000000
131.581673 95.294118 0.000000 -0.337977 -0.015053 0.000000 1.000000
132.788845 95.294118 0.000000 0.168290 0.210153 0.000000 1.000000
133.996016 95.294118 0.000000 0.500151 -0.167728 0.000000 1.000000
135.203187 95.294118 0.000000 -1.097913 0.729168 0.000000 1.000000
136.410359 95.294118 0.000000 -0.308070 -0.088550 0.000000 1.000000
137.617530 95.294118 0.000000 0.060425 -0.147219 0.000000 1.000000
138.824701 95.294118 0.000000 0.352032 0.064266 0.000000 1.000000
140.031873 95.294118 0.000000 0.480404 1.119357 0.000000 1.000000
141.239044 95.294118 0.000000 0.486843 0.228802 0.000000 1.000000
142.446215 95.294118 0.000000 0.705129 -0.229761 0.000000 1.000000
143.653386 95.294118 0.000000 -0.449488 0.554999 0.000000 1.000000
144.860558 95.294118 0.000000 -0.192779 -0.571135 0.000000 1.000000
146.067729 95.294118 0.000000 -0.368511 0.307947 0.000000 1.000000
147.274900 95.294118 0.000000 -0.850629 0.404292 0.000000 1.000000
148.482072 95.294118 0.000000 -0.968157 0.126431 0.000000 1.000000
149.689243 95.294118 0.000000 0.793499 0.208351 0.000000 1.000000
150.896414 95.294118 0.000000 0.608076 0.116613 0.000000 1.000000
152.103586 95.294118 0.000000 1.077020 0.207351 0.000000 1.000000
153.310757 95.294118 0.000000 0.447077 -0.538301 0.000000 1.000000
154.517928 95.294118 0.000000 -0.311941 -0.083430 0.000000 1.000000
155.725100 95.294118 0.000000 -0.370684 -0.917110 0.000000 1.000000
156.932271 95.294118 0.000000 -1.118405 1.512097 0.000000 1.000000
158.139442 95.294118 0.000000 -0.166526 0.004649 0.000000 1.000000
159.346614 95.294118 0.000000 0.793138 0.191214 0.000000 1.000000
160.553785 95.294118 0.000000 0.665882 -0.452933 0.000000 1.000000
161.760956 95.294118 0.000000 -0.283629 -0.085338 0.000000 1.000000
162.968127 95.294118 0.000000 -0.180811 -1.112209 0.000000 1.000000
164.175299 95.294118 0.000000 0.687390 -0.370682 0.000000 1.000000
165.382470 95.294118 0.000000 -0.003506 -0.531069 0.000000 1.000000
166.589641 95.294118 0.000000 0.185618 -0.024242 0.000000 1.000000
167.796813 95.294118 0.000000 -0.450098 1.134285 0.000000 1.000000
169.003984 95.294118 0.000000 0.301533 -0.396513 0.000000 1.000000
170.211155 95.294118 0.000000 -0.086470 0.048696 0.000000 1.000000
171.418327 95.294118 0.000000 0.974634 1.011900 0.000000 1.000000
172.625498 95.294118 0.000000 0.318418 -1.630305 0.000000 1.000000
173.832669 95.294118 0.000000 -0.785036 0.280192 0.000000 1.000000
175.039841 95.294118 0.000000 -1.064171 0.245111 0.000000 1.000000
176.247012 95.294118 0.000000 -1.228578 1.034484 0.000000 1.000000
177.454183 95.294118 0.000000 -0.127491 -0.189284 0.000000 1.000000
178.661355 95.294118 0.000000 -0.940181 -0.566562 0.000000 1.000000
179.868526 95.294118 0.000000 -1.522939 0.079759 0.000000 1.000000
181.075697 95.294118 0.000000 -0.113858 0.400413 0.000000 1.000000
182.282869 95.294118 0.000000 -0.159277 0.608801 0.000000 1.000000
183.490040 95.294118 0.000000 0.316141 0.255276 0.000000 1.000000
184.697211 95.294118 0.000000 0.245518 -0.407456 0.000000 1.000000
185.904382 95.294118 0.000000 -0.075651 0.001039 0.000000 1.000000
187.111554 95.294118 0.000000 0.206091 -1.270951 0.000000 1.000000
188.318725 95.294118 0.000000 1.007719 -0.686793 0.000000 1.000000
189.525896 95.294118 0.000000 0.431800 0.116771 0.000000 1.000000
190.733068 95.294118 0.000000 -0.575126 0.899295 0.000000 1.000000
191.940239 95.294118 0.000000 0.287501 -0.426013 0.000000 1.000000
193.147410 95.294118 0.000000 -1.033098 0.368768 0.000000 1.000000
194.354582 95.294118 0.000000 0.277710 -0.177930 0.000000 1.000000
195.561753 95.294118 0.000000 0.744275 0.885551 0.000000 1.000000
196.768924 95.294118 0.000000 0.858601 -0.304574 0.000000 1.000000
197.976096 95.294118 0.000000 -0.625746 0.250810 0.000000 1.000000
199.183267 95.294118 0.000000 -0.045819 -0.142180 0.000000 1.000000
200.390438 95.294118 0.000000 -1.074708 -0.176851 0.000000 1.000000
201.597610 95.294118 0.000000 -0.222370 -0.256749 0.000000 1.000000
202.804781 95.294118 0.000000 -0.564384 0.088730 0.000000 1.000000
204.011952 95.294118 0.000000 -0.693610 -0.266346 0.000000 1.000000
205.219124 95.294118 0.000000 0.506114 0.214360 0.000000 1.000000
206.426295 95.294118 0.000000 0.630601 -0.216379 0.000000 1.000000
207.633466 95.294118 0.000000 -1.291540 0.916255 0.000000 1.000000
208.840637 95.294118 0.000000 1.201699 -0.804687 0.000000 1.000000
210.047809 95.294118 0.000000 0.304244 0.284239 0.000000 1.000000
211.254980 95.294118 0.000000 -0.944970 -0.453026 0.000000 1.000000
212.462151 95.294118 0.000000 -2.244498 0.784941 0.000000 1.000000
213.669323 95.294118 0.000000 -0.386849 0.389253 0.000000 1.000000
214.876494 95.294118 0.000000 1.140389 0.503728 0.000000 1.000000
216.083665 95.294118 0.000000 0.287464 0.665573 0.000000 1.000000
217.290837 95.294118 0.000000 -0.478761 -0.193729 0.000000 1.000000
218.498008 95.294118 0.000000 0.226860 0.296723 0.000000 1.000000
219.705179 95.294118 0.000000 -0.032226 -0.106686 0.000000 1.000000
220.912351 95.294118 0.000000 1.157793 0.453020 0.000000 1.000000
222.119522 95.294118 0.000000 0.794739 0.675797 0.000000 1.000000
223.326693 95.294118 0.000000 -0.081391 -0.053788 0.000000 1.000000
224.533865 95.294118 0.000000 0.280140 -0.267631 0.000000 1.000000
225.741036 95.294118 0.000000 1.232770 -0.676045 0.000000 1.000000
226.948207 95.294118 0.000000 0.144265 -0.439250 0.000000 1.000000
228.155378 95.294118 0.000000 -0.797400 0.121989 0.000000 1.000000
229.362550 95.294118 0.000000 0.568848 0.402899 0.000000 1.000000
230.569721 95.294118 0.000000 -0.590918 -0.661868 0.000000 1.000000
231.776892 95.294118 0.000000 0.131592 -0.380368 0.000000 1.000000
232.984064 95.294118 0.000000 0.589352 0.598920 0.000000 1.000000
234.191235 95.294118 0.000000 0.170289 -0.208679 0.000000 1.000000
235.398406 95.294118 0.000000 -2.083687 -0.181098 0.000000 1.000000
236.605578 95.294118 0.000000 -0.487722 -0.220596 0.000000 1.000000
237.812749 95.294118 0.000000 0.028647 -1.358370 0.000000 1.000000
239.019920 95.294118 0.000000 -0.326665 0.380355 0.000000 1.000000
240.227092 95.294118 0.000000 -0.019789 0.241805 0.000000 1.000000
241.434263 95.294118 0.000000 -1.301499 0.588200 0.000000 1.000000
242.641434 95.294118 0.000000 0.031663 -0.169885 0.000000 1.000000
243.848606 95.294118 0.000000 -0.772695 -1.445617 0.000000 1.000000
245.055777 95.294118 0.000000 -0.747429 0.606422 0.000000 1.000000
246.262948 95.294118 0.000000 0.787359 -0.877385 0.000000 1.000000
247.470120 95.294118 0.000000 0.680193 0.695280 0.000000 1.000000
248.677291 95.294118 0.000000 0.372364 -1.439702 0.000000 1.000000
249.884462 95.294118 0.000000 -0.721564 -0.947895 0.000000 1.000000
251.091633 95.294118 0.000000 0.525512 0.792756 0.000000 1.000000
252.298805 95.294118 0.000000 -0.285636 1.178524 0.000000 1.000000
253.505976 95.294118 0.000000 -0.161993 0.067196 0.000000 1.000000
254.713147 95.294118 0.000000 0.271891 0.115058 0.000000 1.000000
255.920319 95.294118 0.000000 0.307836 -0.255119 0.000000 1.000000
257.127490 95.294118 0.000000 -0.428677 -0.532581 0.000000 1.000000
258.334661 95.294118 0.000000 -0.619522 0.485666 0.000000 1.000000
259.541833 95.294118 0.000000 0.551033 -1.484061 0.000000 1.000000
260.749004 95.294118 0.000000 -0.289119 0.820939 0.000000 1.000000
261.956175 95.294118 0.000000 -0.282991 0.531644 0.000000 1.000000
263.163347 95.294118 0.000000 0.802034 -0.274610 0.000000 1.000000
264.370518 95.294118 0.000000 -1.080637 0.933781 0.000000 1.000000
265.577689 95.294118 0.000000 -0.411500 -1.015055 0.000000 1.000000
266.784861 95.294118 0.000000 0.854305 -0.451473 0.000000 1.000000
267.992032 95.294118 0.000000 -0.490385 -0.788539 0.000000 1.000000
269.199203 95.294118 0.000000 -0.303522 0.053674 0.000000 1.000000
270.406375 95.294118 0.000000 -0.646451 0.036489 0.000000 1.000000
271.613546 95.294118 0.000000 -0.993659 -0.111968 0.000000 1.000000
272.820717 95.294118 0.000000 -0.005969 0.553296 0.000000 1.000000
274.027888 95.294118 0.000000 -0.078118 0.573280 0.000000 1.000000
275.235060 95.294118 0.000000 -0.610945 -0.057465 0.000000 1.000000
276.442231 95.294118 0.000000 1.279310 -0.865657 0.000000 1.000000
277.649402 95.294118 0.000000 -0.599466 -0.269279 0.000000 1.000000
278.856574 95.294118 0.000000 -0.458638 1.234348 0.000000 1.000000
280.063745 95.294118 0.000000 -0.724071 -0.086169 0.000000 1.000000
281.270916 95.294118 0.000000 -0.065193 0.734237 0.000000 1.000000
282.478088 95.294118 0.000000 -0.654036 -1.022880 0.000000 1.000000
283.685259 95.294118 0.000000 0.298878 -0.251307 0.000000 1.000000
284.892430 95.294118 0.000000 0.073392 -0.592114 0.000000 1.000000
286.099602 95.294118 0.000000 -0.258234 -0.623642 0.000000 1.000000
287.306773 95.294118 0.000000 -0.600402 -0.170748 0.000000 1.000000
288.513944 95.294118 0.000000 0.277124 -0.896923 0.000000 1.000000
289.721116 95.294118 0.000000 0.525205 1.001131 0.000000 1.000000
290.928287 95.294118 0.000000 0.718097 -0.713685 0.000000 1.000000
292.135458 95.294118 0.000000 0.342592 1.195668 0.000000 1.000000
293.342629 95.294118 0.000000 0.217221 -0.399007 0.000000 1.000000
294.549801 95.294118 0.000000 -0.498160 -0.668270 0.000000 1.000000
295.756972 95.294118 0.000000 0.021947 0.808039 0.000000 1.000000
296.964143 95.294118 0.000000 -0.119459 0.903137 0.000000 1.000000
298.171315 95.294118 0.000000 -0.387211 -0.098117 0.000000 1.000000
299.378486 95.294118 0.000000 -0.424619 -0.338778 0.000000 1.000000
300.585657 95.294118 0.000000 1.266154 -0.275963 0.000000 1.000000
301.792829 95.294118 0.000000 0.056535 -0.011270 0.000000 1.000000
1.207171 98.823529 0.000000 0.617058 1.523808 0.000000 1.000000
2.414343 98.823529 0.000000 0.699665 -0.346762 0.000000 1.000000
3.621514 98.823529 0.000000 0.934064 -0.059241 0.000000 1.000000
4.828685 98.823529 0.000000 -0.155456 0.896747 0.000000 1.000000
6.035857 98.823529 0.000000 0.071426 0.211736 0.000000 1.000000
7.243028 98.823529 0.000000 -1.797727 0.872131 0.000000 1.000000
8.450199 98.823529 0.000000 -0.664859 -0.458724 0.000000 1.000000
9.657371 98.823529 0.000000 -0.270681 0.227194 0.000000 1.000000
10.864542 98.823529 0.000000 0.280517 0.602363 0.000000 1.000000
12.071713 98.823529 0.000000 0.074615 -0.230025 0.000000 1.000000
13.278884 98.823529 0.000000 0.326392 -0.472451 0.000000 1.000000
14.486056 98.823529 0.000000 -0.533682 -0.173189 0.000000 1.000000
15.693227 98.823529 0.000000 0.340213 -1.581643 0.000000 1.000000
16.900398 98.823529 0.000000 -0.185771 -0.446964 0.000000 1.000000
18.107570 98.823529 0.000000 0.708914 -0.582479 0.000000 1.000000
19.314741 98.823529 0.000000 0.640184 0.034238 0.000000 1.000000
20.521912 98.823529 0.000000 -0.404849 -0.406715 0.000000 1.000000
21.729084 98.823529 0.000000 -0.463249 0.213032 0.000000 1.000000
22.936255 98.823529 0.000000 -0.677272 -0.627750 0.000000 1.000000
24.143426 98.823529 0.000000 -0.094510 0.886413 0.000000 1.000000
25.350598 98.823529 0.000000 0.218614 -0.346902 0.000000 1.000000
26.557769 98.823529 0.000000 -0.582695 -0.209814 0.000000 1.000000
27.764940 98.823529 0.000000 0.240481 1.251655 0.000000 1.000000
28.972112 98.823529 0.000000 0.216281 -0.429907 0.000000 1.000000
30.179283 98.823529 0.000000 -1.309322 -1.178562 0.000000 1.000000
31.386454 98.823529 0.000000 0.975587 0.624062 0.000000 1.000000
32.593625 98.823529 0.000000 0.555257 -0.080388 0.000000 1.000000
33.800797 98.823529 0.000000 -0.316332 0.021869 0.000000 1.000000
35.007968 98.823529 0.000000 0.281494 -0.418106 0.000000 1.000000
36.215139 98.823529 0.000000 -0.412227 0.101626 0.000000 1.000000
37.422311 98.823529 0.000000 0.230178 0.436948 0.000000 1.000000
38.629482 98.823529 0.000000 0.407492 0.320807 0.000000 1.000000
39.836653 98.823529 0.000000 -0.334872 0.863283 0.000000 1.000000
41.043825 98.823529 0.000000 -0.566788 -0.415463 0.000000 1.000000
42.250996 98.823529 0.000000 0.073780 0.311171 0.000000 1.000000
43.458167 98.823529 0.000000 0.971077 0.544565 0.000000 1.000000
44.665339 98.823529 0.000000 -1.084862 0.404097 0.000000 1.000000
45.872510 98.823529 0.000000 -0.731148 0.643073 0.000000 1.000000
47.079681 98.823529 0.000000 -0.644505 0.598158 0.000000 1.000000
48.286853 98.823529 0.000000 -0.199214 1.442239 0.000000 1.000000
49.494024 98.823529 0.000000 -1.247078 0.061009 0.000000 1.000000
50.701195 98.823529 0.000000 -0.616818 -0.098894 0.000000 1.000000
51.908367 98.823529 0.000000 -0.978198 0.000465 0.000000 1.000000
53.115538 98.823529 0.000000 0.507979 -0.826692 0.000000 1.000000
54.322709 98.823529 0.000000 -0.769928 0.784045 0.000000 1.000000
55.529880 98.823529 0.000000 -0.882887 -0.654776 0.000000 1.000000
56.737052 98.823529 0.000000 -0.895763 0.860418 0.000000 1.000000
57.944223 98.823529 0.000000 0.163056 0.586529 0.000000 1.000000
59.151394 98.823529 0.000000 -0.442913 0.294850 0.000000 1.000000
60.358566 98.823529 0.000000 -0.129914 0.490249 0.000000 1.000000
61.565737 98.823529 0.000000 -0.643436 -0.475386 0.000000 1.000000
62.772908 98.823529 0.000000 1.634942 0.245907 0.000000 1.000000
63.980080 98.823529 0.000000 0.040341 1.087351 0.000000 1.000000
65.187251 98.823529 0.000000 -1.212522 0.369544 0.000000 1.000000
66.394422 98.823529 0.000000 -0.498786 0.412836 0.000000 1.000000
67.601594 98.823529 0.000000 -0.602805 0.553360 0.000000 1.000000
68.808765 98.823529 0.000000 -0.250564 -1.534000 0.000000 1.000000
70.015936 98.823529 0.000000 0.458626 0.283634 0.000000 1.000000
71.223108 98.823529 0.000000 0.090394 0.664150 0.000000 1.000000
72.430279 98.823529 0.000000 0.806400 -0.020188 0.000000 1.000000
73.637450 98.823529 0.000000 0.678565 1.203142 0.000000 1.000000
74.844622 98.823529 0.000000 -0.586312 -0.760952 0.000000 1.000000
76.051793 98.823529 0.000000 0.504185 -1.276539 0.000000 1.000000
77.258964 98.823529 0.000000 0.667251 -0.093398 0.000000 1.000000
78.466135 98.823529 0.000000 0.020271 -0.311838 0.000000 1.000000
79.673307 98.823529 0.000000 0.268440 -0.162528 0.000000 1.000000
80.880478 98.823529 0.000000 -0.076726 -0.218865 0.000000 1.000000
82.087649 98.823529 0.000000 1.440125 0.777687 0.000000 1.000000
83.294821 98.823529 0.000000 -0.564004 0.165587 0.000000 1.000000
84.501992 98.823529 0.000000 0.359652 -0.449127 0.000000 1.000000
85.709163 98.823529 0.000000 0.440234 -0.262472 0.000000 1.000000
86.916335 98.823529 0.000000 -0.323973 0.788441 0.000000 1.000000
88.123506 98.823529 0.000000 0.035096 0.303632 0.000000 1.000000
89.330677 98.823529 0.000000 0.975848 0.326335 0.000000 1.000000
90.537849 98.823529 0.000000 0.374261 -1.718743 0.000000 1.000000
91.745020 98.823529 0.000000 0.410154 -0.163537 0.000000 1.000000
92.952191 98.823529 0.000000 -1.611885 -0.506111 0.000000 1.000000
94.159363 98.823529 0.000000 0.409670 -0.323868 0.000000 1.000000
95.366534 98.823529 0.000000 0.165059 -0.441397 0.000000 1.000000
96.573705 98.823529 0.000000 -0.061987 -0.262316 0.000000 1.000000
97.780876 98.823529 0.000000 1.047088 0.770839 0.000000 1.000000
98.988048 98.823529 0.000000 0.157259 0.322691 0.000000 1.000000
100.195219 98.823529 0.000000 -1.163514 0.273476 0.000000 1.000000
101.402390 98.823529 0.000000 -0.068581 -0.406817 0.000000 1.000000
102.609562 98.823529 0.000000 0.483040 -0.225033 0.000000 1.000000
103.816733 98.823529 0.000000 1.388148 0.070903 0.000000 1.000000
105.023904 98.823529 0.000000 0.086638 -0.849534 0.000000 1.000000
106.231076 98.823529 0.000000 0.830512 0.103294 0.000000 1.000000
107.438247 98.823529 0.000000 0.356336 0.127647 0.000000 1.000000
108.645418 98.823529 0.000000 0.392474 0.117661 0.000000 1.000000
109.852590 98.823529 0.000000 0.947582 1.033567 0.000000 1.000000
111.059761 98.823529 0.000000 0.466162 -0.802563 0.000000 1.000000
112.266932 98.823529 0.000000 -0.097526 0.516673 0.000000 1.000000
113.474104 98.823529 0.000000 0.154233 0.298641 0.000000 1.000000
114.681275 98.823529 0.000000 0.010963 1.005410 0.000000 1.000000
115.888446 98.823529 0.000000 0.007095 -0.268870 0.000000 1.000000
117.095618 98.823529 0.000000 -0.017567 0.011193 0.000000 1.000000
118.302789 98.823529 0.000000 -1.228457 0.303489 0.000000 1.000000
119.509960 98.823529 0.000000 -0.312152 -0.642153 0.000000 1.000000
120.717131 98.823529 0.000000 -0.695365 -0.190778 0.000000 1.000000
121.924303 98.823529 0.000000 -1.787138 -0.289061 0.000000 1.000000
123.131474 98.823529 0.000000 0.619051 -0.236057 0.000000 1.000000
124.338645 98.823529 0.000000 -0.887576 -0.698293 0.000000 1.000000
125.545817 98.823529 0.000000 -0.005246 -1.185658 0.000000 1.000000
126.752988 98.823529 0.000000 -0.716197 -0.111815 0.000000 1.000000
127.960159 98.823529 0.000000 -0.832439 -0.021965 0.000000 1.000000
129.167331 98.823529 0.000000 0.162251 -0.458636 0.000000 1.000000
130.374502 98.823529 0.000000 -0.548434 -0.402608 0.000000 1.000000
131.581673 98.823529 0.000000 -0.288977 0.913241 0.000000 1.000000
132.788845 98.823529 0.000000 -0.585662 0.353623 0.000000 1.000000
133.996016 98.823529 0.000000 -0.431155 0.432814 0.000000 1.000000
135.203187 98.823529 0.000000 0.039905 0.115138 0.000000 1.000000
136.410359 98.823529 0.000000 -0.927413 0.391971 0.000000 1.000000
137.617530 98.823529 0.000000 0.851927 1.124794 0.000000 1.000000
138.824701 98.823529 0.000000 0.295858 -1.143658 0.000000 1.000000
140.031873 98.823529 0.000000 -0.355625 -0.488487 0.000000 1.000000
141.239044 98.823529 0.000000 0.004070 0.122947 0.000000 1.000000
142.446215 98.823529 0.000000 0.108779 0.746959 0.000000 1.000000
143.653386 98.823529 0.000000 -0.790115 0.060289 0.000000 1.000000
144.860558 98.823529 0.000000 -1.428537 0.311822 0.000000 1.000000
146.067729 98.823529 0.000000 -0.714122 0.162087 0.000000 1.000000
147.274900 98.823529 0.000000 1.628913 0.539186 0.000000 1.000000
148.482072 98.823529 0.000000 1.276496 -0.969982 0.000000 1.000000
149.689243 98.823529 0.000000 -0.066146 0.218698 0.000000 1.000000
150.896414 98.823529 0.000000 -0.682674 0.146628 0.000000 1.000000
152.103586 98.823529 0.000000 -0.430142 -0.624652 0.000000 1.000000
153.310757 98.823529 0.000000 -0.540170 -0.388598 0.000000 1.000000
154.517928 98.823529 0.000000 -0.803090 -0.068968 0.000000 1.000000
155.725100 98.823529 0.000000 1.303473 -0.579683 0.000000 1.000000
156.932271 98.823529 0.000000 -0.654142 0.079369 0.000000 1.000000
158.139442 98.823529 0.000000 0.554969 1.492000 0.000000 1.000000
159.346614 98.823529 0.000000 1.108343 1.894934 0.000000 1.000000
160.553785 98.823529 0.000000 0.677387 0.879012 0.000000 1.000000
161.760956 98.823529 0.000000 -0.019805 0.151413 0.000000 1.000000
162.968127 98.823529 0.000000 0.167318 0.836019 0.000000 1.000000
164.175299 98.823529 0.000000 0.710072 0.103110 0.000000 1.000000
165.382470 98.823529 0.000000 0.235303 -0.754601 0.000000 1.000000
166.589641 98.823529 0.000000 -0.418089 -0.406588 0.000000 1.000000
167.796813 98.823529 0.000000 0.809413 0.262800 0.000000 1.000000
169.003984 98.823529 0.000000 0.542441 0.525848 0.000000 1.000000
170.211155 98.823529 0.000000 -1.197683 0.088621 0.000000 1.000000
171.418327 98.823529 0.000000 1.197263 0.271371 0.000000 1.000000
172.625498 98.823529 0.000000 -0.122545 -0.911348 0.000000 1.000000
173.832669 98.823529 0.000000 1.692527 0.756196 0.000000 1.000000
175.039841 98.823529 0.000000 0.628358 -0.287240 0.000000 1.000000
176.247012 98.823529 0.000000 -0.405807 -0.649839 0.000000 1.000000
177.454183 98.823529 0.000000 -0.096069 -0.554660 0.000000 1.000000
178.661355 98.823529 0.000000 0.983505 1.218047 0.000000 1.000000
179.868526 98.823529 0.000000 0.579632 0.379121 0.000000 1.000000
181.075697 98.823529 0.000000 -0.163355 0.121925 0.000000 1.000000
182.282869 98.823529 0.000000 -0.572158 1.650614 0.000000 1.000000
183.490040 98.823529 0.000000 0.313260 0.857052 0.000000 1.000000
184.697211 98.823529 0.000000 -1.149260 0.648979 0.000000 1.000000
185.904382 98.823529 0.000000 0.515239 0.719865 0.000000 1.000000
187.111554 98.823529 0.000000 -0.051282 1.567794 0.000000 1.000000
188.318725 98.823529 0.000000 0.261392 -0.004549 0.000000 1.000000
189.525896 98.823529 0.000000 0.350583 -0.436066 0.000000 1.000000
190.733068 98.823529 0.000000 -0.260311 0.022944 0.000000 1.000000
191.940239 98.823529 0.000000 -1.954410 0.388862 0.000000 1.000000
193.147410 98.823529 0.000000 0.734053 -0.380728 0.000000 1.000000
194.354582 98.823529 0.000000 0.687168 0.372328 0.000000 1.000000
195.561753 98.823529 0.000000 0.789806 -0.584106 0.000000 1.000000
196.768924 98.823529 0.000000 1.366954 -0.182947 0.000000 1.000000
197.976096 98.823529 0.000000 0.524933 -0.155708 0.000000 1.000000
199.183267 98.823529 0.000000 -1.384237 -0.539044 0.000000 1.000000
200.390438 98.823529 0.000000 0.248968 -0.587891 0.000000 1.000000
201.597610 98.823529 0.000000 -0.440918 -0.749772 0.000000 1.000000
202.804781 98.823529 0.000000 -0.663992 -1.173214 0.000000 1.000000
204.011952 98.823529 0.000000 -0.905665 -0.578238 0.000000 1.000000
205.219124 98.823529 0.000000 0.423992 -1.157143 0.000000 1.000000
206.426295 98.823529 0.000000 0.038003 1.292809 0.000000 1.000000
207.633466 98.823529 0.000000 -0.516081 0.222032 0.000000 1.000000
208.840637 98.823529 0.000000 0.555457 -0.225794 0.000000 1.000000
210.047809 98.823529 0.000000 2.146308 -0.376509 0.000000 1.000000
211.254980 98.823529 0.000000 0.897341 0.294249 0.000000 1.000000
212.462151 98.823529 0.000000 0.173743 -0.522788 0.000000 1.000000
213.669323 98.823529 0.000000 0.403446 -0.809621 0.000000 1.000000
214.876494 98.823529 0.000000 0.277718 -0.417529 0.000000 1.000000
216.083665 98.823529 0.000000 0.759968 -0.220298 0.000000 1.000000
217.290837 98.823529 0.000000 0.183624 0.258994 0.000000 1.000000
218.498008 98.823529 0.000000 -0.648444 -0.181501 0.000000 1.000000
219.705179 98.823529 0.000000 -0.034995 -0.741897 0.000000 1.000000
220.912351 98.823529 0.000000 -0.142446 0.248341 0.000000 1.000000
222.119522 98.823529 0.000000 0.423112 0.685057 0.000000 1.000000
223.326693 98.823529 0.000000 0.235524 -0.119380 0.000000 1.000000
224.533865 98.823529 0.000000 -0.580639 1.359907 0.000000 1.000000
225.741036 98.823529 0.000000 -1.194667 0.505790 0.000000 1.000000
226.948207 98.823529 0.000000 0.453562 0.653931 0.000000 1.000000
228.155378 98.823529 0.000000 1.634504 0.312733 0.000000 1.000000
229.362550 98.823529 0.000000 0.381476 0.345176 0.000000 1.000000
230.569721 98.823529 0.000000 0.596245 -0.572088 0.000000 1.000000
231.776892 98.823529 0.000000 0.909638 -0.249681 0.000000 1.000000
232.984064 98.823529 0.000000 -1.140006 0.765689 0.000000 1.000000
234.191235 98.823529 0.000000 -0.220950 0.940259 0.000000 1.000000
235.398406 98.823529 0.000000 0.211828 0.352794 0.000000 1.000000
236.605578 98.823529 0.000000 -0.320818 0.603026 0.000000 1.000000
237.812749 98.823529 0.000000 0.253509 0.140133 0.000000 1.000000
239.019920 98.823529 0.000000 0.026050 -0.093956 0.000000 1.000000
240.227092 98.823529 0.000000 -0.797760 -0.212194 0.000000 1.000000
241.434263 98.823529 0.000000 1.566383 1.021083 0.000000 1.000000
242.641434 98.823529 0.000000 0.364390 -0.959936 0.000000 1.000000
243.848606 98.823529 0.000000 0.045274 -0.007825 0.000000 1.000000
245.055777 98.823529 0.000000 0.165991 0.334512 0.000000 1.000000
246.262948 98.823529 0.000000 0.672038 -0.074585 0.000000 1.000000
247.470120 98.823529 0.000000 -0.521156 -1.222794 0.000000 1.000000
248.677291 98.823529 0.000000 -0.575228 0.714360 0.000000 1.000000
249.884462 98.823529 0.000000 1.446251 0.370117 0.000000 1.000000
251.091633 98.823529 0.000000 -0.096546 0.169082 0.000000 1.000000
252.298805 98.823529 0.000000 -1.827969 -1.053461 0.000000 1.000000
253.505976 98.823529 0.000000 -0.988395 -0.869537 0.000000 1.000000
254.713147 98.823529 0.000000 0.152811 0.397984 0.000000 1.000000
255.920319 98.823529 0.000000 -1.736721 1.415139 0.000000 1.000000
257.127490 98.823529 0.000000 0.739801 0.587806 0.000000 1.000000
258.334661 98.823529 0.000000 -0.647010 -0.578715 0.000000 1.000000
259.541833 98.823529 0.000000 0.284055 -0.509262 0.000000 1.000000
260.749004 98.823529 0.000000 0.885683 0.377571 0.000000 1.000000
261.956175 98.823529 0.000000 -0.064029 1.008061 0.000000 1.000000
263.163347 98.823529 0.000000 -0.098721 -0.307785 0.000000 1.000000
264.370518 98.823529 0.000000 -0.848141 -0.675825 0.000000 1.000000
265.577689 98.823529 0.000000 1.354319 0.270926 0.000000 1.000000
266.784861 98.823529 0.000000 -0.554958 -0.943343 0.000000 1.000000
267.992032 98.823529 0.000000 0.246065 -0.624840 0.000000 1.000000
269.199203 98.823529 0.000000 -0.589077 -0.038347 0.000000 1.000000
270.406375 98.823529 0.000000 -0.197291 -0.693867 0.000000 1.000000
271.613546 98.823529 0.000000 0.181001 -0.490399 0.000000 1.000000
272.820717 98.823529 0.000000 0.605126 -0.064259 0.000000 1.000000
274.027888 98.823529 0.000000 -0.243312 0.459617 0.000000 1.000000
275.235060 98.823529 0.000000 0.243692 0.324835 0.000000 1.000000
276.442231 98.823529 0.000000 0.826006 0.445135 0.000000 1.000000
277.649402 98.823529 0.000000 0.248957 0.222020 0.000000 1.000000
278.856574 98.823529 0.000000 -0.381995 0.121383 0.000000 1.000000
280.063745 98.823529 0.000000 1.085717 0.534586 0.000000 1.000000
281.270916 98.823529 0.000000 -0.355230 -0.865623 0.000000 1.000000
282.478088 98.823529 0.000000 -0.148373 -0.746845 0.000000 1.000000
283.685259 98.823529 0.000000 0.729223 0.702603 0.000000 1.000000
284.892430 98.823529 0.000000 0.838154 -0.321862 0.000000 1.000000
286.099602 98.823529 0.000000 -1.418920 -0.876861 0.000000 1.000000
287.306773 98.823529 0.000000 0.199840 0.769697 0.000000 1.000000
288.513944 98.823529 0.000000 0.402926 0.081576 0.000000 1.000000
289.721116 98.823529 0.000000 0.093580 0.238466 0.000000 1.000000
290.928287 98.823529 0.000000 1.357634 0.265793 0.000000 1.000000
292.135458 98.823529 0.000000 -0.006606 0.448883 0.000000 1.000000
293.342629 98.823529 0.000000 -1.036556 0.010035 0.000000 1.000000
294.549801 98.823529 0.000000 -0.888998 0.661805 0.000000 1.000000
295.756972 98.823529 0.000000 -0.168807 0.332506 0.000000 1.000000
296.964143 98.823529 0.000000 -0.857397 1.627806 0.000000 1.000000
298.171315 98.823529 0.000000 -0.543476 0.282738 0.000000 1.000000
299.378486 98.823529 0.000000 0.788075 -0.468478 0.000000 1.000000
300.585657 98.823529 0.000000 -0.027153 -0.087637 0.000000 1.000000
301.792829 98.823529 0.000000 0.363461 -1.723926 0.000000 1.000000
1.207171 102.352941 0.000000 -0.705573 0.406794 0.000000 1.000000
2.414343 102.352941 0.000000 0.399012 -0.034721 0.000000 1.000000
3.621514 102.352941 0.000000 0.390900 -0.353864 0.000000 1.000000
4.828685 102.352941 0.000000 -1.409654 -1.083418 0.000000 1.000000
6.035857 102.352941 0.000000 0.942915 -0.626748 0.000000 1.000000
7.243028 102.352941 0.000000 -1.056157 0.593475 0.000000 1.000000
8.450199 102.352941 0.000000 -0.755565 -0.825411 0.000000 1.000000
9.657371 102.352941 0.000000 0.211615 -0.655025 0.000000 1.000000
10.864542 102.352941 0.000000 0.811490 0.008483 0.000000 1.000000
12.071713 102.352941 0.000000 0.375024 -0.750047 0.000000 1.000000
13.278884 102.352941 0.000000 0.153629 0.611386 0.000000 1.000000
14.486056 102.352941 0.000000 -0.627375 -0.975402 0.000000 1.000000
15.693227 102.352941 0.000000 -0.869935 -0.032705 0.000000 1.000000
16.900398 102.352941 0.000000 1.728490 -1.443308 0.000000 1.000000
18.107570 102.352941 0.000000 -0.740629 -0.637426 0.000000 1.000000
19.314741 102.352941 0.000000 -1.587605 0.682112 0.000000 1.000000
20.521912 102.352941 0.000000 0.241657 -0.745956 0.000000 1.000000
21.729084 102.352941 0.000000 -0.172051 -0.878787 0.000000 1.000000
22.936255 102.352941 0.000000 -1.152574 -0.292013 0.000000 1.000000
24.143426 102.352941 0.000000 0.610817 0.170063 0.000000 1.000000
25.350598 102.352941 0.000000 -0.829874 0.540619 0.000000 1.000000
26.557769 102.352941 0.000000 0.208070 -0.780071 0.000000 1.000000
27.764940 102.352941 0.000000 1.172923 -1.132036 0.000000 1.000000
28.972112 102.352941 0.000000 0.830664 -0.503284 0.000000 1.000000
30.179283 102.352941 0.000000 0.073115 0.605418 0.000000 1.000000
31.386454 102.352941 0.000000 -0.650153 -0.422978 0.000000 1.000000
32.593625 102.352941 0.000000 -0.319618 0.971143 0.000000 1.000000
33.800797 102.352941 0.000000 0.495165 0.117481 0.000000 1.000000
35.007968 102.352941 0.000000 0.446298 -0.311589 0.000000 1.000000
36.215139 102.352941 0.000000 -0.084225 0.860298 0.000000 1.000000
37.422311 102.352941 0.000000 1.686007 0.433659 0.000000 1.000000
38.629482 102.352941 0.000000 -0.675724 0.217477 0.000000 1.000000
39.836653 102.352941 0.000000 -1.615330 0.754325 0.000000 1.000000
41.043825 102.352941 0.000000 0.182408 -0.540544 0.000000 1.000000
42.250996 102.352941 0.000000 0.349856 -0.822915 0.000000 1.000000
43.458167 102.352941 0.000000 -0.723445 0.411447 0.000000 1.000000
44.665339 102.352941 0.000000 1.202380 -0.374693 0.000000 1.000000
45.872510 102.352941 0.000000 -0.385724 -0.471404 0.000000 1.000000
47.079681 102.352941 0.000000 -0.185631 -0.140513 0.000000 1.000000
48.286853 102.352941 0.000000 0.488379 -0.039722 0.000000 1.000000
49.494024 102.352941 0.000000 -0.308389 -0.499631 0.000000 1.000000
50.701195 102.352941 0.000000 0.385822 0.338775 0.000000 1.000000
51.908367 102.352941 0.000000 0.904592 -0.066545 0.000000 1.000000
53.115538 102.352941 0.000000 -0.420997 0.775976 0.000000 1.000000
54.322709 102.352941 0.000000 0.330140 1.017362 0.000000 1.000000
55.529880 102.352941 0.000000 0.894643 0.484196 0.000000 1.000000
56.737052 102.352941 0.000000 0.136150 -0.053110 0.000000 1.000000
57.944223 102.352941 0.000000 0.805591 0.851464 0.000000 1.000000
59.151394 102.352941 0.000000 -0.053637 1.028212 0.000000 1.000000
60.358566 102.352941 0.000000 -0.346119 -0.651693 0.000000 1.000000
61.565737 102.352941 0.000000 0.396389 -0.271658 0.000000 1.000000
62.772908 102.352941 0.000000 0.164647 0.269236 0.000000 1.000000
63.980080 102.352941 0.000000 0.553055 -0.258547 0.000000 1.000000
65.187251 102.352941 0.000000 -0.860983 -0.239868 0.000000 1.000000
66.394422 102.352941 0.000000 1.831150 0.836629 0.000000 1.000000
67.601594 102.352941 0.000000 0.967784 -0.995529 0.000000 1.000000
68.808765 102.352941 0.000000 0.522813 0.005461 0.000000 1.000000
70.015936 102.352941 0.000000 0.224931 -1.242893 0.000000 1.000000
71.223108 102.352941 0.000000 1.720899 -0.632961 0.000000 1.000000
72.430279 102.352941 0.000000 0.585962 0.500873 0.000000 1.000000
73.637450 102.352941 0.000000 0.870659 0.827424 0.000000 1.000000
74.844622 102.352941 0.000000 0.145626 -0.783124 0.000000 1.000000
76.051793 102.352941 0.000000 0.755541 0.723356 0.000000 1.000000
77.258964 102.352941 0.000000 -0.052531 0.284726 0.000000 1.000000
78.466135 102.352941 0.000000 0.159772 -0.645897 0.000000 1.000000
79.673307 102.352941 0.000000 -0.349430 0.291198 0.000000 1.000000
80.880478 102.352941 0.000000 1.068998 -0.390930 0.000000 1.000000
82.087649 102.352941 0.000000 0.833574 -0.527986 0.000000 1.000000
83.294821 102.352941 0.000000 1.183462 -0.235769 0.000000 1.000000
84.501992 102.352941 0.000000 0.419924 -0.026300 0.000000 1.000000
85.709163 102.352941 0.000000 -0.470328 0.713873 0.000000 1.000000
86.916335 102.352941 0.000000 -0.172694 -0.436978 0.000000 1.000000
88.123506 102.352941 0.000000 1.187722 -0.071888 0.000000 1.000000
89.330677 102.352941 0.000000 -0.383908 0.512875 0.000000 1.000000
90.537849 102.352941 0.000000 -0.913060 0.756555 0.000000 1.000000
91.745020 102.352941 0.000000 0.673943 0.507933 0.000000 1.000000
92.952191 102.352941 0.000000 0.184636 -0.457681 0.000000 1.000000
94.159363 102.352941 0.000000 0.369599 0.931439 0.000000 1.000000
95.366534 102.352941 0.000000 0.172011 -1.166324 0.000000 1.000000
96.573705 102.352941 0.000000 2.033883 0.903814 0.000000 1.000000
97.780876 102.352941 0.000000 0.150197 1.017958 0.000000 1.000000
98.988048 102.352941 0.000000 0.704777 -0.435271 0.000000 1.000000
100.195219 102.352941 0.000000 0.091002 -0.699376 0.000000 1.000000
101.402390 102.352941 0.000000 -0.294931 -0.373276 0.000000 1.000000
102.609562 102.352941 0.000000 0.749405 0.196927 0.000000 1.000000
103.816733 102.352941 0.000000 0.662133 0.010014 0.000000 1.000000
105.023904 102.352941 0.000000 1.642973 -0.133129 0.000000 1.000000
106.231076 102.352941 0.000000 -0.435896 -0.594870 0.000000 1.000000
107.438247 102.352941 0.000000 0.976311 -1.598861 0.000000 1.000000
108.645418 102.352941 0.000000 0.192753 -0.233030 0.000000 1.000000
109.852590 102.352941 0.000000 0.523944 -0.798002 0.000000 1.000000
111.059761 102.352941 0.000000 -0.326433 -0.137935 0.000000 1.000000
112.266932 102.352941 0.000000 0.542713 0.616576 0.000000 1.000000
113.474104 102.352941 0.000000 1.136951 -0.033101 0.000000 1.000000
114.681275 102.352941 0.000000 -0.534693 0.828300 0.000000 1.000000
115.888446 102.352941 0.000000 1.314585 0.266662 0.000000 1.000000
117.095618 102.352941 0.000000 -0.250540 0.552613 0.000000 1.000000
118.302789 102.352941 0.000000 0.257797 -0.535302 0.000000 1.000000
119.509960 102.352941 0.000000 0.149558 -0.189867 0.000000 1.000000
120.717131 102.352941 0.000000 -0.566210 1.728369 0.000000 1.000000
121.924303 102.352941 0.000000 0.356134 0.408869 0.000000 1.000000
123.131474 102.352941 0.000000 -0.296733 0.274288 0.000000 1.000000
124.338645 102.352941 0.000000 -0.390634 0.609968 0.000000 1.000000
125.545817 102.352941 0.000000 0.776378 0.386596 0.000000 1.000000
126.752988 102.352941 0.000000 0.540474 0.270574 0.000000 1.000000
127.960159 102.352941 0.000000 -0.047073 0.138789 0.000000 1.000000
129.167331 102.352941 0.000000 0.625440 -0.079536 0.000000 1.000000
130.374502 102.352941 0.000000 -0.339607 -1.391606 0.000000 1.000000
131.581673 102.352941 0.000000 0.872784 -0.406948 0.000000 1.000000
132.788845 102.352941 0.000000 0.399368 -0.544421 0.000000 1.000000
133.996016 102.352941 0.000000 0.457429 0.306305 0.000000 1.000000
135.203187 102.352941 0.000000 -0.744438 1.274863 0.000000 1.000000
136.410359 102.352941 0.000000 0.200324 0.439907 0.000000 1.000000
137.617530 102.352941 0.000000 0.159340 -0.493160 0.000000 1.000000
138.824701 102.352941 0.000000 -0.225427 1.332856 0.000000 1.000000
140.031873 102.352941 0.000000 -0.839631 -0.279387 0.000000 1.000000
141.239044 102.352941 0.000000 0.818443 -1.004782 0.000000 1.000000
142.446215 102.352941 0.000000 -0.884882 -0.286354 0.000000 1.000000
143.653386 102.352941 0.000000 -0.217324 -0.558316 0.000000 1.000000
144.860558 102.352941 0.000000 -0.562782 -0.197510 0.000000 1.000000
146.067729 102.352941 0.000000 0.934539 -0.727616 0.000000 1.000000
147.274900 102.352941 0.000000 1.532706 0.395728 0.000000 1.000000
148.482072 102.352941 0.000000 -0.908491 0.492488 0.000000 1.000000
149.689243 102.352941 0.000000 -0.027982 0.224073 0.000000 1.000000
150.896414 102.352941 0.000000 1.566178 0.716681 0.000000 1.000000
152.103586 102.352941 0.000000 -0.286075 -0.182550 0.000000 1.000000
153.310757 102.352941 0.000000 -0.787937 0.109246 0.000000 1.000000
154.517928 102.352941 0.000000 -0.568438 0.671360 0.000000 1.000000
155.725100 102.352941 0.000000 -0.085096 0.936063 0.000000 1.000000
156.932271 102.352941 0.000000 -1.165741 -0.476995 0.000000 1.000000
158.139442 102.352941 0.000000 0.373264 0.206114 0.000000 1.000000
159.346614 102.352941 0.000000 -0.546667 -0.742536 0.000000 1.000000
160.553785 102.352941 0.000000 0.667709 -0.747226 0.000000 1.000000
161.760956 102.352941 0.000000 0.493268 0.046964 0.000000 1.000000
162.968127 102.352941 0.000000 -0.112319 -0.421461 0.000000 1.000000
164.175299 102.352941 0.000000 1.361114 -0.379860 0.000000 1.000000
165.382470 102.352941 0.000000 -2.134284 -0.135488 0.000000 1.000000
166.589641 102.352941 0.000000 0.859490 0.023090 0.000000 1.000000
167.796813 102.352941 0.000000 -0.184032 1.239253 0.000000 1.000000
169.003984 102.352941 0.000000 0.074485 -0.455033 0.000000 1.000000
170.211155 102.352941 0.000000 -0.236811 -0.078322 0.000000 1.000000
171.418327 102.352941 0.000000 0.253930 1.011665 0.000000 1.000000
172.625498 102.352941 0.000000 0.305949 0.804752 0.000000 1.000000
173.832669 102.352941 0.000000 -0.402328 0.591865 0.000000 1.000000
175.039841 102.352941 0.000000 -1.308784 -0.844731 0.000000 1.000000
176.247012 102.352941 0.000000 -0.125838 0.514759 0.000000 1.000000
177.454183 102.352941 0.000000 0.225314 -0.292176 0.000000 1.000000
178.661355 102.352941 0.000000 -0.896912 0.485750 0.000000 1.000000
179.868526 102.352941 0.000000 -1.951675 0.022999 0.000000 1.000000
181.075697 102.352941 0.000000 -0.382221 0.252113 0.000000 1.000000
182.282869 102.352941 0.000000 -0.007209 0.364840 0.000000 1.000000
183.490040 102.352941 0.000000 0.405239 0.921562 0.000000 1.000000
184.697211 102.352941 0.000000 0.768355 0.716199 0.000000 1.000000
185.904382 102.352941 0.000000 0.136008 0.144306 0.000000 1.000000
187.111554 102.352941 0.000000 1.168314 -0.019104 0.000000 1.000000
188.318725 102.352941 0.000000 -0.126527 -1.071462 0.000000 1.000000
189.525896 102.352941 0.000000 0.332411 0.362387 0.000000 1.000000
190.733068 102.352941 0.000000 0.894187 -0.238766 0.000000 1.000000
191.940239 102.352941 0.000000 -0.650356 -0.922363 0.000000 1.000000
193.147410 102.352941 0.000000 0.056312 -0.108641 0.000000 1.000000
194.354582 102.352941 0.000000 0.375822 0.293796 0.000000 1.000000
195.561753 102.352941 0.000000 0.698814 0.888737 0.000000 1.000000
196.768924 102.352941 0.000000 0.315729 -1.395128 0.000000 1.000000
197.976096 102.352941 0.000000 -0.331199 0.642671 0.000000 1.000000
199.183267 102.352941 0.000000 -0.575303 -0.905413 0.000000 1.000000
200.390438 102.352941 0.000000 -0.445130 0.159672 0.000000 1.000000
201.597610 102.352941 0.000000 -0.318553 -0.366618 0.000000 1.000000
202.804781 102.352941 0.000000 -0.862774 1.132989 0.000000 1.000000
204.011952 102.352941 0.000000 0.654210 -0.816114 0.000000 1.000000
205.219124 102.352941 0.000000 -1.722813 0.103827 0.000000 1.000000
206.426295 102.352941 0.000000 -0.498267 0.200932 0.000000 1.000000
207.633466 102.352941 0.000000 -0.379971 0.163639 0.000000 1.000000
208.840637 102.352941 0.000000 0.262102 -1.318877 0.000000 1.000000
210.047809 102.352941 0.000000 -0.009451 -0.867367 0.000000 1.000000
211.254980 102.352941 0.000000 0.097446 0.322288 0.000000 1.000000
212.462151 102.352941 0.000000 -0.134126 0.556135 0.000000 1.000000
213.669323 102.352941 0.000000 0.535220 1.080201 0.000000 1.000000
214.876494 102.352941 0.000000 -1.182686 0.195251 0.000000 1.000000
216.083665 102.352941 0.000000 0.713439 0.304986 0.000000 1.000000
217.290837 102.352941 0.000000 -0.165711 0.470622 0.000000 1.000000
218.498008 102.352941 0.000000 0.428178 1.340001 0.000000 1.000000
219.705179 102.352941 0.000000 0.969432 -1.545007 0.000000 1.000000
220.912351 102.352941 0.000000 -0.099962 0.797440 0.000000 1.000000
222.119522 102.352941 0.000000 -0.350654 0.137988 0.000000 1.000000
223.326693 102.352941 0.000000 0.196700 -1.004190 0.000000 1.000000
224.533865 102.352941 0.000000 -1.553052 1.370656 0.000000 1.000000
225.741036 102.352941 0.000000 -0.960650 -0.329186 0.000000 1.000000
226.948207 102.352941 0.000000 0.342570 0.434882 0.000000 1.000000
228.155378 102.352941 0.000000 -0.373691 0.387906 0.000000 1.000000
229.362550 102.352941 0.000000 1.144187 0.813355 0.000000 1.000000
230.569721 102.352941 0.000000 -0.606520 -0.068473 0.000000 1.000000
231.776892 102.352941 0.000000 -0.210138 0.139562 0.000000 1.000000
232.984064 102.352941 0.000000 0.324104 -0.095007 0.000000 1.000000
234.191235 102.352941 0.000000 0.433206 -0.325622 0.000000 1.000000
235.398406 102.352941 0.000000 0.063364 1.771710 0.000000 1.000000
236.605578 102.352941 0.000000 1.263955 -0.587175 0.000000 1.000000
237.812749 102.352941 0.000000 -1.434973 -0.729800 0.000000 1.000000
239.019920 102.352941 0.000000 0.875907 -0.474201 0.000000 1.000000
240.227092 102.352941 0.000000 0.057149 -0.013686 0.000000 1.000000
241.434263 102.352941 0.000000 0.608198 -0.167368 0.000000 1.000000
242.641434 102.352941 0.000000 -0.333005 -0.840052 0.000000 1.000000
243.848606 102.352941 0.000000 -0.035175 -0.021313 0.000000 1.000000
245.055777 102.352941 0.000000 0.117562 0.312170 0.000000 1.000000
246.262948 102.352941 0.000000 -0.417005 1.121919 0.000000 1.000000
247.470120 102.352941 0.000000 -0.009751 1.272245 0.000000 1.000000
248.677291 102.352941 0.000000 -0.853476 -0.518669 0.000000 1.000000
249.884462 102.352941 0.000000 -0.868533 -1.580811 0.000000 1.000000
251.091633 102.352941 0.000000 -0.609780 -0.270175 0.000000 1.000000
252.298805 102.352941 0.000000 -0.721616 0.672477 0.000000 1.000000
253.505976 102.352941 0.000000 0.483067 -0.404107 0.000000 1.000000
254.713147 102.352941 0.000000 0.415999 -0.523223 0.000000 1.000000
255.920319 102.352941 0.000000 0.048504 -0.876077 0.000000 1.000000
257.127490 102.352941 0.000000 -0.750390 0.026816 0.000000 1.000000
258.334661 102.352941 0.000000 -1.000006 -0.419065 0.000000 1.000000
259.541833 102.352941 0.000000 1.198576 0.902901 0.000000 1.000000
260.749004 102.352941 0.000000 0.165947 1.403907 0.000000 1.000000
261.956175 102.352941 0.000000 0.203225 0.694652 0.000000 1.000000
263.163347 102.352941 0.000000 0.274079 -0.012456 0.000000 1.000000
264.370518 102.352941 0.000000 -0.811767 -1.757144 0.000000 1.000000
265.577689 102.352941 0.000000 -0.356593 0.132248 0.000000 1.000000
266.784861 102.352941 0.000000 -0.037699 -0.500567 0.000000 1.000000
267.992032 102.352941 0.000000 0.446254 0.305724 0.000000 1.000000
269.199203 102.352941 0.000000 0.631292 -0.362088 0.000000 1.000000
270.406375 102.352941 0.000000 1.013038 -0.060834 0.000000 1.000000
271.613546 102.352941 0.000000 1.150574 -0.960050 0.000000 1.000000
272.820717 102.352941 0.000000 1.334412 0.883160 0.000000 1.000000
274.027888 102.352941 0.000000 -0.239560 -0.207884 0.000000 1.000000
275.235060 102.352941 0.000000 -0.002277 0.949560 0.000000 1.000000
276.442231 102.352941 0.000000 -0.037935 -1.673894 0.000000 1.000000
277.649402 102.352941 0.000000 0.044001 0.797213 0.000000 1.000000
278.856574 102.352941 0.000000 -0.072770 0.415857 0.000000 1.000000
280.063745 102.352941 0.000000 0.052180 -1.146375 0.000000 1.000000
281.270916 102.352941 0.000000 0.733134 -0.372121 0.000000 1.000000
282.478088 102.352941 0.000000 1.258400 -0.066770 0.000000 1.000000
283.685259 102.352941 0.000000 0.246526 -0.216441 0.000000 1.000000
284.892430 102.352941 0.000000 -0.510625 -0.017347 0.000000 1.000000
286.099602 102.352941 0.000000 -0.008946 -0.009894 0.000000 1.000000
287.306773 102.352941 0.000000 -0.546379 -1.564312 0.000000 1.000000
288.513944 102.352941 0.000000 0.018468 -0.906715 0.000000 1.000000
289.721116 102.352941 0.000000 0.593926 0.989335 0.000000 1.000000
290.928287 102.352941 0.000000 0.913702 -0.116845 0.000000 1.000000
292.135458 102.352941 0.000000 -0.230013 -0.406897 0.000000 1.000000
293.342629 102.352941 0.000000 0.226347 -0.469654 0.000000 1.000000
294.549801 102.352941 0.000000 0.426454 0.119118 0.000000 1.000000
295.756972 102.352941 0.000000 0.218624 -0.420503 0.000000 1.000000
296.964143 102.352941 0.000000 -0.070532 0.235996 0.000000 1.000000
298.171315 102.352941 0.000000 -0.933149 0.301052 0.000000 1.000000
299.378486 102.352941 0.000000 1.114838 0.218104 0.000000 1.000000
300.585657 102.352941 0.000000 -0.110029 -0.672337 0.000000 1.000000
301.792829 102.352941 0.000000 0.049149 -1.200984 0.000000 1.000000
1.207171 105.882353 0.000000 0.381329 -0.653264 0.000000 1.000000
2.414343 105.882353 0.000000 -0.509625 -1.244087 0.000000 1.000000
3.621514 105.882353 0.000000 0.372297 0.574233 0.000000 1.000000
4.828685 105.882353 0.000000 0.089291 0.161015 0.000000 1.000000
6.035857 105.882353 0.000000 0.616542 1.207092 0.000000 1.000000
7.243028 105.882353 0.000000 -0.261599 0.137366 0.000000 1.000000
8.450199 105.882353 0.000000 0.150961 0.225015 0.000000 1.000000
9.657371 105.882353 0.000000 -0.650495 0.378706 0.000000 1.000000
10.864542 105.882353 0.000000 -0.132912 -0.410676 0.000000 1.000000
12.071713 105.882353 0.000000 -0.253273 -1.094902 0.000000 1.000000
13.278884 105.882353 0.000000 0.647954 -0.585597 0.000000 1.000000
14.486056 105.882353 0.000000 0.768475 -0.557368 0.000000 1.000000
15.693227 105.882353 0.000000 0.911447 -0.228084 0.000000 1.000000
16.900398 105.882353 0.000000 -0.374810 0.675112 0.000000 1.000000
18.107570 105.882353 0.000000 0.450763 -0.841268 0.000000 1.000000
19.314741 105.882353 0.000000 -0.263063 -0.422394 0.000000 1.000000
20.521912 105.882353 0.000000 -0.412934 0.131270 0.000000 1.000000
21.729084 105.882353 0.000000 0.397261 -0.661841 0.000000 1.000000
22.936255 105.882353 0.000000 -0.387869 0.878808 0.000000 1.000000
24.143426 105.882353 0.000000 1.131360 -0.571306 0.000000 1.000000
25.350598 105.882353 0.000000 0.239140 -0.406883 0.000000 1.000000
26.557769 105.882353 0.000000 -0.343803 1.161960 0.000000 1.000000
27.764940 105.882353 0.000000 -0.301810 0.062159 0.000000 1.000000
28.972112 105.882353 0.000000 -1.100856 -0.623166 0.000000 1.000000
30.179283 105.882353 0.000000 0.164027 0.162639 0.000000 1.000000
31.386454 105.882353 0.000000 -0.071607 -0.875835 0.000000 1.000000
32.593625 105.882353 0.000000 0.564753 -0.713830 0.000000 1.000000
33.800797 105.882353 0.000000 -0.808044 0.624210 0.000000 1.000000
35.007968 105.882353 0.000000 -0.304858 -1.271951 0.000000 1.000000
36.215139 105.882353 0.000000 0.420514 0.139602 0.000000 1.000000
37.422311 105.882353 0.000000 0.899700 -0.896564 0.000000 1.000000
38.629482 105.882353 0.000000 0.013264 0.222347 0.000000 1.000000
39.836653 105.882353 0.000000 0.556909 -0.693938 0.000000 1.000000
41.043825 105.882353 0.000000 0.785756 0.389941 0.000000 1.000000
42.250996 105.882353 0.000000 0.746282 0.427071 0.000000 1.000000
43.458167 105.882353 0.000000 0.457453 0.299543 0.000000 1.000000
44.665339 105.882353 0.000000 -1.265204 -0.406870 0.000000 1.000000
45.872510 105.882353 0.000000 0.789598 0.218754 0.000000 1.000000
47.079681 105.882353 0.000000 0.203149 -0.335733 0.000000 1.000000
48.286853 105.882353 0.000000 0.272226 -1.066418 0.000000 1.000000
49.494024 105.882353 0.000000 0.338141 0.207512 0.000000 1.000000
50.701195 105.882353 0.000000 -0.692855 0.256942 0.000000 1.000000
51.908367 105.882353 0.000000 -0.193087 -0.220922 0.000000 1.000000
53.115538 105.882353 0.000000 0.049667 -0.789923 0.000000 1.000000
54.322709 105.882353 0.000000 -0.928544 -2.021795 0.000000 1.000000
55.529880 105.882353 0.000000 -0.096425 0.150855 0.000000 1.000000
56.737052 105.882353 0.000000 0.165626 0.006565 0.000000 1.000000
57.944223 105.882353 0.000000 -0.080162 -0.140164 0.000000 1.000000
59.151394 105.882353 0.000000 0.063835 -0.168866 0.000000 1.000000
60.358566 105.882353 0.000000 -0.524047 1.063520 0.000000 1.000000
61.565737 105.882353 0.000000 0.334100 -0.882767 0.000000 1.000000
62.772908 105.882353 0.000000 0.398666 0.222569 0.000000 1.000000
63.980080 105.882353 0.000000 0.307359 -0.098909 0.000000 1.000000
65.187251 105.882353 0.000000 0.184300 -0.865900 0.000000 1.000000
66.394422 105.882353 0.000000 -0.860995 0.893400 0.000000 1.000000
67.601594 105.882353 0.000000 -0.009629 -0.969046 0.000000 1.000000
68.808765 105.882353 0.000000 -0.406057 -2.077298 0.000000 1.000000
70.015936 105.882353 0.000000 -0.406625 0.969325 0.000000 1.000000
71.223108 105.882353 0.000000 0.231679 -0.810075 0.000000 1.000000
72.430279 105.882353 0.000000 -0.146061 0.563976 0.000000 1.000000
73.637450 105.882353 0.000000 0.479039 0.742398 0.000000 1.000000
74.844622 105.882353 0.000000 0.627880 0.836152 0.000000 1.000000
76.051793 105.882353 0.000000 -0.563920 -0.150225 0.000000 1.000000
77.258964 105.882353 0.000000 -1.197316 -0.173700 0.000000 1.000000
78.466135 105.882353 0.000000 0.770935 1.064276 0.000000 1.000000
79.673307 105.882353 0.000000 -0.239412 0.950976 0.000000 1.000000
80.880478 105.882353 0.000000 0.665942 0.176622 0.000000 1.000000
82.087649 105.882353 0.000000 0.730678 0.184099 0.000000 1.000000
83.294821 105.882353 0.000000 0.942848 0.151522 0.000000 1.000000
84.501992 105.882353 0.000000 0.549851 0.004184 0.000000 1.000000
85.709163 105.882353 0.000000 0.017563 0.645161 0.000000 1.000000
86.916335 105.882353 0.000000 -0.364528 0.556635 0.000000 1.000000
88.123506 105.882353 0.000000 -0.865012 -0.092098 0.000000 1.000000
89.330677 105.882353 0.000000 -0.753484 0.505063 0.000000 1.000000
90.537849 105.882353 0.000000 0.035445 0.394994 0.000000 1.000000
91.745020 105.882353 0.000000 -0.062235 0.499240 0.000000 1.000000
92.952191 105.882353 0.000000 -0.453095 0.931406 0.000000 1.000000
94.159363 105.882353 0.000000 -0.876053 0.972678 0.000000 1.000000
95.366534 105.882353 0.000000 0.149847 -0.674778 0.000000 1.000000
96.573705 105.882353 0.000000 1.080381 0.285610 0.000000 1.000000
97.780876 105.882353 0.000000 -0.165427 -0.170567 0.000000 1.000000
98.988048 105.882353 0.000000 0.189518 0.695863 0.000000 1.000000
100.195219 105.882353 0.000000 0.558223 -0.716119 0.000000 1.000000
101.402390 105.882353 0.000000 -0.916381 -0.845221 0.000000 1.000000
102.609562 105.882353 0.000000 0.983546 0.099982 0.000000 1.000000
103.816733 105.882353 0.000000 -1.095209 -1.267083 0.000000 1.000000
105.023904 105.882353 0.000000 0.401873 -0.211578 0.000000 1.000000
106.231076 105.882353 0.000000 0.512694 0.214688 0.000000 1.000000
107.438247 105.882353 0.000000 0.345344 0.099656 0.000000 1.000000
108.645418 105.882353 0.000000 -1.043425 0.839055 0.000000 1.000000
109.852590 105.882353 0.000000 0.639532 0.628540 0.000000 1.000000
111.059761 105.882353 0.000000 -0.069783 -0.018401 0.000000 1.000000
112.266932 105.882353 0.000000 -0.385813 -0.393730 0.000000 1.000000
113.474104 105.882353 0.000000 0.274761 -0.351371 0.000000 1.000000
114.681275 105.882353 0.000000 0.787112 -0.269884 0.000000 1.000000
115.888446 105.882353 0.000000 0.772080 -0.363652 0.000000 1.000000
117.095618 105.882353 0.000000 -0.866197 0.827378 0.000000 1.000000
118.302789 105.882353 0.000000 -0.253831 -0.051065 0.000000 1.000000
119.509960 105.882353 0.000000 -0.046155 0.402144 0.000000 1.000000
120.717131 105.882353 0.000000 1.000522 0.431613 0.000000 1.000000
121.924303 105.882353 0.000000 -0.433846 -0.407820 0.000000 1.000000
123.131474 105.882353 0.000000 0.438645 0.803554 0.000000 1.000000
124.338645 105.882353 0.000000 -0.555239 -1.007233 0.000000 1.000000
125.545817 105.882353 0.000000 -0.347896 0.222355 0.000000 1.000000
126.752988 105.882353 0.000000 0.033379 0.731569 0.000000 1.000000
127.960159 105.882353 0.000000 -0.139926 -0.668654 0.000000 1.000000
129.167331 105.882353 0.000000 -0.134754 -0.861869 0.000000 1.000000
130.374502 105.882353 0.000000 0.136596 0.587563 0.000000 1.000000
131.581673 105.882353 0.000000 0.051407 -0.293682 0.000000 1.000000
132.788845 105.882353 0.000000 0.919524 -0.943545 0.000000 1.000000
133.996016 105.882353 0.000000 -0.519386 1.933502 0.000000 1.000000
135.203187 105.882353 0.000000 -0.510000 0.416759 0.000000 1.000000
136.410359 105.882353 0.000000 0.001815 -1.196028 0.000000 1.000000
137.617530 105.882353 0.000000 0.138383 -0.160357 0.000000 1.000000
138.824701 105.882353 0.000000 -0.419119 0.285764 0.000000 1.000000
140.031873 105.882353 0.000000 -0.290271 -0.581130 0.000000 1.000000
141.239044 105.882353 0.000000 -0.240791 -0.544095 0.000000 1.000000
142.446215 105.882353 0.000000 1.505709 -0.400072 0.000000 1.000000
143.653386 105.882353 0.000000 0.293777 0.037825 0.000000 1.000000
144.860558 105.882353 0.000000 -0.522281 0.501737 0.000000 1.000000
146.067729 105.882353 0.000000 -0.109404 0.570235 0.000000 1.000000
147.274900 105.882353 0.000000 -1.154639 -0.600103 0.000000 1.000000
148.482072 105.882353 0.000000 -1.581192 -0.057311 0.000000 1.000000
149.689243 105.882353 0.000000 0.157729 -1.140043 0.000000 1.000000
150.896414 105.882353 0.000000 -0.610527 0.657731 0.000000 1.000000
152.103586 105.882353 0.000000 -0.443728 -0.008183 0.000000 1.000000
153.310757 105.882353 0.000000 0.630365 -0.075918 0.000000 1.000000
154.517928 105.882353 0.000000 0.779500 -0.141712 0.000000 1.000000
155.725100 105.882353 0.000000 0.123451 -0.224961 0.000000 1.000000
156.932271 105.882353 0.000000 -0.074373 -0.186557 0.000000 1.000000
158.139442 105.882353 0.000000 -0.094471 -0.229959 0.000000 1.000000
159.346614 105.882353 0.000000 0.314492 -0.422302 0.000000 1.000000
160.553785 105.882353 0.000000 0.418614 -0.248020 0.000000 1.000000
161.760956 105.882353 0.000000 0.062141 -0.664795 0.000000 1.000000
162.968127 105.882353 0.000000 0.258178 -0.486287 0.000000 1.000000
164.175299 105.882353 0.000000 -0.442025 1.013812 0.000000 1.000000
165.382470 105.882353 0.000000 -0.395602 0.302203 0.000000 1.000000
166.589641 105.882353 0.000000 0.206631 0.249330 0.000000 1.000000
167.796813 105.882353 0.000000 0.792608 0.530340 0.000000 1.000000
169.003984 105.882353 0.000000 -1.115325 -0.190782 0.000000 1.000000
170.211155 105.882353 0.000000 0.205913 -0.867767 0.000000 1.000000
171.418327 105.882353 0.000000 -0.369530 -0.297276 0.000000 1.000000
172.625498 105.882353 0.000000 -0.831941 -0.557854 0.000000 1.000000
173.832669 105.882353 0.000000 0.158299 0.462671 0.000000 1.000000
175.039841 105.882353 0.000000 -0.516951 0.345609 0.000000 1.000000
176.247012 105.882353 0.000000 0.221967 1.440507 0.000000 1.000000
177.454183 105.882353 0.000000 0.693363 -0.902012 0.000000 1.000000
178.661355 105.882353 0.000000 1.522092 -0.435269 0.000000 1.000000
179.868526 105.882353 0.000000 -0.640058 -0.547492 0.000000 1.000000
181.075697 105.882353 0.000000 0.032843 -0.634419 0.000000 1.000000
182.282869 105.882353 0.000000 -0.604684 0.498677 0.000000 1.000000
183.490040 105.882353 0.000000 -0.723484 -0.008587 0.000000 1.000000
184.697211 105.882353 0.000000 -1.336599 -0.463440 0.000000 1.000000
185.904382 105.882353 0.000000 0.080187 -0.070588 0.000000 1.000000
187.111554 105.882353 0.000000 0.521277 1.196440 0.000000 1.000000
188.318725 105.882353 0.000000 0.172338 -0.008452 0.000000 1.000000
189.525896 105.882353 0.000000 0.961604 0.757754 0.000000 1.000000
190.733068 105.882353 0.000000 0.281663 0.233920 0.000000 1.000000
191.940239 105.882353 0.000000 -1.316616 -0.926807 0.000000 1.000000
193.147410 105.882353 0.000000 0.023896 0.682332 0.000000 1.000000
194.354582 105.882353 0.000000 -1.085282 0.185460 0.000000 1.000000
195.561753 105.882353 0.000000 -0.050708 0.569890 0.000000 1.000000
196.768924 105.882353 0.000000 0.353583 -0.052454 0.000000 1.000000
197.976096 105.882353 0.000000 -0.116025 -0.729113 0.000000 1.000000
199.183267 105.882353 0.000000 0.984515 0.013544 0.000000 1.000000
200.390438 105.882353 0.000000 0.152756 0.654266 0.000000 1.000000
201.597610 105.882353 0.000000 0.098722 -0.371493 0.000000 1.000000
202.804781 105.882353 0.000000 0.570210 0.211950 0.000000 1.000000
204.011952 105.882353 0.000000 0.326783 0.150766 0.000000 1.000000
205.219124 105.882353 0.000000 -1.199898 -0.202902 0.000000 1.000000
206.426295 105.882353 0.000000 -0.202297 0.851305 0.000000 1.000000
207.633466 105.882353 0.000000 0.107157 0.697568 0.000000 1.000000
208.840637 105.882353 0.000000 -1.336014 0.185919 0.000000 1.000000
210.047809 105.882353 0.000000 -1.017470 -0.620498 0.000000 1.000000
211.254980 105.882353 0.000000 -0.361530 0.232471 0.000000 1.000000
212.462151 105.882353 0.000000 -0.285401 -1.666566 0.000000 1.000000
213.669323 105.882353 0.000000 -0.658684 -0.526588 0.000000 1.000000
214.876494 105.882353 0.000000 0.693184 0.339719 0.000000 1.000000
216.083665 105.882353 0.000000 -0.375810 0.627604 0.000000 1.000000
217.290837 105.882353 0.000000 1.378302 0.896731 0.000000 1.000000
218.498008 105.882353 0.000000 -0.469574 -1.319523 0.000000 1.000000
219.705179 105.882353 0.000000 -0.233846 0.818409 0.000000 1.000000
220.912351 105.882353 0.000000 -0.979405 0.639842 0.000000 1.000000
222.119522 105.882353 0.000000 0.478011 -0.881090 0.000000 1.000000
223.326693 105.882353 0.000000 0.112001 -0.637220 0.000000 1.000000
224.533865 105.882353 0.000000 -0.709033 0.028493 0.000000 1.000000
225.741036 105.882353 0.000000 -1.149327 0.488535 0.000000 1.000000
226.948207 105.882353 0.000000 1.041531 0.306888 0.000000 1.000000
228.155378 105.882353 0.000000 0.275798 0.242704 0.000000 1.000000
229.362550 105.882353 0.000000 0.025111 -0.137703 0.000000 1.000000
230.569721 105.882353 0.000000 0.446461 0.115730 0.000000 1.000000
231.776892 105.882353 0.000000 0.855051 -0.057907 0.000000 1.000000
232.984064 105.882353 0.000000 0.203669 0.668038 0.000000 1.000000
234.191235 105.882353 0.000000 0.227217 -0.207305 0.000000 1.000000
235.398406 105.882353 0.000000 0.114386 -0.125805 0.000000 1.000000
236.605578 105.882353 0.000000 0.442026 0.636706 0.000000 1.000000
237.812749 105.882353 0.000000 -0.500728 1.051293 0.000000 1.000000
239.019920 105.882353 0.000000 0.355116 0.252614 0.000000 1.000000
240.227092 105.882353 0.000000 0.295420 1.474497 0.000000 1.000000
241.434263 105.882353 0.000000 -0.804753 1.020883 0.000000 1.000000
242.641434 105.882353 0.000000 -0.449768 -0.031136 0.000000 1.000000
243.848606 105.882353 0.000000 -0.733361 -0.361952 0.000000 1.000000
245.055777 105.882353 0.000000 0.426755 -0.613782 0.000000 1.000000
246.262948 105.882353 0.000000 -1.413834 -0.579240 0.000000 1.000000
247.470120 105.882353 0.000000 -1.471503 -1.407608 0.000000 1.000000
248.677291 105.882353 0.000000 0.286268 -0.516255 0.000000 1.000000
249.884462 105.882353 0.000000 0.341113 -0.086039 0.000000 1.000000
251.091633 105.882353 0.000000 -0.299693 0.842479 0.000000 1.000000
252.298805 105.882353 0.000000 0.557304 -1.979953 0.000000 1.000000
253.505976 105.882353 0.000000 0.121957 -0.641493 0.000000 1.000000
254.713147 105.882353 0.000000 0.110864 1.399576 0.000000 1.000000
255.920319 105.882353 0.000000 0.985375 -0.607641 0.000000 1.000000
257.127490 105.882353 0.000000 -0.712138 -0.134816 0.000000 1.000000
258.334661 105.882353 0.000000 0.240588 0.983435 0.000000 1.000000
259.541833 105.882353 0.000000 -0.274210 -0.245400 0.000000 1.000000
260.749004 105.882353 0.000000 0.543785 0.402952 0.000000 1.000000
261.956175 105.882353 0.000000 -0.049190 -0.131324 0.000000 1.000000
263.163347 105.882353 0.000000 0.368661 -0.761701 0.000000 1.000000
264.370518 105.882353 0.000000 0.931246 -0.045365 0.000000 1.000000
265.577689 105.882353 0.000000 0.536233 0.226090 0.000000 1.000000
266.784861 105.882353 0.000000 -1.477588 -0.747521 0.000000 1.000000
267.992032 105.882353 0.000000 -0.171496 -0.763256 0.000000 1.000000
269.199203 105.882353 0.000000 -0.042651 1.277080 0.000000 1.000000
270.406375 105.882353 0.000000 -0.782463 0.541576 0.000000 1.000000
271.613546 105.882353 0.000000 -1.517084 -0.751908 0.000000 1.000000
272.820717 105.882353 0.000000 -0.869835 0.467271 0.000000 1.000000
274.027888 105.882353 0.000000 0.508894 -1.338763 0.000000 1.000000
275.235060 105.882353 0.000000 -0.736639 -1.115227 0.000000 1.000000
276.442231 105.882353 0.000000 -0.751139 -0.933581 0.000000 1.000000
277.649402 105.882353 0.000000 -0.026925 -1.066625 0.000000 1.000000
278.856574 105.882353 0.000000 0.096188 -1.389754 0.000000 1.000000
280.063745 105.882353 0.000000 0.726247 0.453439 0.000000 1.000000
281.270916 105.882353 0.000000 0.756711 0.972846 0.000000 1.000000
282.478088 105.882353 0.000000 -0.884432 -0.486297 0.000000 1.000000
283.685259 105.882353 0.000000 -0.362389 -0.172402 0.000000 1.000000
284.892430 105.882353 0.000000 -0.541829 -0.241163 0.000000 1.000000
286.099602 105.882353 0.000000 0.205979 -1.468623 0.000000 1.000000
287.306773 105.882353 0.000000 -1.136451 -0.535564 0.000000 1.000000
288.513944 105.882353 0.000000 1.088304 -1.376080 0.000000 1.000000
289.721116 105.882353 0.000000 0.261292 -0.220462 0.000000 1.000000
290.928287 105.882353 0.000000 0.681414 -1.092049 0.000000 1.000000
292.135458 105.882353 0.000000 0.207325 1.208352 0.000000 1.000000
293.342629 105.882353 0.000000 0.122785 -0.744893 0.000000 1.000000
294.549801 105.882353 0.000000 -1.655814 -0.708495 0.000000 1.000000
295.756972 105.882353 0.000000 0.928401 0.327400 0.000000 1.000000
296.964143 105.882353 0.000000 0.893697 0.124406 0.000000 1.000000
298.171315 105.882353 0.000000 0.567940 0.830780 0.000000 1.000000
299.378486 105.882353 0.000000 -0.709298 0.189983 0.000000 1.000000
300.585657 105.882353 0.000000 0.786971 -0.643547 0.000000 1.000000
301.792829 105.882353 0.000000 0.226515 0.432409 0.000000 1.000000
1.207171 109.411765 0.000000 -2.119529 -0.870183 0.000000 1.000000
2.414343 109.411765 0.000000 0.132073 0.951451 0.000000 1.000000
3.621514 109.411765 0.000000 -0.478090 0.920860 0.000000 1.000000
4.828685 109.411765 0.000000 0.857490 -0.566221 0.000000 1.000000
6.035857 109.411765 0.000000 0.688222 -0.515615 0.000000 1.000000
7.243028 109.411765 0.000000 -0.499776 -0.763244 0.000000 1.000000
8.450199 109.411765 0.000000 1.298638 0.137925 0.000000 1.000000
9.657371 109.411765 0.000000 -0.012375 0.048676 0.000000 1.000000
10.864542 109.411765 0.000000 -0.405814 0.593666 0.000000 1.000000
12.071713 109.411765 0.000000 -1.033139 -1.716826 0.000000 1.000000
13.278884 109.411765 0.000000 0.746551 -0.532196 0.000000 1.000000
14.486056 109.411765 0.000000 -0.160012 0.064616 0.000000 1.000000
15.693227 109.411765 0.000000 0.415970 -1.171451 0.000000 1.000000
16.900398 109.411765 0.000000 -0.998108 0.661355 0.000000 1.000000
18.107570 109.411765 0.000000 -0.383086 -0.115367 0.000000 1.000000
19.314741 109.411765 0.000000 -0.166725 -0.270980 0.000000 1.000000
20.521912 109.411765 0.000000 -0.876497 -0.293891 0.000000 1.000000
21.729084 109.411765 0.000000 -0.559645 0.820609 0.000000 1.000000
22.936255 109.411765 0.000000 0.437697 -0.234052 0.000000 1.000000
24.143426 109.411765 0.000000 -1.190778 -0.492387 0.000000 1.000000
25.350598 109.411765 0.000000 1.086178 0.765865 0.000000 1.000000
26.557769 109.411765 0.000000 0.890561 -0.818356 0.000000 1.000000
27.764940 109.411765 0.000000 0.215530 -0.579778 0.000000 1.000000
28.972112 109.411765 0.000000 -0.833203 1.366063 0.000000 1.000000
30.179283 109.411765 0.000000 0.990969 0.927636 0.000000 1.000000
31.386454 109.411765 0.000000 0.120996 -0.708248 0.000000 1.000000
32.593625 109.411765 0.000000 0.557827 0.752277 0.000000 1.000000
33.800797 109.411765 0.000000 0.199136 -1.367737 0.000000 1.000000
35.007968 109.411765 0.000000 -0.208079 1.494330 0.000000 1.000000
36.215139 109.411765 0.000000 0.816527 -1.063602 0.000000 1.000000
37.422311 109.411765 0.000000 0.605811 1.008524 0.000000 1.000000
38.629482 109.411765 0.000000 1.049254 0.000970 0.000000 1.000000
39.836653 109.411765 0.000000 -0.954470 -0.089012 0.000000 1.000000
41.043825 109.411765 0.000000 0.586162 -0.391615 0.000000 1.000000
42.250996 109.411765 0.000000 0.352006 -0.008928 0.000000 1.000000
43.458167 109.411765 0.000000 0.693694 -0.094712 0.000000 1.000000
44.665339 109.411765 0.000000 0.085971 0.272451 0.000000 1.000000
45.872510 109.411765 0.000000 0.338740 0.906366 0.000000 1.000000
47.079681 109.411765 0.000000 0.586714 -1.183941 0.000000 1.000000
48.286853 109.411765 0.000000 1.682713 0.266358 0.000000 1.000000
49.494024 109.411765 0.000000 -0.170307 0.164041 0.000000 1.000000
50.701195 109.411765 0.000000 -0.172729 -0.237408 0.000000 1.000000
51.908367 109.411765 0.000000 -0.189239 -0.206251 0.000000 1.000000
53.115538 109.411765 0.000000 -0.018578 -0.241116 0.000000 1.000000
54.322709 109.411765 0.000000 -0.369929 0.236303 0.000000 1.000000
55.529880 109.411765 0.000000 -0.321006 -0.344934 0.000000 1.000000
56.737052 109.411765 0.000000 -0.665269 -0.384521 0.000000 1.000000
57.944223 109.411765 0.000000 -0.334364 0.203148 0.000000 1.000000
59.151394 109.411765 0.000000 -0.063006 -0.500652 0.000000 1.000000
60.358566 109.411765 0.000000 -0.024619 0.122477 0.000000 1.000000
61.565737 109.411765 0.000000 -0.764658 0.017245 0.000000 1.000000
62.772908 109.411765 0.000000 -0.083130 0.407147 0.000000 1.000000
63.980080 109.411765 0.000000 -0.172034 -0.758209 0.000000 1.000000
65.187251 109.411765 0.000000 0.458533 0.547336 0.000000 1.000000
66.394422 109.411765 0.000000 0.687350 -0.805436 0.000000 1.000000
67.601594 109.411765 0.000000 -0.534907 -0.375226 0.000000 1.000000
68.808765 109.411765 0.000000 -0.292480 -0.111609 0.000000 1.000000
70.015936 109.411765 0.000000 0.790052 -0.821670 0.000000 1.000000
71.223108 109.411765 0.000000 0.735254 -1.426952 0.000000 1.000000
72.430279 109.411765 0.000000 1.774241 -0.936686 0.000000 1.000000
73.637450 109.411765 0.000000 -1.505387 -0.661494 0.000000 1.000000
74.844622 109.411765 0.000000 1.119540 0.494213 0.000000 1.000000
76.051793 109.411765 0.000000 1.643398 0.230940 0.000000 1.000000
77.258964 109.411765 0.000000 -0.252193 -0.496891 0.000000 1.000000
78.466135 109.411765 0.000000 0.461770 -0.092747 0.000000 1.000000
79.673307 109.411765 0.000000 -0.293268 0.081879 0.000000 1.000000
80.880478 109.411765 0.000000 1.099981 1.206328 0.000000 1.000000
82.087649 109.411765 0.000000 -1.024686 1.266846 0.000000 1.000000
83.294821 109.411765 0.000000 0.461072 1.498465 0.000000 1.000000
84.501992 109.411765 0.000000 -0.646131 0.455600 0.000000 1.000000
85.709163 109.411765 0.000000 0.708335 -0.354517 0.000000 1.000000
86.916335 109.411765 0.000000 0.658037 2.256390 0.000000 1.000000
88.123506 109.411765 0.000000 0.889904 -0.589182 0.000000 1.000000
89.330677 109.411765 0.000000 0.371524 0.194716 0.000000 1.000000
90.537849 109.411765 0.000000 -0.362314 0.335131 0.000000 1.000000
91.745020 109.411765 0.000000 -1.165118 0.616855 0.000000 1.000000
92.952191 109.411765 0.000000 0.612882 -0.084739 0.000000 1.000000
94.159363 109.411765 0.000000 -0.870934 0.173504 0.000000 1.000000
95.366534 109.411765 0.000000 0.678822 -0.106795 0.000000 1.000000
96.573705 109.411765 0.000000 0.281428 0.711365 0.000000 1.000000
97.780876 109.411765 0.000000 0.688501 -0.565233 0.000000 1.000000
98.988048 109.411765 0.000000 -0.333073 0.881740 0.000000 1.000000
100.195219 109.411765 0.000000 -0.064984 -0.430432 0.000000 1.000000
101.402390 109.411765 0.000000 -0.195080 -0.110627 0.000000 1.000000
102.609562 109.411765 0.000000 0.387388 -0.450231 0.000000 1.000000
103.816733 109.411765 0.000000 1.256456 0.342607 0.000000 1.000000
105.023904 109.411765 0.000000 -0.525973 0.237183 0.000000 1.000000
106.231076 109.411765 0.000000 0.732437 0.247477 0.000000 1.000000
107.438247 109.411765 0.000000 -0.553439 -1.221177 0.000000 1.000000
108.645418 109.411765 0.000000 -0.702163 0.515532 0.000000 1.000000
109.852590 109.411765 0.000000 1.378321 -0.678923 0.000000 1.000000
111.059761 109.411765 0.000000 -0.047844 -0.836271 0.000000 1.000000
112.266932 109.411765 0.000000 -1.565524 -0.137480 0.000000 1.000000
113.474104 109.411765 0.000000 1.192860 0.604190 0.000000 1.000000
114.681275 109.411765 0.000000 -0.931809 -1.117981 0.000000 1.000000
115.888446 109.411765 0.000000 0.742024 -0.586848 0.000000 1.000000
117.095618 109.411765 0.000000 0.153050 -0.296036 0.000000 1.000000
118.302789 109.411765 0.000000 0.297746 0.796949 0.000000 1.000000
119.509960 109.411765 0.000000 0.427619 -0.076917 0.000000 1.000000
120.717131 109.411765 0.000000 -1.104009 -0.334594 0.000000 1.000000
121.924303 109.411765 0.000000 -1.144919 0.057104 0.000000 1.000000
123.131474 109.411765 0.000000 -0.405216 -0.325639 0.000000 1.000000
124.338645 109.411765 0.000000 -1.183103 0.587627 0.000000 1.000000
125.545817 109.411765 0.000000 0.621130 -0.629074 0.000000 1.000000
126.752988 109.411765 0.000000 0.980256 -0.966073 0.000000 1.000000
127.960159 109.411765 0.000000 0.471931 0.954289 0.000000 1.000000
129.167331 109.411765 0.000000 -0.072091 0.150876 0.000000 1.000000
130.374502 109.411765 0.000000 0.155262 1.162062 0.000000 1.000000
131.581673 109.411765 0.000000 0.147052 -0.043564 0.000000 1.000000
132.788845 109.411765 0.000000 0.208724 -0.924445 0.000000 1.000000
133.996016 109.411765 0.000000 -0.144349 -0.739711 0.000000 1.000000
135.203187 109.411765 0.000000 -0.961366 -2.072762 0.000000 1.000000
136.410359 109.411765 0.000000 -1.051442 0.310123 0.000000 1.000000
137.617530 109.411765 0.000000 -1.366387 0.952525 0.000000 1.000000
138.824701 109.411765 0.000000 0.063160 0.712362 0.000000 1.000000
140.031873 109.411765 0.000000 0.073935 -0.396556 0.000000 1.000000
141.239044 109.411765 0.000000 0.177080 -0.655693 0.000000 1.000000
142.446215 109.411765 0.000000 0.881510 0.006995 0.000000 1.000000
143.653386 109.411765 0.000000 1.168987 0.679672 0.000000 1.000000
144.860558 109.411765 0.000000 0.421158 0.896923 0.000000 1.000000
146.067729 109.411765 0.000000 -0.196143 0.362074 0.000000 1.000000
147.274900 109.411765 0.000000 1.063939 -0.058014 0.000000 1.000000
148.482072 109.411765 0.000000 -0.066165 -0.108511 0.000000 1.000000
149.689243 109.411765 0.000000 -1.080611 1.819760 0.000000 1.000000
150.896414 109.411765 0.000000 0.993845 -0.420534 0.000000 1.000000
152.103586 109.411765 0.000000 -0.334120 0.221531 0.000000 1.000000
153.310757 109.411765 0.000000 0.920352 0.448180 0.000000 1.000000
154.517928 109.411765 0.000000 0.253253 -0.111347 0.000000 1.000000
155.725100 109.411765 0.000000 -0.569151 -0.275830 0.000000 1.000000
156.932271 109.411765 0.000000 -0.626288 0.461825 0.000000 1.000000
158.139442 109.411765 0.000000 -0.166859 -0.117360 0.000000 1.000000
159.346614 109.411765 0.000000 -1.025263 -0.661624 0.000000 1.000000
160.553785 109.411765 0.000000 -0.087406 0.739150 0.000000 1.000000
161.760956 109.411765 0.000000 -0.452611 -0.374658 0.000000 1.000000
162.968127 109.411765 0.000000 -0.122579 -0.042426 0.000000 1.000000
164.175299 109.411765 0.000000 0.812415 1.246170 0.000000 1.000000
165.382470 109.411765 0.000000 0.615713 0.143609 0.000000 1.000000
166.589641 109.411765 0.000000 0.941822 0.198366 0.000000 1.000000
167.796813 109.411765 0.000000 -0.133325 -1.038904 0.000000 1.000000
169.003984 109.411765 0.000000 -1.853734 -0.509779 0.000000 1.000000
170.211155 109.411765 0.000000 -0.884664 -0.632989 0.000000 1.000000
171.418327 109.411765 0.000000 -0.587221 -0.032643 0.000000 1.000000
172.625498 109.411765 0.000000 1.001400 1.061143 0.000000 1.000000
173.832669 109.411765 0.000000 -0.604231 0.976857 0.000000 1.000000
175.039841 109.411765 0.000000 -0.993914 -0.081826 0.000000 1.000000
176.247012 109.411765 0.000000 -0.347764 -0.466774 0.000000 1.000000
177.454183 109.411765 0.000000 -0.848304 0.259091 0.000000 1.000000
178.661355 109.411765 0.000000 -1.244727 0.331697 0.000000 1.000000
179.868526 109.411765 0.000000 0.930600 -0.572621 0.000000 1.000000
181.075697 109.411765 0.000000 -0.620316 0.233659 0.000000 1.000000
182.282869 109.411765 0.000000 0.647262 1.349594 0.000000 1.000000
183.490040 109.411765 0.000000 -0.573899 0.402172 0.000000 1.000000
184.697211 109.411765 0.000000 0.402650 1.136172 0.000000 1.000000
185.904382 109.411765 0.000000 -0.090526 -0.141278 0.000000 1.000000
187.111554 109.411765 0.000000 -0.424285 -0.381975 0.000000 1.000000
188.318725 109.411765 0.000000 0.343374 -1.792358 0.000000 1.000000
189.525896 109.411765 0.000000 0.915755 0.380626 0.000000 1.000000
190.733068 109.411765 0.000000 0.814506 -0.143182 0.000000 1.000000
191.940239 109.411765 0.000000 -0.682789 -0.145449 0.000000 1.000000
193.147410 109.411765 0.000000 0.581090 0.793962 0.000000 1.000000
194.354582 109.411765 0.000000 0.723104 -0.431396 0.000000 1.000000
195.561753 109.411765 0.000000 -0.080663 -0.406343 0.000000 1.000000
196.768924 109.411765 0.000000 0.312749 -0.541938 0.000000 1.000000
197.976096 109.411765 0.000000 -0.731384 -0.388448 0.000000 1.000000
199.183267 109.411765 0.000000 -0.002226 -1.255746 0.000000 1.000000
200.390438 109.411765 0.000000 -1.048371 -0.220044 0.000000 1.000000
201.597610 109.411765 0.000000 1.015272 -0.001304 0.000000 1.000000
202.804781 109.411765 0.000000 -0.517516 -1.147731 0.000000 1.000000
204.011952 109.411765 0.000000 -0.740230 0.795585 0.000000 1.000000
205.219124 109.411765 0.000000 0.773889 -0.705394 0.000000 1.000000
206.426295 109.411765 0.000000 0.800030 -0.881931 0.000000 1.000000
207.633466 109.411765 0.000000 -0.879875 0.720667 0.000000 1.000000
208.840637 109.411765 0.000000 -0.384675 0.674437 0.000000 1.000000
210.047809 109.411765 0.000000 1.026407 0.246601 0.000000 1.000000
211.254980 109.411765 0.000000 0.747589 1.313914 0.000000 1.000000
212.462151 109.411765 0.000000 0.525491 1.041299 0.000000 1.000000
213.669323 109.411765 0.000000 0.335172 -0.452497 0.000000 1.000000
214.876494 109.411765 0.000000 0.353696 0.779438 0.000000 1.000000
216.083665 109.411765 0.000000 -0.686695 0.167586 0.000000 1.000000
217.290837 109.411765 0.000000 0.840921 1.016093 0.000000 1.000000
218.498008 109.411765 0.000000 -0.347060 -0.297411 0.000000 1.000000
219.705179 109.411765 0.000000 0.036530 1.734552 0.000000 1.000000
220.912351 109.411765 0.000000 -0.470738 -1.065376 0.000000 1.000000
222.119522 109.411765 0.000000 0.712580 -1.030240 0.000000 1.000000
223.326693 109.411765 0.000000 0.241968 -0.444288 0.000000 1.000000
224.533865 109.411765 0.000000 0.827296 -0.329545 0.000000 1.000000
225.741036 109.411765 0.000000 0.750645 -0.540261 0.000000 1.000000
226.948207 109.411765 0.000000 0.574103 0.429261 0.000000 1.000000
228.155378 109.411765 0.000000 -0.072719 1.066090 0.000000 1.000000
229.362550 109.411765 0.000000 0.392239 -0.234365 0.000000 1.000000
230.569721 109.411765 0.000000 0.081342 -1.134628 0.000000 1.000000
231.776892 109.411765 0.000000 0.402619 -0.188475 0.000000 1.000000
232.984064 109.411765 0.000000 0.660145 -0.243169 0.000000 1.000000
234.191235 109.411765 0.000000 0.425461 -0.090525 0.000000 1.000000
235.398406 109.411765 0.000000 0.471735 -0.171893 0.000000 1.000000
236.605578 109.411765 0.000000 -0.221593 -0.615095 0.000000 1.000000
237.812749 109.411765 0.000000 -0.838983 -0.681126 0.000000 1.000000
239.019920 109.411765 0.000000 1.123322 0.835136 0.000000 1.000000
240.227092 109.411765 0.000000 0.310855 -0.129659 0.000000 1.000000
241.434263 109.411765 0.000000 -0.166652 -0.663637 0.000000 1.000000
242.641434 109.411765 0.000000 1.005211 0.158061 0.000000 1.000000
243.848606 109.411765 0.000000 -1.756902 -0.215450 0.000000 1.000000
245.055777 109.411765 0.000000 0.859043 -0.287251 0.000000 1.000000
246.262948 109.411765 0.000000 0.618168 0.055469 0.000000 1.000000
247.470120 109.411765 0.000000 -1.064819 0.076486 0.000000 1.000000
248.677291 109.411765 0.000000 0.227979 -0.454617 0.000000 1.000000
249.884462 109.411765 0.000000 0.341465 0.928515 0.000000 1.000000
251.091633 109.411765 0.000000 0.772997 0.720561 0.000000 1.000000
252.298805 109.411765 0.000000 -0.925126 -0.077151 0.000000 1.000000
253.505976 109.411765 0.000000 0.309741 -0.160271 0.000000 1.000000
254.713147 109.411765 0.000000 -0.808431 0.090326 0.000000 1.000000
255.920319 109.411765 0.000000 0.821226 0.243833 0.000000 1.000000
257.127490 109.411765 0.000000 -0.262702 -0.901809 0.000000 1.000000
258.334661 109.411765 0.000000 -0.023884 0.189112 0.000000 1.000000
259.541833 109.411765 0.000000 0.256190 -0.417951 0.000000 1.000000
260.749004 109.411765 0.000000 -0.222380 0.581137 0.000000 1.000000
261.956175 109.411765 0.000000 -0.602939 0.175025 0.000000 1.000000
263.163347 109.411765 0.000000 -0.158461 0.291885 0.000000 1.000000
264.370518 109.411765 0.000000 -0.089491 -0.674763 0.000000 1.000000
265.577689 109.411765 0.000000 0.983931 -0.861260 0.000000 1.000000
266.784861 109.411765 0.000000 -1.352148 0.201175 0.000000 1.000000
267.992032 109.411765 0.000000 -0.515737 -0.085530 0.000000 1.000000
269.199203 109.411765 0.000000 -1.235875 0.611862 0.000000 1.000000
270.406375 109.411765 0.000000 1.718664 0.503238 0.000000 1.000000
271.613546 109.411765 0.000000 -0.135691 1.357027 0.000000 1.000000
272.820717 109.411765 0.000000 -0.331516 -0.965294 0.000000 1.000000
274.027888 109.411765 0.000000 1.341163 1.091684 0.000000 1.000000
275.235060 109.411765 0.000000 0.049517 -0.188066 0.000000 1.000000
276.442231 109.411765 0.000000 -0.474626 0.615049 0.000000 1.000000
277.649402 109.411765 0.000000 -1.284903 -1.148296 0.000000 1.000000
278.856574 109.411765 0.000000 0.681331 0.651111 0.000000 1.000000
280.063745 109.411765 0.000000 -0.245823 0.036740 0.000000 1.000000
281.270916 109.411765 0.000000 -0.041598 -0.378902 0.000000 1.000000
282.478088 109.411765 0.000000 -0.558056 0.072052 0.000000 1.000000
283.685259 109.411765 0.000000 0.935226 0.988027 0.000000 1.000000
284.892430 109.411765 0.000000 -1.373927 -0.238834 0.000000 1.000000
286.099602 109.411765 0.000000 -0.244518 0.338138 0.000000 1.000000
287.306773 109.411765 0.000000 0.413266 0.474844 0.000000 1.000000
288.513944 109.411765 0.000000 0.466774 -1.205192 0.000000 1.000000
289.721116 109.411765 0.000000 -0.221047 0.101506 0.000000 1.000000
290.928287 109.411765 0.000000 -0.549425 1.081268 0.000000 1.000000
292.135458 109.411765 0.000000 -1.253001 -0.056190 0.000000 1.000000
293.342629 109.411765 0.000000 -0.726694 0.231626 0.000000 1.000000
294.549801 109.411765 0.000000 -0.129265 0.402952 0.000000 1.000000
295.756972 109.411765 0.000000 -0.641828 0.023913 0.000000 1.000000
296.964143 109.411765 0.000000 -0.606164 0.986075 0.000000 1.000000
298.171315 109.411765 0.000000 -0.429031 -0.777311 0.000000 1.000000
299.378486 109.411765 0.000000 -0.502847 0.791409 0.000000 1.000000
300.585657 109.411765 0.000000 1.230402 -0.284368 0.000000 1.000000
301.792829 109.411765 0.000000 -0.458833 1.012832 0.000000 1.000000
1.207171 112.941176 0.000000 -0.334719 -0.295233 0.000000 1.000000
2.414343 112.941176 0.000000 1.227432 1.283974 0.000000 1.000000
3.621514 112.941176 0.000000 1.566519 -0.993154 0.000000 1.000000
4.828685 112.941176 0.000000 0.285335 -0.696258 0.000000 1.000000
6.035857 112.941176 0.000000 -0.189474 0.327038 0.000000 1.000000
7.243028 112.941176 0.000000 0.867245 -1.183813 0.000000 1.000000
8.450199 112.941176 0.000000 1.225593 0.333012 0.000000 1.000000
9.657371 112.941176 0.000000 -0.355785 0.361255 0.000000 1.000000
10.864542 112.941176 0.000000 -0.309339 -0.416120 0.000000 1.000000
12.071713 112.941176 0.000000 0.361839 -0.102225 0.000000 1.000000
13.278884 112.941176 0.000000 1.050875 -1.025859 0.000000 1.000000
14.486056 112.941176 0.000000 0.589639 -1.127037 0.000000 1.000000
15.693227 112.941176 0.000000 0.181129 -0.202490 0.000000 1.000000
16.900398 112.941176 0.000000 0.643751 0.017069 0.000000 1.000000
18.107570 112.941176 0.000000 0.466674 0.095193 0.000000 1.000000
19.314741 112.941176 0.000000 -0.604310 -0.673443 0.000000 1.000000
20.521912 112.941176 0.000000 0.134112 0.290634 0.000000 1.000000
21.729084 112.941176 0.000000 -0.453659 1.298038 0.000000 1.000000
22.936255 112.941176 0.000000 -0.686941 -0.113302 0.000000 1.000000
24.143426 112.941176 0.000000 -1.974774 -1.197269 0.000000 1.000000
25.350598 112.941176 0.000000 -0.830990 0.043479 0.000000 1.000000
26.557769 112.941176 0.000000 1.271215 -1.747790 0.000000 1.000000
27.764940 112.941176 0.000000 0.134338 0.754703 0.000000 1.000000
28.972112 112.941176 0.000000 -0.496363 -0.584892 0.000000 1.000000
30.179283 112.941176 0.000000 0.963966 -0.322453 0.000000 1.000000
31.386454 112.941176 0.000000 0.046714 0.059081 0.000000 1.000000
32.593625 112.941176 0.000000 -0.568345 0.628289 0.000000 1.000000
33.800797 112.941176 0.000000 -0.030641 -0.432865 0.000000 1.000000
35.007968 112.941176 0.000000 -0.329379 0.350054 0.000000 1.000000
36.215139 112.941176 0.000000 0.834511 -0.227176 0.000000 1.000000
37.422311 112.941176 0.000000 0.148188 -0.415026 0.000000 1.000000
38.629482 112.941176 0.000000 -1.254179 -0.355816 0.000000 1.000000
39.836653 112.941176 0.000000 -0.037744 -0.463573 0.000000 1.000000
41.043825 112.941176 0.000000 0.435794 0.176522 0.000000 1.000000
42.250996 112.941176 0.000000 0.842973 1.056905 0.000000 1.000000
43.458167 112.941176 0.000000 0.602065 0.021352 0.000000 1.000000
44.665339 112.941176 0.000000 0.574482 0.372669 0.000000 1.000000
45.872510 112.941176 0.000000 0.306059 0.010156 0.000000 1.000000
47.079681 112.941176 0.000000 0.017823 0.545889 0.000000 1.000000
48.286853 112.941176 0.000000 0.601198 0.944436 0.000000 1.000000
49.494024 112.941176 0.000000 -0.152806 0.030419 0.000000 1.000000
50.701195 112.941176 0.000000 0.405970 0.682196 0.000000 1.000000
51.908367 112.941176 0.000000 -0.300160 -0.040832 0.000000 1.000000
53.115538 112.941176 0.000000 -1.196642 0.333707 0.000000 1.000000
54.322709 112.941176 0.000000 0.653474 -0.481463 0.000000 1.000000
55.529880 112.941176 0.000000 -0.505056 1.052337 0.000000 1.000000
56.737052 112.941176 0.000000 -0.649223 0.747610 0.000000 1.000000
57.944223 112.941176 0.000000 -0.686948 0.064500 0.000000 1.000000
59.151394 112.941176 0.000000 1.097875 -1.287485 0.000000 1.000000
60.358566 112.941176 0.000000 -0.448491 0.868092 0.000000 1.000000
61.565737 112.941176 0.000000 -1.219773 -0.089341 0.000000 1.000000
62.772908 112.941176 0.000000 -0.375816 -0.686216 0.000000 1.000000
63.980080 112.941176 0.000000 0.725226 -0.535094 0.000000 1.000000
65.187251 112.941176 0.000000 -0.090810 -0.705637 0.000000 1.000000
66.394422 112.941176 0.000000 -0.426740 -0.142164 0.000000 1.000000
67.601594 112.941176 0.000000 -0.333792 0.127652 0.000000 1.000000
68.808765 112.941176 0.000000 -0.251234 0.044380 0.000000 1.000000
70.015936 112.941176 0.000000 -0.180344 -0.439830 0.000000 1.000000
71.223108 112.941176 0.000000 0.264095 -1.115943 0.000000 1.000000
72.430279 112.941176 0.000000 0.921616 -0.469474 0.000000 1.000000
73.637450 112.941176 0.000000 1.732631 -0.374372 0.000000 1.000000
74.844622 112.941176 0.000000 0.561023 -0.286715 0.000000 1.000000
76.051793 112.941176 0.000000 0.433225 0.813995 0.000000 1.000000
77.258964 112.941176 0.000000 -0.892151 -0.403922 0.000000 1.000000
78.466135 112.941176 0.000000 -0.082977 -1.463739 0.000000 1.000000
79.673307 112.941176 0.000000 1.103510 -0.323619 0.000000 1.000000
80.880478 112.941176 0.000000 0.315691 -0.990797 0.000000 1.000000
82.087649 112.941176 0.000000 -0.870237 -0.521220 0.000000 1.000000
83.294821 112.941176 0.000000 0.076676 0.885606 0.000000 1.000000
84.501992 112.941176 0.000000 0.035908 0.419820 0.000000 1.000000
85.709163 112.941176 0.000000 -0.628820 -0.909528 0.000000 1.000000
86.916335 112.941176 0.000000 0.031575 0.922308 0.000000 1.000000
88.123506 112.941176 0.000000 0.375321 -0.298715 0.000000 1.000000
89.330677 112.941176 0.000000 -0.570113 -0.214425 0.000000 1.000000
90.537849 112.941176 0.000000 -0.713180 0.398869 0.000000 1.000000
91.745020 112.941176 0.000000 -0.711074 -0.917044 0.000000 1.000000
92.952191 112.941176 0.000000 0.367233 -0.339954 0.000000 1.000000
94.159363 112.941176 0.000000 0.208968 -0.551781 0.000000 1.000000
95.366534 112.941176 0.000000 0.858997 -0.333929 0.000000 1.000000
96.573705 112.941176 0.000000 -0.037880 0.534411 0.000000 1.000000
97.780876 112.941176 0.000000 0.454622 -1.138762 0.000000 1.000000
98.988048 112.941176 0.000000 -0.870337 -0.736413 0.000000 1.000000
100.195219 112.941176 0.000000 0.325232 0.691701 0.000000 1.000000
101.402390 112.941176 0.000000 0.635883 -1.256754 0.000000 1.000000
102.609562 112.941176 0.000000 -0.421887 0.165106 0.000000 1.000000
103.816733 112.941176 0.000000 0.122825 0.233821 0.000000 1.000000
105.023904 112.941176 0.000000 0.499664 0.176099 0.000000 1.000000
106.231076 112.941176 0.000000 0.645951 -0.468443 0.000000 1.000000
107.438247 112.941176 0.000000 -0.818259 -0.145579 0.000000 1.000000
108.645418 112.941176 0.000000 0.623848 0.527745 0.000000 1.000000
109.852590 112.941176 0.000000 0.497674 -0.389894 0.000000 1.000000
111.059761 112.941176 0.000000 -0.793677 -0.438870 0.000000 1.000000
112.266932 112.941176 0.000000 0.453773 -0.274138 0.000000 1.000000
113.474104 112.941176 0.000000 0.764887 1.037300 0.000000 1.000000
114.681275 112.941176 0.000000 0.005187 -0.327548 0.000000 1.000000
115.888446 112.941176 0.000000 0.190498 -0.690772 0.000000 1.000000
117.095618 112.941176 0.000000 0.355257 -1.369717 0.000000 1.000000
118.302789 112.941176 0.000000 -0.416907 -0.134998 0.000000 1.000000
119.509960 112.941176 0.000000 0.412348 -0.376921 0.000000 1.000000
120.717131 112.941176 0.000000 -0.910744 -0.328139 0.000000 1.000000
121.924303 112.941176 0.000000 1.365593 -0.549020 0.000000 1.000000
123.131474 112.941176 0.000000 -0.834306 -0.103514 0.000000 1.000000
124.338645 112.941176 0.000000 -0.595400 -0.280568 0.000000 1.000000
125.545817 112.941176 0.000000 0.284115 1.119715 0.000000 1.000000
126.752988 112.941176 0.000000 -0.190924 -0.660626 0.000000 1.000000
127.960159 112.941176 0.000000 -0.450369 -0.046121 0.000000 1.000000
129.167331 112.941176 0.000000 -0.460515 -0.543736 0.000000 1.000000
130.374502 112.941176 0.000000 1.250938 0.497979 0.000000 1.000000
131.581673 112.941176 0.000000 0.008971 -2.456974 0.000000 1.000000
132.788845 112.941176 0.000000 0.054918 -0.477269 0.000000 1.000000
133.996016 112.941176 0.000000 -0.105827 0.584912 0.000000 1.000000
135.203187 112.941176 0.000000 0.899630 -0.481687 0.000000 1.000000
136.410359 112.941176 0.000000 0.549064 -1.282360 0.000000 1.000000
137.617530 112.941176 0.000000 -0.304885 -0.157880 0.000000 1.000000
138.824701 112.941176 0.000000 1.227154 0.538666 0.000000 1.000000
140.031873 112.941176 0.000000 0.252024 0.409346 0.000000 1.000000
141.239044 112.941176 0.000000 -0.209201 -1.503640 0.000000 1.000000
142.446215 112.941176 0.000000 0.101990 -0.117849 0.000000 1.000000
143.653386 112.941176 0.000000 0.548670 0.742434 0.000000 1.000000
144.860558 112.941176 0.000000 0.208460 -1.130140 0.000000 1.000000
146.067729 112.941176 0.000000 -0.559576 -0.345167 0.000000 1.000000
147.274900 112.941176 0.000000 0.593349 0.084850 0.000000 1.000000
148.482072 112.941176 0.000000 -1.020383 0.136623 0.000000 1.000000
149.689243 112.941176 0.000000 -0.044162 -0.466274 0.000000 1.000000
150.896414 112.941176 0.000000 -0.356677 -0.308169 0.000000 1.000000
152.103586 112.941176 0.000000 0.732175 0.017137 0.000000 1.000000
153.310757 112.941176 0.000000 -0.477878 0.085307 0.000000 1.000000
154.517928 112.941176 0.000000 -0.260338 -0.178556 0.000000 1.000000
155.725100 112.941176 0.000000 0.387418 -0.086007 0.000000 1.000000
156.932271 112.941176 0.000000 0.385545 0.115681 0.000000 1.000000
158.139442 112.941176 0.000000 0.278490 0.387552 0.000000 1.000000
159.346614 112.941176 0.000000 0.793885 0.722542 0.000000 1.000000
160.553785 112.941176 0.000000 -0.241185 -0.753035 0.000000 1.000000
161.760956 112.941176 0.000000 -1.016435 0.211248 0.000000 1.000000
162.968127 112.941176 0.000000 0.910493 0.312809 0.000000 1.000000
164.175299 112.941176 0.000000 -0.008019 -0.311118 0.000000 1.000000
165.382470 112.941176 0.000000 0.544878 0.461453 0.000000 1.000000
166.589641 112.941176 0.000000 0.306252 0.319006 0.000000 1.000000
167.796813 112.941176 0.000000 0.819350 0.773620 0.000000 1.000000
169.003984 112.941176 0.000000 -1.069962 0.368312 0.000000 1.000000
170.211155 112.941176 0.000000 -0.849198 -1.375470 0.000000 1.000000
171.418327 112.941176 0.000000 0.102194 -1.643670 0.000000 1.000000
172.625498 112.941176 0.000000 0.316888 0.929818 0.000000 1.000000
173.832669 112.941176 0.000000 -0.025106 -0.198132 0.000000 1.000000
175.039841 112.941176 0.000000 -0.676466 -0.333455 0.000000 1.000000
176.247012 112.941176 0.000000 -0.457450 0.742365 0.000000 1.000000
177.454183 112.941176 0.000000 -0.416651 -0.664507 0.000000 1.000000
178.661355 112.941176 0.000000 0.923369 -0.907742 0.000000 1.000000
179.868526 112.941176 0.000000 0.054747 -0.331615 0.000000 1.000000
181.075697 112.941176 0.000000 0.051491 -0.578769 0.000000 1.000000
182.282869 112.941176 0.000000 0.466688 0.335921 0.000000 1.000000
183.490040 112.941176 0.000000 0.265133 -1.043985 0.000000 1.000000
184.697211 112.941176 0.000000 -0.275031 -0.281341 0.000000 1.000000
185.904382 112.941176 0.000000 -0.049164 0.074521 0.000000 1.000000
187.111554 112.941176 0.000000 -1.021384 -1.730019 0.000000 1.000000
188.318725 112.941176 0.000000 0.340905 0.465048 0.000000 1.000000
189.525896 112.941176 0.000000 0.933669 0.974358 0.000000 1.000000
190.733068 112.941176 0.000000 -0.922407 -0.602071 0.000000 1.000000
191.940239 112.941176 0.000000 -1.240500 1.370763 0.000000 1.000000
193.147410 112.941176 0.000000 -0.240730 -1.336872 0.000000 1.000000
194.354582 112.941176 0.000000 1.065044 0.463677 0.000000 1.000000
195.561753 112.941176 0.000000 -0.718411 -1.064274 0.000000 1.000000
196.768924 112.941176 0.000000 0.230813 1.017268 0.000000 1.000000
197.976096 112.941176 0.000000 -0.305148 -0.215988 0.000000 1.000000
199.183267 112.941176 0.000000 -0.283146 -0.784152 0.000000 1.000000
200.390438 112.941176 0.000000 0.317499 0.028781 0.000000 1.000000
201.597610 112.941176 0.000000 0.348242 -0.074517 0.000000 1.000000
202.804781 112.941176 0.000000 -0.118668 0.727605 0.000000 1.000000
204.011952 112.941176 0.000000 -0.398228 0.481538 0.000000 1.000000
205.219124 112.941176 0.000000 -0.405611 0.444442 0.000000 1.000000
206.426295 112.941176 0.000000 0.433180 -0.229763 0.000000 1.000000
207.633466 112.941176 0.000000 1.660278 0.279429 0.000000 1.000000
208.840637 112.941176 0.000000 0.936241 -0.799318 0.000000 1.000000
210.047809 112.941176 0.000000 2.120100 0.339191 0.000000 1.000000
211.254980 112.941176 0.000000 0.670404 -0.320174 0.000000 1.000000
212.462151 112.941176 0.000000 -0.272000 0.315303 0.000000 1.000000
213.669323 112.941176 0.000000 0.099040 0.814903 0.000000 1.000000
214.876494 112.941176 0.000000 0.887817 0.348175 0.000000 1.000000
216.083665 112.941176 0.000000 1.042944 0.419158 0.000000 1.000000
217.290837 112.941176 0.000000 0.731658 -0.173976 0.000000 1.000000
218.498008 112.941176 0.000000 0.096946 -0.120211 0.000000 1.000000
219.705179 112.941176 0.000000 0.049833 0.358808 0.000000 1.000000
220.912351 112.941176 0.000000 -0.201233 0.999381 0.000000 1.000000
222.119522 112.941176 0.000000 0.526057 -0.382326 0.000000 1.000000
223.326693 112.941176 0.000000 -0.098480 1.403732 0.000000 1.000000
224.533865 112.941176 0.000000 0.503767 -0.953782 0.000000 1.000000
225.741036 112.941176 0.000000 -0.314635 -0.395431 0.000000 1.000000
226.948207 112.941176 0.000000 -0.143384 -0.567317 0.000000 1.000000
228.155378 112.941176 0.000000 0.000317 0.359460 0.000000 1.000000
229.362550 112.941176 0.000000 -1.151661 -1.035189 0.000000 1.000000
230.569721 112.941176 0.000000 -0.686956 0.457720 0.000000 1.000000
231.776892 112.941176 0.000000 0.866868 -0.524221 0.000000 1.000000
232.984064 112.941176 0.000000 -1.013982 1.093576 0.000000 1.000000
234.191235 112.941176 0.000000 -0.093083 0.236363 0.000000 1.000000
235.398406 112.941176 0.000000 -0.995641 0.368368 0.000000 1.000000
236.605578 112.941176 0.000000 0.681603 -0.013882 0.000000 1.000000
237.812749 112.941176 0.000000 -0.388277 0.191642 0.000000 1.000000
239.019920 112.941176 0.000000 0.019437 0.802423 0.000000 1.000000
240.227092 112.941176 0.000000 1.056000 0.829184 0.000000 1.000000
241.434263 112.941176 0.000000 -0.005590 0.749145 0.000000 1.000000
242.641434 112.941176 0.000000 0.690870 0.570477 0.000000 1.000000
243.848606 112.941176 0.000000 0.151311 -1.259601 0.000000 1.000000
245.055777 112.941176 0.000000 -0.198335 -0.023169 0.000000 1.000000
246.262948 112.941176 0.000000 1.534899 0.253980 0.000000 1.000000
247.470120 112.941176 0.000000 0.236845 -0.871975 0.000000 1.000000
248.677291 112.941176 0.000000 0.575565 0.415054 0.000000 1.000000
249.884462 112.941176 0.000000 0.025532 -0.311452 0.000000 1.000000
251.091633 112.941176 0.000000 0.447751 0.719385 0.000000 1.000000
252.298805 112.941176 0.000000 -0.820339 -0.240201 0.000000 1.000000
253.505976 112.941176 0.000000 0.401668 -0.978935 0.000000 1.000000
254.713147 112.941176 0.000000 -0.379406 0.123595 0.000000 1.000000
255.920319 112.941176 0.000000 1.106929 0.209226 0.000000 1.000000
257.127490 112.941176 0.000000 1.088975 -0.183627 0.000000 1.000000
258.334661 112.941176 0.000000 -0.454522 0.100670 0.000000 1.000000
259.541833 112.941176 0.000000 0.748844 0.199232 0.000000 1.000000
260.749004 112.941176 0.000000 0.016920 0.781600 0.000000 1.000000
261.956175 112.941176 0.000000 0.037202 0.280266 0.000000 1.000000
263.163347 112.941176 0.000000 1.364643 0.417256 0.000000 1.000000
264.370518 112.941176 0.000000 -0.559496 0.660766 0.000000 1.000000
265.577689 112.941176 0.000000 -0.095877 0.584343 0.000000 1.000000
266.784861 112.941176 0.000000 0.137839 -0.421708 0.000000 1.000000
267.992032 112.941176 0.000000 -0.045472 -0.157366 0.000000 1.000000
269.199203 112.941176 0.000000 -0.411234 -0.183678 0.000000 1.000000
270.406375 112.941176 0.000000 -0.849875 -0.176909 0.000000 1.000000
271.613546 112.941176 0.000000 -0.458200 0.582195 0.000000 1.000000
272.820717 112.941176 0.000000 -0.489163 0.226459 0.000000 1.000000
274.027888 112.941176 0.000000 0.351735 0.060963 0.000000 1.000000
275.235060 112.941176 0.000000 0.470356 0.010694 0.000000 1.000000
276.442231 112.941176 0.000000 -0.683013 -1.266848 0.000000 1.000000
277.649402 112.941176 0.000000 0.219845 0.677627 0.000000 1.000000
278.856574 112.941176 0.000000 0.698626 -1.430385 0.000000 1.000000
280.063745 112.941176 0.000000 -0.503281 0.195550 0.000000 1.000000
281.270916 112.941176 0.000000 -0.653782 0.265289 0.000000 1.000000
282.478088 112.941176 0.000000 0.126894 -0.262435 0.000000 1.000000
283.685259 112.941176 0.000000 -0.742223 -0.445135 0.000000 1.000000
284.892430 112.941176 0.000000 0.532028 -0.964010 0.000000 1.000000
286.099602 112.941176 0.000000 -0.178738 0.022764 0.000000 1.000000
287.306773 112.941176 0.000000 0.712060 -0.096289 0.000000 1.000000
288.513944 112.941176 0.000000 -0.544747 0.269466 0.000000 1.000000
289.721116 112.941176 0.000000 -0.456565 0.820242 0.000000 1.000000
290.928287 112.941176 0.000000 0.039931 -1.263903 0.000000 1.000000
292.135458 112.941176 0.000000 0.894768 0.288964 0.000000 1.000000
293.342629 112.941176 0.000000 -0.182814 -0.320878 0.000000 1.000000
294.549801 112.941176 0.000000 -0.002427 0.135370 0.000000 1.000000
295.756972 112.941176 0.000000 -0.527405 -0.782063 0.000000 1.000000
296.964143 112.941176 0.000000 -1.621489 -0.464090 0.000000 1.000000
298.171315 112.941176 0.000000 1.019317 0.458362 0.000000 1.000000
299.378486 112.941176 0.000000 0.063562 -1.400931 0.000000 1.000000
300.585657 112.941176 0.000000 -0.381263 -0.416612 0.000000 1.000000
301.792829 112.941176 0.000000 0.535005 0.004702 0.000000 1.000000
1.207171 116.470588 0.000000 0.260440 -0.009603 0.000000 1.000000
2.414343 116.470588 0.000000 0.044282 -0.208516 0.000000 1.000000
3.621514 116.470588 0.000000 -0.641700 -0.539831 0.000000 1.000000
4.828685 116.470588 0.000000 0.210883 -0.561056 0.000000 1.000000
6.035857 116.470588 0.000000 0.633183 -1.155679 0.000000 1.000000
7.243028 116.470588 0.000000 0.639640 -0.310288 0.000000 1.000000
8.450199 116.470588 0.000000 -1.681357 -1.328248 0.000000 1.000000
9.657371 116.470588 0.000000 -0.657252 -0.788242 0.000000 1.000000
10.864542 116.470588 0.000000 0.299070 0.890456 0.000000 1.000000
12.071713 116.470588 0.000000 -0.514007 -1.195605 0.000000 1.000000
13.278884 116.470588 0.000000 -0.666274 0.602575 0.000000 1.000000
14.486056 116.470588 0.000000 -0.192834 0.696015 0.000000 1.000000
15.693227 116.470588 0.000000 -0.239239 0.213231 0.000000 1.000000
16.900398 116.470588 0.000000 0.121829 0.562723 0.000000 1.000000
18.107570 116.470588 0.000000 0.769974 0.240036 0.000000 1.000000
19.314741 116.470588 0.000000 -0.052666 0.507280 0.000000 1.000000
20.521912 116.470588 0.000000 0.285612 0.548856 0.000000 1.000000
21.729084 116.470588 0.000000 0.471769 1.049297 0.000000 1.000000
22.936255 116.470588 0.000000 1.029679 -0.221896 0.000000 1.000000
24.143426 116.470588 0.000000 -0.773348 -0.531654 0.000000 1.000000
25.350598 116.470588 0.000000 1.984656 -1.231028 0.000000 1.000000
26.557769 116.470588 0.000000 -0.114993 0.034917 0.000000 1.000000
27.764940 116.470588 0.000000 -0.373147 -1.515765 0.000000 1.000000
28.972112 116.470588 0.000000 0.381165 0.640991 0.000000 1.000000
30.179283 116.470588 0.000000 1.035808 -0.083461 0.000000 1.000000
31.386454 116.470588 0.000000 0.782368 0.125091 0.000000 1.000000
32.593625 116.470588 0.000000 -1.303224 -0.133356 0.000000 1.000000
33.800797 116.470588 0.000000 -0.420161 -0.114812 0.000000 1.000000
35.007968 116.470588 0.000000 0.201076 0.120636 0.000000 1.000000
36.215139 116.470588 0.000000 0.569328 0.872090 0.000000 1.000000
37.422311 116.470588 0.000000 1.255810 0.213184 0.000000 1.000000
38.629482 116.470588 0.000000 -0.219955 -0.232840 0.000000 1.000000
39.836653 116.470588 0.000000 1.505920 -0.704042 0.000000 1.000000
41.043825 116.470588 0.000000 1.188245 -0.444291 0.000000 1.000000
42.250996 116.470588 0.000000 0.099264 1.063715 0.000000 1.000000
43.458167 116.470588 0.000000 0.004978 -0.926123 0.000000 1.000000
44.665339 116.470588 0.000000 -1.214139 -0.835648 0.000000 1.000000
45.872510 116.470588 0.000000 0.144382 -0.763310 0.000000 1.000000
47.079681 116.470588 0.000000 0.208061 0.268907 0.000000 1.000000
48.286853 116.470588 0.000000 1.791239 -0.277587 0.000000 1.000000
49.494024 116.470588 0.000000 -0.105196 -0.877333 0.000000 1.000000
50.701195 116.470588 0.000000 -1.284941 -1.305648 0.000000 1.000000
51.908367 116.470588 0.000000 0.756870 -0.374665 0.000000 1.000000
53.115538 116.470588 0.000000 0.550528 -1.271580 0.000000 1.000000
54.322709 116.470588 0.000000 1.594237 -0.304396 0.000000 1.000000
55.529880 116.470588 0.000000 0.473460 -0.377031 0.000000 1.000000
56.737052 116.470588 0.000000 0.768797 0.903638 0.000000 1.000000
57.944223 116.470588 0.000000 -1.389311 0.433384 0.000000 1.000000
59.151394 116.470588 0.000000 -0.524784 0.661441 0.000000 1.000000
60.358566 116.470588 0.000000 0.824845 -0.412313 0.000000 1.000000
61.565737 116.470588 0.000000 -0.782814 0.302299 0.000000 1.000000
62.772908 116.470588 0.000000 -0.099929 0.035632 0.000000 1.000000
63.980080 116.470588 0.000000 0.603897 1.137094 0.000000 1.000000
65.187251 116.470588 0.000000 -0.013441 0.213113 0.000000 1.000000
66.394422 116.470588 0.000000 -0.790639 0.123211 0.000000 1.000000
67.601594 116.470588 0.000000 1.130465 0.749579 0.000000 1.000000
68.808765 116.470588 0.000000 0.377993 -0.584511 0.000000 1.000000
70.015936 116.470588 0.000000 0.818319 0.479583 0.000000 1.000000
71.223108 116.470588 0.000000 0.857111 0.550130 0.000000 1.000000
72.430279 116.470588 0.000000 0.357640 0.203322 0.000000 1.000000
73.637450 116.470588 0.000000 0.819934 -0.675551 0.000000 1.000000
74.844622 116.470588 0.000000 -1.055705 -0.679219 0.000000 1.000000
76.051793 116.470588 0.000000 -0.601030 -0.441315 0.000000 1.000000
77.258964 116.470588 0.000000 0.331873 -0.234923 0.000000 1.000000
78.466135 116.470588 0.000000 -0.105462 -0.703127 0.000000 1.000000
79.673307 116.470588 0.000000 0.986743 -0.373034 0.000000 1.000000
80.880478 116.470588 0.000000 0.602923 -0.858952 0.000000 1.000000
82.087649 116.470588 0.000000 0.199319 0.059439 0.000000 1.000000
83.294821 116.470588 0.000000 -0.683526 0.879341 0.000000 1.000000
84.501992 116.470588 0.000000 -0.068300 1.242829 0.000000 1.000000
85.709163 116.470588 0.000000 0.184721 -0.724201 0.000000 1.000000
86.916335 116.470588 0.000000 -0.130011 0.162490 0.000000 1.000000
88.123506 116.470588 0.000000 0.818393 -0.603605 0.000000 1.000000
89.330677 116.470588 0.000000 0.255502 0.512945 0.000000 1.000000
90.537849 116.470588 0.000000 0.850647 -0.676263 0.000000 1.000000
91.745020 116.470588 0.000000 -0.595024 -0.233121 0.000000 1.000000
92.952191 116.470588 0.000000 -0.241802 0.228810 0.000000 1.000000
94.159363 116.470588 0.000000 0.846077 -0.397249 0.000000 1.000000
95.366534 116.470588 0.000000 0.655389 -0.808453 0.000000 1.000000
96.573705 116.470588 0.000000 -0.283278 -0.352646 0.000000 1.000000
97.780876 116.470588 0.000000 -0.937378 -1.138102 0.000000 1.000000
98.988048 116.470588 0.000000 0.983836 -0.497441 0.000000 1.000000
100.195219 116.470588 0.000000 -0.200329 0.943823 0.000000 1.000000
101.402390 116.470588 0.000000 -0.398618 0.351301 0.000000 1.000000
102.609562 116.470588 0.000000 -0.090894 0.963049 0.000000 1.000000
103.816733 116.470588 0.000000 0.766378 0.119030 0.000000 1.000000
105.023904 116.470588 0.000000 -0.099236 0.233639 0.000000 1.000000
106.231076 116.470588 0.000000 0.904334 0.060663 0.000000 1.000000
107.438247 116.470588 0.000000 0.313410 0.229222 0.000000 1.000000
108.645418 116.470588 0.000000 0.657883 -0.083491 0.000000 1.000000
109.852590 116.470588 0.000000 0.082999 -1.324190 0.000000 1.000000
111.059761 116.470588 0.000000 -0.736938 0.484127 0.000000 1.000000
112.266932 116.470588 0.000000 0.590267 0.585591 0.000000 1.000000
113.474104 116.470588 0.000000 -1.116355 -0.564159 0.000000 1.000000
114.681275 116.470588 0.000000 0.152683 0.855610 0.000000 1.000000
115.888446 116.470588 0.000000 -0.817544 -0.175798 0.000000 1.000000
117.095618 116.470588 0.000000 -1.098891 -0.962727 0.000000 1.000000
118.302789 116.470588 0.000000 0.354927 0.410310 0.000000 1.000000
119.509960 116.470588 0.000000 -2.142739 0.271680 0.000000 1.000000
120.717131 116.470588 0.000000 0.013585 -0.772884 0.000000 1.000000
121.924303 116.470588 0.000000 -0.661507 -0.346279 0.000000 1.000000
123.131474 116.470588 0.000000 -0.183351 -0.184451 0.000000 1.000000
124.338645 116.470588 0.000000 -0.151901 0.461866 0.000000 1.000000
125.545817 116.470588 0.000000 0.450770 -0.829836 0.000000 1.000000
126.752988 116.470588 0.000000 0.047344 -1.140327 0.000000 1.000000
127.960159 116.470588 0.000000 -0.743854 0.919583 0.000000 1.000000
129.167331 116.470588 0.000000 -1.052544 -0.766799 0.000000 1.000000
130.374502 116.470588 0.000000 1.436443 -0.018310 0.000000 1.000000
131.581673 116.470588 0.000000 -0.074659 -0.335219 0.000000 1.000000
132.788845 116.470588 0.000000 0.257087 1.092544 0.000000 1.000000
133.996016 116.470588 0.000000 0.509175 -0.403597 0.000000 1.000000
135.203187 116.470588 0.000000 0.209729 -0.030667 0.000000 1.000000
136.410359 116.470588 0.000000 -0.025931 0.895596 0.000000 1.000000
137.617530 116.470588 0.000000 0.526770 0.349848 0.000000 1.000000
138.824701 116.470588 0.000000 0.071411 -0.135948 0.000000 1.000000
140.031873 116.470588 0.000000 0.778346 1.322159 0.000000 1.000000
141.239044 116.470588 0.000000 -0.106886 0.584703 0.000000 1.000000
142.446215 116.470588 0.000000 0.223822 0.282224 0.000000 1.000000
143.653386 116.470588 0.000000 0.505967 0.349725 0.000000 1.000000
144.860558 116.470588 0.000000 0.453939 0.085825 0.000000 1.000000
146.067729 116.470588 0.000000 -0.041605 0.158720 0.000000 1.000000
147.274900 116.470588 0.000000 -0.654489 -0.299437 0.000000 1.000000
148.482072 116.470588 0.000000 1.094320 0.453443 0.000000 1.000000
149.689243 116.470588 0.000000 -1.550105 0.148485 0.000000 1.000000
150.896414 116.470588 0.000000 -0.019320 -1.221954 0.000000 1.000000
152.103586 116.470588 0.000000 0.382151 0.385686 0.000000 1.000000
153.310757 116.470588 0.000000 -1.148946 -0.286884 0.000000 1.000000
154.517928 116.470588 0.000000 -0.607295 -0.655759 0.000000 1.000000
155.725100 116.470588 0.000000 1.100466 -0.314636 0.000000 1.000000
156.932271 116.470588 0.000000 0.524883 -0.591560 0.000000 1.000000
158.139442 116.470588 0.000000 -0.303277 -0.106332 0.000000 1.000000
159.346614 116.470588 0.000000 0.492800 0.264111 0.000000 1.000000
160.553785 116.470588 0.000000 -2.301359 -0.251782 0.000000 1.000000
161.760956 116.470588 0.000000 0.313658 -1.321653 0.000000 1.000000
162.968127 116.470588 0.000000 -1.138848 -1.109397 0.000000 1.000000
164.175299 116.470588 0.000000 -1.200834 -1.230169 0.000000 1.000000
165.382470 116.470588 0.000000 -0.938865 -0.283998 0.000000 1.000000
166.589641 116.470588 0.000000 -1.241455 -0.310902 0.000000 1.000000
167.796813 116.470588 0.000000 0.012001 1.917800 0.000000 1.000000
169.003984 116.470588 0.000000 -0.779201 0.592177 0.000000 1.000000
170.211155 116.470588 0.000000 -1.519154 0.592022 0.000000 1.000000
171.418327 116.470588 0.000000 -0.449512 0.410154 0.000000 1.000000
172.625498 116.470588 0.000000 0.239735 -0.197789 0.000000 1.000000
173.832669 116.470588 0.000000 -0.296036 0.458565 0.000000 1.000000
175.039841 116.470588 0.000000 -0.404158 0.951334 0.000000 1.000000
176.247012 116.470588 0.000000 0.748546 0.619218 0.000000 1.000000
177.454183 116.470588 0.000000 -0.184563 -1.056205 0.000000 1.000000
178.661355 116.470588 0.000000 1.005800 0.382602 0.000000 1.000000
179.868526 116.470588 0.000000 -0.663434 0.087795 0.000000 1.000000
181.075697 116.470588 0.000000 -0.226993 -0.660529 0.000000 1.000000
182.282869 116.470588 0.000000 -0.224111 -0.624083 0.000000 1.000000
183.490040 116.470588 0.000000 0.258223 0.116969 0.000000 1.000000
184.697211 116.470588 0.000000 -0.103986 -0.235978 0.000000 1.000000
185.904382 116.470588 0.000000 0.435009 -0.768525 0.000000 1.000000
187.111554 116.470588 0.000000 0.170840 -1.277631 0.000000 1.000000
188.318725 116.470588 0.000000 0.163072 0.586742 0.000000 1.000000
189.525896 116.470588 0.000000 -0.941876 0.585481 0.000000 1.000000
190.733068 116.470588 0.000000 0.597950 0.598610 0.000000 1.000000
191.940239 116.470588 0.000000 -0.042827 0.675717 0.000000 1.000000
193.147410 116.470588 0.000000 0.765226 0.274570 0.000000 1.000000
194.354582 116.470588 0.000000 0.904274 0.283136 0.000000 1.000000
195.561753 116.470588 0.000000 -0.348160 -0.492658 0.000000 1.000000
196.768924 116.470588 0.000000 0.570895 0.649823 0.000000 1.000000
197.976096 116.470588 0.000000 -0.388974 -0.220273 0.000000 1.000000
199.183267 116.470588 0.000000 -0.185092 0.656352 0.000000 1.000000
200.390438 116.470588 0.000000 -1.001618 0.995198 0.000000 1.000000
201.597610 116.470588 0.000000 0.256693 -1.138241 0.000000 1.000000
202.804781 116.470588 0.000000 -0.708343 -0.269206 0.000000 1.000000
204.011952 116.470588 0.000000 -0.226834 -0.001929 0.000000 1.000000
205.219124 116.470588 0.000000 0.133979 -0.540212 0.000000 1.000000
206.426295 116.470588 0.000000 1.244760 0.107130 0.000000 1.000000
207.633466 116.470588 0.000000 -0.276832 0.683365 0.000000 1.000000
208.840637 116.470588 0.000000 -0.781548 0.889756 0.000000 1.000000
210.047809 116.470588 0.000000 -0.799863 1.255767 0.000000 1.000000
211.254980 116.470588 0.000000 -1.113956 -0.539872 0.000000 1.000000
212.462151 116.470588 0.000000 -0.223159 0.572845 0.000000 1.000000
213.669323 116.470588 0.000000 0.225056 1.206562 0.000000 1.000000
214.876494 116.470588 0.000000 0.057891 -0.166484 0.000000 1.000000
216.083665 116.470588 0.000000 0.948877 1.016326 0.000000 1.000000
217.290837 116.470588 0.000000 -0.864645 0.920338 0.000000 1.000000
218.498008 116.470588 0.000000 0.878874 -0.875000 0.000000 1.000000
219.705179 116.470588 0.000000 0.274677 -0.363372 0.000000 1.000000
220.912351 116.470588 0.000000 -0.958468 0.531203 0.000000 1.000000
222.119522 116.470588 0.000000 0.669454 0.231840 0.000000 1.000000
223.326693 116.470588 0.000000 -0.487916 0.830827 0.000000 1.000000
224.533865 116.470588 0.000000 0.030676 0.227393 0.000000 1.000000
225.741036 116.470588 0.000000 -0.360923 -1.002858 0.000000 1.000000
226.948207 116.470588 0.000000 0.242597 0.378792 0.000000 1.000000
228.155378 116.470588 0.000000 0.267859 0.520208 0.000000 1.000000
229.362550 116.470588 0.000000 1.231184 -0.294785 0.000000 1.000000
230.569721 116.470588 0.000000 -1.314241 0.631208 0.000000 1.000000
231.776892 116.470588 0.000000 -0.276836 -0.757762 0.000000 1.000000
232.984064 116.470588 0.000000 -0.977701 0.693054 0.000000 1.000000
234.191235 116.470588 0.000000 -0.532891 -0.464785 0.000000 1.000000
235.398406 116.470588 0.000000 0.350504 0.261975 0.000000 1.000000
236.605578 116.470588 0.000000 -0.082758 -0.319295 0.000000 1.000000
237.812749 116.470588 0.000000 -1.319092 1.355169 0.000000 1.000000
239.019920 116.470588 0.000000 -1.770867 -0.042870 0.000000 1.000000
240.227092 116.470588 0.000000 -0.834809 -0.183260 0.000000 1.000000
241.434263 116.470588 0.000000 -0.190228 0.155137 0.000000 1.000000
242.641434 116.470588 0.000000 0.129460 -1.971952 0.000000 1.000000
243.848606 116.470588 0.000000 0.798283 0.070085 0.000000 1.000000
245.055777 116.470588 0.000000 -0.706820 -0.077954 0.000000 1.000000
246.262948 116.470588 0.000000 -0.531434 -2.127252 0.000000 1.000000
247.470120 116.470588 0.000000 1.000122 1.031534 0.000000 1.000000
248.677291 116.470588 0.000000 0.442755 0.836420 0.000000 1.000000
249.884462 116.470588 0.000000 0.715160 -0.279624 0.000000 1.000000
251.091633 116.470588 0.000000 0.025595 -0.119670 0.000000 1.000000
252.298805 116.470588 0.000000 0.245919 -0.733587 0.000000 1.000000
253.505976 116.470588 0.000000 0.723835 -0.031812 0.000000 1.000000
254.713147 116.470588 0.000000 -0.035245 0.416469 0.000000 1.000000
255.920319 116.470588 0.000000 0.106481 -0.265819 0.000000 1.000000
257.127490 116.470588 0.000000 -0.194905 -1.580895 0.000000 1.000000
258.334661 116.470588 0.000000 0.818533 0.280489 0.000000 1.000000
259.541833 116.470588 0.000000 0.158161 1.178083 0.000000 1.000000
260.749004 116.470588 0.000000 -0.504502 0.062322 0.000000 1.000000
261.956175 116.470588 0.000000 -0.533726 0.771740 0.000000 1.000000
263.163347 116.470588 0.000000 -0.891092 0.771184 0.000000 1.000000
264.370518 116.470588 0.000000 0.857612 0.261978 0.000000 1.000000
265.577689 116.470588 0.000000 0.990624 -0.170730 0.000000 1.000000
266.784861 116.470588 0.000000 -0.376147 0.402330 0.000000 1.000000
267.992032 116.470588 0.000000 -0.606871 -0.059185 0.000000 1.000000
269.199203 116.470588 0.000000 0.644460 0.626565 0.000000 1.000000
270.406375 116.470588 0.000000 0.005820 -0.842176 0.000000 1.000000
271.613546 116.470588 0.000000 0.484428 -0.468544 0.000000 1.000000
272.820717 116.470588 0.000000 0.025958 -1.736236 0.000000 1.000000
274.027888 116.470588 0.000000 1.014738 0.304360 0.000000 1.000000
275.235060 116.470588 0.000000 -0.545467 0.254217 0.000000 1.000000
276.442231 116.470588 0.000000 -0.691677 0.754947 0.000000 1.000000
277.649402 116.470588 0.000000 -0.209878 0.331437 0.000000 1.000000
278.856574 116.470588 0.000000 0.477309 1.370213 0.000000 1.000000
280.063745 116.470588 0.000000 1.300053 1.089788 0.000000 1.000000
281.270916 116.470588 0.000000 0.632398 0.915176 0.000000 1.000000
282.478088 116.470588 0.000000 -1.146770 0.387424 0.000000 1.000000
283.685259 116.470588 0.000000 -0.867695 -0.767965 0.000000 1.000000
284.892430 116.470588 0.000000 1.059237 -0.158661 0.000000 1.000000
286.099602 116.470588 0.000000 -0.943786 -0.900256 0.000000 1.000000
287.306773 116.470588 0.000000 0.653740 0.380623 0.000000 1.000000
288.513944 116.470588 0.000000 0.176848 -1.194254 0.000000 1.000000
289.721116 116.470588 0.000000 0.025922 0.583329 0.000000 1.000000
290.928287 116.470588 0.000000 -0.734010 -0.909689 0.000000 1.000000
292.135458 116.470588 0.000000 -0.176573 0.006399 0.000000 1.000000
293.342629 116.470588 0.000000 0.605750 -0.670682 0.000000 1.000000
294.549801 116.470588 0.000000 -0.313837 0.290711 0.000000 1.000000
295.756972 116.470588 0.000000 0.719589 0.348775 0.000000 1.000000
296.964143 116.470588 0.000000 -0.230383 -1.011198 0.000000 1.000000
298.171315 116.470588 0.000000 1.270624 0.504946 0.000000 1.000000
299.378486 116.470588 0.000000 -0.548441 -0.440287 0.000000 1.000000
300.585657 116.470588 0.000000 0.003594 0.200871 0.000000 1.000000
301.792829 116.470588 0.000000 -0.478434 0.877839 0.000000 1.000000
1.207171 120.000000 0.000000 0.947507 0.195168 0.000000 1.000000
2.414343 120.000000 0.000000 0.135382 -0.497765 0.000000 1.000000
3.621514 120.000000 0.000000 -0.161262 -0.826069 0.000000 1.000000
4.828685 120.000000 0.000000 0.606761 0.775475 0.000000 1.000000
6.035857 120.000000 0.000000 0.176392 1.355077 0.000000 1.000000
7.243028 120.000000 0.000000 0.079609 -0.079562 0.000000 1.000000
8.450199 120.000000 0.000000 0.883843 -1.104371 0.000000 1.000000
9.657371 120.000000 0.000000 0.273093 -1.133961 0.000000 1.000000
10.864542 120.000000 0.000000 -1.116228 -0.108854 0.000000 1.000000
12.071713 120.000000 0.000000 -0.637983 0.480560 0.000000 1.000000
13.278884 120.000000 0.000000 -0.350151 1.488362 0.000000 1.000000
14.486056 120.000000 0.000000 0.357175 -0.549353 0.000000 1.000000
15.693227 120.000000 0.000000 0.253735 0.472634 0.000000 1.000000
16.900398 120.000000 0.000000 1.528178 -0.886417 0.000000 1.000000
18.107570 120.000000 0.000000 -0.055007 0.739337 0.000000 1.000000
19.314741 120.000000 0.000000 0.222513 -0.437198 0.000000 1.000000
20.521912 120.000000 0.000000 -0.654123 -0.151957 0.000000 1.000000
21.729084 120.000000 0.000000 0.879137 0.381416 0.000000 1.000000
22.936255 120.000000 0.000000 0.223939 1.075735 0.000000 1.000000
24.143426 120.000000 0.000000 -0.118898 -0.046036 0.000000 1.000000
25.350598 120.000000 0.000000 -0.463318 -1.098571 0.000000 1.000000
26.557769 120.000000 0.000000 0.327630 -1.005289 0.000000 1.000000
27.764940 120.000000 0.000000 0.053869 0.944674 0.000000 1.000000
28.972112 120.000000 0.000000 0.470089 0.617717 0.000000 1.000000
30.179283 120.000000 0.000000 -1.040439 -0.020769 0.000000 1.000000
31.386454 120.000000 0.000000 0.810438 -0.825173 0.000000 1.000000
32.593625 120.000000 0.000000 0.303978 -0.869462 0.000000 1.000000
33.800797 120.000000 0.000000 -0.839047 0.417967 0.000000 1.000000
35.007968 120.000000 0.000000 -0.409070 -0.042800 0.000000 1.000000
36.215139 120.000000 0.000000 0.819789 -0.712906 0.000000 1.000000
37.422311 120.000000 0.000000 2.072202 0.829014 0.000000 1.000000
38.629482 120.000000 0.000000 -0.366986 0.849028 0.000000 1.000000
39.836653 120.000000 0.000000 0.542037 0.593224 0.000000 1.000000
41.043825 120.000000 0.000000 -0.117583 0.758086 0.000000 1.000000
42.250996 120.000000 0.000000 0.446161 0.517548 0.000000 1.000000
43.458167 120.000000 0.000000 0.297915 0.064013 0.000000 1.000000
44.665339 120.000000 0.000000 -0.126606 -0.952007 0.000000 1.000000
45.872510 120.000000 0.000000 -0.010395 -0.698371 0.000000 1.000000
47.079681 120.000000 0.000000 -0.009613 0.552744 0.000000 1.000000
48.286853 120.000000 0.000000 1.101516 -0.758803 0.000000 1.000000
49.494024 120.000000 0.000000 -0.563462 -0.767312 0.000000 1.000000
50.701195 120.000000 0.000000 0.269711 0.436719 0.000000 1.000000
51.908367 120.000000 0.000000 -0.300736 -0.142267 0.000000 1.000000
53.115538 120.000000 0.000000 2.030636 -0.316889 0.000000 1.000000
54.322709 120.000000 0.000000 -0.448531 -0.707082 0.000000 1.000000
55.529880 120.000000 0.000000 -1.014177 0.813050 0.000000 1.000000
56.737052 120.000000 0.000000 0.857370 -0.322218 0.000000 1.000000
57.944223 120.000000 0.000000 0.848165 -0.094278 0.000000 1.000000
59.151394 120.000000 0.000000 -0.224445 -0.026213 0.000000 1.000000
60.358566 120.000000 0.000000 -1.416821 -0.762004 0.000000 1.000000
61.565737 120.000000 0.000000 0.177099 0.306956 0.000000 1.000000
62.772908 120.000000 0.000000 0.049145 -0.117564 0.000000 1.000000
63.980080 120.000000 0.000000 0.185254 1.465382 0.000000 1.000000
65.187251 120.000000 0.000000 1.078653 0.105262 0.000000 1.000000
66.394422 120.000000 0.000000 -0.569191 0.490058 0.000000 1.000000
67.601594 120.000000 0.000000 1.166206 1.017986 0.000000 1.000000
68.808765 120.000000 0.000000 -0.998131 -0.055194 0.000000 1.000000
70.015936 120.000000 0.000000 -0.428394 -0.801403 0.000000 1.000000
71.223108 120.000000 0.000000 0.259664 -0.772250 0.000000 1.000000
72.430279 120.000000 0.000000 -0.080541 0.064096 0.000000 1.000000
73.637450 120.000000 0.000000 0.511619 0.291313 0.000000 1.000000
74.844622 120.000000 0.000000 -0.879928 0.900193 0.000000 1.000000
76.051793 120.000000 0.000000 -0.381085 1.526584 0.000000 1.000000
77.258964 120.000000 0.000000 0.082772 0.888026 0.000000 1.000000
78.466135 120.000000 0.000000 0.922565 -0.450055 0.000000 1.000000
79.673307 120.000000 0.000000 -0.188749 -0.236575 0.000000 1.000000
80.880478 120.000000 0.000000 -0.220192 -0.019775 0.000000 1.000000
82.087649 120.000000 0.000000 -0.735344 0.075249 0.000000 1.000000
83.294821 120.000000 0.000000 0.009031 -1.398085 0.000000 1.000000
84.501992 120.000000 0.000000 -0.293811 -0.367135 0.000000 1.000000
85.709163 120.000000 0.000000 -0.517059 1.315732 0.000000 1.000000
86.916335 120.000000 0.000000 -1.133959 -0.711969 0.000000 1.000000
88.123506 120.000000 0.000000 0.046596 -0.187924 0.000000 1.000000
89.330677 120.000000 0.000000 0.386463 1.149325 0.000000 1.000000
90.537849 120.000000 0.000000 1.335053 0.136872 0.000000 1.000000
91.745020 120.000000 0.000000 -0.370362 0.248423 0.000000 1.000000
92.952191 120.000000 0.000000 -0.890777 0.942004 0.000000 1.000000
94.159363 120.000000 0.000000 1.636178 -0.612647 0.000000 1.000000
95.366534 120.000000 0.000000 -0.645096 -0.405185 0.000000 1.000000
96.573705 120.000000 0.000000 0.124992 0.057934 0.000000 1.000000
97.780876 120.000000 0.000000 -0.283199 -0.707304 0.000000 1.000000
98.988048 120.000000 0.000000 1.034606 -0.186489 0.000000 1.000000
100.195219 120.000000 0.000000 -0.274589 0.140631 0.000000 1.000000
101.402390 120.000000 0.000000 1.017056 0.078079 0.000000 1.000000
102.609562 120.000000 0.000000 0.514902 -0.305256 0.000000 1.000000
103.816733 120.000000 0.000000 0.262885 0.153673 0.000000 1.000000
105.023904 120.000000 0.000000 1.203775 -1.883991 0.000000 1.000000
106.231076 120.000000 0.000000 0.090431 0.563120 0.000000 1.000000
107.438247 120.000000 0.000000 0.313195 -0.831196 0.000000 1.000000
108.645418 120.000000 0.000000 0.787014 0.570923 0.000000 1.000000
109.852590 120.000000 0.000000 0.835514 -0.448770 0.000000 1.000000
111.059761 120.000000 0.000000 0.111431 -0.793713 0.000000 1.000000
112.266932 120.000000 0.000000 -0.122237 -0.023053 0.000000 1.000000
113.474104 120.000000 0.000000 0.171756 -1.188003 0.000000 1.000000
114.681275 120.000000 0.000000 -0.806691 0.374582 0.000000 1.000000
115.888446 120.000000 0.000000 -0.107191 0.369186 0.000000 1.000000
117.095618 120.000000 0.000000 -0.894681 -0.201232 0.000000 1.000000
118.302789 120.000000 0.000000 -0.300741 -0.294113 0.000000 1.000000
119.509960 120.000000 0.000000 -0.970583 -0.777107 0.000000 1.000000
120.717131 120.000000 0.000000 -0.867949 -0.159451 0.000000 1.000000
121.924303 120.000000 0.000000 -0.800821 -0.310995 0.000000 1.000000
123.131474 120.000000 0.000000 -0.234576 -0.272069 0.000000 1.000000
124.338645 120.000000 0.000000 -1.053048 -0.200391 0.000000 1.000000
125.545817 120.000000 0.000000 -0.781582 -0.959994 0.000000 1.000000
126.752988 120.000000 0.000000 0.157956 0.072267 0.000000 1.000000
127.960159 120.000000 0.000000 0.243567 -0.712890 0.000000 1.000000
129.167331 120.000000 0.000000 -0.888831 1.027892 0.000000 1.000000
130.374502 120.000000 0.000000 -1.366550 -0.641548 0.000000 1.000000
131.581673 120.000000 0.000000 0.939726 0.133584 0.000000 1.000000
132.788845 120.000000 0.000000 1.186043 1.203579 0.000000 1.000000
133.996016 120.000000 0.000000 0.980521 1.075251 0.000000 1.000000
135.203187 120.000000 0.000000 0.058161 -0.669206 0.000000 1.000000
136.410359 120.000000 0.000000 0.582851 -0.816016 0.000000 1.000000
137.617530 120.000000 0.000000 -1.179565 -0.628049 0.000000 1.000000
138.824701 120.000000 0.000000 0.046695 0.106705 0.000000 1.000000
140.031873 120.000000 0.000000 0.888584 -0.130416 0.000000 1.000000
141.239044 120.000000 0.000000 1.694190 0.056773 0.000000 1.000000
142.446215 120.000000 0.000000 0.541380 -0.413190 0.000000 1.000000
143.653386 120.000000 0.000000 0.175982 0.205531 0.000000 1.000000
144.860558 120.000000 0.000000 -0.620707 0.149704 0.000000 1.000000
146.067729 120.000000 0.000000 -0.699123 1.627361 0.000000 1.000000
147.274900 120.000000 0.000000 -0.757863 0.186116 0.000000 1.000000
148.482072 120.000000 0.000000 -0.287732 -1.019885 0.000000 1.000000
149.689243 120.000000 0.000000 0.383666 0.446871 0.000000 1.000000
150.896414 120.000000 0.000000 -0.992176 -0.746480 0.000000 1.000000
152.103586 120.000000 0.000000 0.868119 0.597373 0.000000 1.000000
153.310757 120.000000 0.000000 0.454364 -0.776774 0.000000 1.000000
154.517928 120.000000 0.000000 -0.183824 0.945439 0.000000 1.000000
155.725100 120.000000 0.000000 -1.403765 -0.923813 0.000000 1.000000
156.932271 120.000000 0.000000 -0.406283 0.167927 0.000000 1.000000
158.139442 120.000000 0.000000 1.071073 1.304916 0.000000 1.000000
159.346614 120.000000 0.000000 -0.475749 0.806841 0.000000 1.000000
160.553785 120.000000 0.000000 -1.226440 0.399040 0.000000 1.000000
161.760956 120.000000 0.000000 1.150832 -1.064408 0.000000 1.000000
162.968127 120.000000 0.000000 -0.103497 1.136421 0.000000 1.000000
164.175299 120.000000 0.000000 -0.039063 0.368605 0.000000 1.000000
165.382470 120.000000 0.000000 0.289594 -0.589862 0.000000 1.000000
166.589641 120.000000 0.000000 -0.221351 0.779954 0.000000 1.000000
167.796813 120.000000 0.000000 0.315148 -0.538941 0.000000 1.000000
169.003984 120.000000 0.000000 0.067382 -0.366817 0.000000 1.000000
170.211155 120.000000 0.000000 0.219045 -0.328691 0.000000 1.000000
171.418327 120.000000 0.000000 0.378298 -0.565979 0.000000 1.000000
172.625498 120.000000 0.000000 0.538940 -0.979170 0.000000 1.000000
173.832669 120.000000 0.000000 1.143501 0.124893 0.000000 1.000000
175.039841 120.000000 0.000000 0.657682 0.271316 0.000000 1.000000
176.247012 120.000000 0.000000 1.348682 -0.689226 0.000000 1.000000
177.454183 120.000000 0.000000 -1.464940 0.923846 0.000000 1.000000
178.661355 120.000000 0.000000 -0.471748 0.117575 0.000000 1.000000
179.868526 120.000000 0.000000 0.900135 1.029142 0.000000 1.000000
181.075697 120.000000 0.000000 -0.434766 0.077375 0.000000 1.000000
182.282869 120.000000 0.000000 0.470832 0.768418 0.000000 1.000000
183.490040 120.000000 0.000000 -0.532903 0.991207 0.000000 1.000000
184.697211 120.000000 0.000000 0.016266 -0.074711 0.000000 1.000000
185.904382 120.000000 0.000000 0.726138 0.448943 0.000000 1.000000
187.111554 120.000000 0.000000 1.226301 -0.444329 0.000000 1.000000
188.318725 120.000000 0.000000 0.442603 0.980034 0.000000 1.000000
189.525896 120.000000 0.000000 -0.108069 -0.518635 0.000000 1.000000
190.733068 120.000000 0.000000 0.483106 0.551681 0.000000 1.000000
191.940239 120.000000 0.000000 -1.267156 1.049398 0.000000 1.000000
193.147410 120.000000 0.000000 1.118107 -0.582513 0.000000 1.000000
194.354582 120.000000 0.000000 -0.566690 0.574214 0.000000 1.000000
195.561753 120.000000 0.000000 0.613068 0.232585 0.000000 1.000000
196.768924 120.000000 0.000000 -1.011439 -0.423967 0.000000 1.000000
197.976096 120.000000 0.000000 0.293446 -0.103423 0.000000 1.000000
199.183267 120.000000 0.000000 -1.712623 -0.869272 0.000000 1.000000
200.390438 120.000000 0.000000 -1.048047 -0.876839 0.000000 1.000000
201.597610 120.000000 0.000000 0.255989 -0.228910 0.000000 1.000000
202.804781 120.000000 0.000000 0.121059 -0.280014 0.000000 1.000000
204.011952 120.000000 0.000000 0.113394 0.261698 0.000000 1.000000
205.219124 120.000000 0.000000 0.850946 -0.803800 0.000000 1.000000
206.426295 120.000000 0.000000 0.183932 1.284470 0.000000 1.000000
207.633466 120.000000 0.000000 0.063390 -0.230523 0.000000 1.000000
208.840637 120.000000 0.000000 -0.427946 -0.205081 0.000000 1.000000
210.047809 120.000000 0.000000 0.265017 0.050050 0.000000 1.000000
211.254980 120.000000 0.000000 -0.556065 0.255205 0.000000 1.000000
212.462151 120.000000 0.000000 1.765787 0.158177 0.000000 1.000000
213.669323 120.000000 0.000000 -0.044705 1.091885 0.000000 1.000000
214.876494 120.000000 0.000000 0.299775 -0.028204 0.000000 1.000000
216.083665 120.000000 0.000000 -1.240143 -0.038050 0.000000 1.000000
217.290837 120.000000 0.000000 -0.583109 -0.243750 0.000000 1.000000
218.498008 120.000000 0.000000 -0.345006 1.237821 0.000000 1.000000
219.705179 120.000000 0.000000 0.579414 0.703028 0.000000 1.000000
220.912351 120.000000 0.000000 -0.929911 0.181995 0.000000 1.000000
222.119522 120.000000 0.000000 -1.269352 -0.632934 0.000000 1.000000
223.326693 120.000000 0.000000 -0.320072 0.191466 0.000000 1.000000
224.533865 120.000000 0.000000 -0.079250 1.763677 0.000000 1.000000
225.741036 120.000000 0.000000 0.072885 -0.732171 0.000000 1.000000
226.948207 120.000000 0.000000 -0.194486 -1.784452 0.000000 1.000000
228.155378 120.000000 0.000000 0.226720 -0.824844 0.000000 1.000000
229.362550 120.000000 0.000000 0.505772 0.616230 0.000000 1.000000
230.569721 120.000000 0.000000 0.435073 -1.220412 0.000000 1.000000
231.776892 120.000000 0.000000 1.321921 0.750313 0.000000 1.000000
232.984064 120.000000 0.000000 -0.042150 -0.273070 0.000000 1.000000
234.191235 120.000000 0.000000 -0.010959 0.209821 0.000000 1.000000
235.398406 120.000000 0.000000 -0.542299 0.722990 0.000000 1.000000
236.605578 120.000000 0.000000 -0.384650 -0.326540 0.000000 1.000000
237.812749 120.000000 0.000000 0.323595 0.720236 0.000000 1.000000
239.019920 120.000000 0.000000 -0.544914 1.793896 0.000000 1.000000
240.227092 120.000000 0.000000 0.239355 -1.121658 0.000000 1.000000
241.434263 120.000000 0.000000 -0.797126 0.322490 0.000000 1.000000
242.641434 120.000000 0.000000 0.386246 -0.362606 0.000000 1.000000
243.848606 120.000000 0.000000 0.279478 -0.298449 0.000000 1.000000
245.055777 120.000000 0.000000 -0.708939 -0.140369 0.000000 1.000000
246.262948 120.000000 0.000000 -0.128336 0.873471 0.000000 1.000000
247.470120 120.000000 0.000000 0.726234 0.175823 0.000000 1.000000
248.677291 120.000000 0.000000 0.307999 0.830506 0.000000 1.000000
249.884462 120.000000 0.000000 2.370064 -0.158708 0.000000 1.000000
251.091633 120.000000 0.000000 1.265834 -1.039706 0.000000 1.000000
252.298805 120.000000 0.000000 -0.890244 -0.024381 0.000000 1.000000
253.505976 120.000000 0.000000 0.605461 -0.130258 0.000000 1.000000
254.713147 120.000000 0.000000 0.220700 1.572864 0.000000 1.000000
255.920319 120.000000 0.000000 0.294825 -0.958787 0.000000 1.000000
257.127490 120.000000 0.000000 0.423066 -0.589768 0.000000 1.000000
258.334661 120.000000 0.000000 0.142368 0.162503 0.000000 1.000000
259.541833 120.000000 0.000000 -0.387093 0.657970 0.000000 1.000000
260.749004 120.000000 0.000000 -0.535066 0.189552 0.000000 1.000000
261.956175 120.000000 0.000000 0.634935 0.201478 0.000000 1.000000
263.163347 120.000000 0.000000 -0.481267 -0.456355 0.000000 1.000000
264.370518 120.000000 0.000000 -0.468154 0.530365 0.000000 1.000000
265.577689 120.000000 0.000000 0.122278 0.426715 0.000000 1.000000
266.784861 120.000000 0.000000 0.428840 -0.852440 0.000000 1.000000
267.992032 120.000000 0.000000 -0.616256 -0.167091 0.000000 1.000000
269.199203 120.000000 0.000000 0.032693 -0.340492 0.000000 1.000000
270.406375 120.000000 0.000000 -1.096438 0.040104 0.000000 1.000000
271.613546 120.000000 0.000000 -0.127591 -1.045038 0.000000 1.000000
272.820717 120.000000 0.000000 -1.200563 -0.878487 0.000000 1.000000
274.027888 120.000000 0.000000 0.238561 0.167498 0.000000 1.000000
275.235060 120.000000 0.000000 0.992960 0.717336 0.000000 1.000000
276.442231 120.000000 0.000000 0.293995 -0.119038 0.000000 1.000000
277.649402 120.000000 0.000000 0.137965 -0.017437 0.000000 1.000000
278.856574 120.000000 0.000000 -0.280382 0.515151 0.000000 1.000000
280.063745 120.000000 0.000000 1.000701 -0.384264 0.000000 1.000000
281.270916 120.000000 0.000000 1.038238 0.360966 0.000000 1.000000
282.478088 120.000000 0.000000 0.075923 0.129644 0.000000 1.000000
283.685259 120.000000 0.000000 -0.140173 -0.671815 0.000000 1.000000
284.892430 120.000000 0.000000 0.132100 1.292152 0.000000 1.000000
286.099602 120.000000 0.000000 0.996833 -0.458249 0.000000 1.000000
287.306773 120.000000 0.000000 0.382247 0.214864 0.000000 1.000000
288.513944 120.000000 0.000000 0.293412 -0.004281 0.000000 1.000000
289.721116 120.000000 0.000000 0.500597 0.564442 0.000000 1.000000
290.928287 120.000000 0.000000 -0.490382 1.151766 0.000000 1.000000
292.135458 120.000000 0.000000 -1.312836 -0.582172 0.000000 1.000000
293.342629 120.000000 0.000000 0.385537 0.145971 0.000000 1.000000
294.549801 120.000000 0.000000 -1.124880 0.634233 0.000000 1.000000
295.756972 120.000000 0.000000 0.250015 -0.145247 0.000000 1.000000
296.964143 120.000000 0.000000 0.376358 0.310164 0.000000 1.000000
298.171315 120.000000 0.000000 -0.086100 -0.446935 0.000000 1.000000
299.378486 120.000000 0.000000 1.331798 -1.280190 0.000000 1.000000
300.585657 120.000000 0.000000 -0.607468 -0.894894 0.000000 1.000000
301.792829 120.000000 0.000000 -0.060976 0.994856 0.000000 1.000000
1.207171 123.529412 0.000000 -0.133640 -0.126949 0.000000 1.000000
2.414343 123.529412 0.000000 -0.358807 1.724245 0.000000 1.000000
3.621514 123.529412 0.000000 -1.202346 0.052620 0.000000 1.000000
4.828685 123.529412 0.000000 -0.387707 -1.313627 0.000000 1.000000
6.035857 123.529412 0.000000 -0.871723 0.196800 0.000000 1.000000
7.243028 123.529412 0.000000 1.006166 -0.473341 0.000000 1.000000
8.450199 123.529412 0.000000 -0.570760 -0.366891 0.000000 1.000000
9.657371 123.529412 0.000000 0.503692 0.084290 0.000000 1.000000
10.864542 123.529412 0.000000 0.001256 -0.266292 0.000000 1.000000
12.071713 123.529412 0.000000 0.704482 0.037632 0.000000 1.000000
13.278884 123.529412 0.000000 0.950879 -0.266405 0.000000 1.000000
14.486056 123.529412 0.000000 1.195276 -0.234851 0.000000 1.000000
15.693227 123.529412 0.000000 1.078699 0.077430 0.000000 1.000000
16.900398 123.529412 0.000000 -0.048612 -0.031597 0.000000 1.000000
18.107570 123.529412 0.000000 -0.964411 1.353280 0.000000 1.000000
19.314741 123.529412 0.000000 0.539265 -0.523282 0.000000 1.000000
20.521912 123.529412 0.000000 -1.094798 -0.050081 0.000000 1.000000
21.729084 123.529412 0.000000 0.016338 -0.262965 0.000000 1.000000
22.936255 123.529412 0.000000 -0.957632 -0.269045 0.000000 1.000000
24.143426 123.529412 0.000000 1.487832 -0.951800 0.000000 1.000000
25.350598 123.529412 0.000000 0.639334 -0.043769 0.000000 1.000000
26.557769 123.529412 0.000000 -1.116896 -0.994494 0.000000 1.000000
27.764940 123.529412 0.000000 0.645585 -0.172010 0.000000 1.000000
28.972112 123.529412 0.000000 0.032688 -0.532864 0.000000 1.000000
30.179283 123.529412 0.000000 -0.642475 0.646375 0.000000 1.000000
31.386454 123.529412 0.000000 0.405008 0.527488 0.000000 1.000000
32.593625 123.529412 0.000000 0.222948 0.100743 0.000000 1.000000
33.800797 123.529412 0.000000 0.893835 -0.212724 0.000000 1.000000
35.007968 123.529412 0.000000 -0.898356 -0.481725 0.000000 1.000000
36.215139 123.529412 0.000000 -0.599307 0.442543 0.000000 1.000000
37.422311 123.529412 0.000000 1.130381 -0.683765 0.000000 1.000000
38.629482 123.529412 0.000000 0.829162 0.315681 0.000000 1.000000
39.836653 123.529412 0.000000 -0.165599 -0.794045 0.000000 1.000000
41.043825 123.529412 0.000000 1.048432 0.292725 0.000000 1.000000
42.250996 123.529412 0.000000 0.042038 0.800851 0.000000 1.000000
43.458167 123.529412 0.000000 -0.114584 1.056155 0.000000 1.000000
44.665339 123.529412 0.000000 -0.368502 -1.736829 0.000000 1.000000
45.872510 123.529412 0.000000 -0.481982 -0.788212 0.000000 1.000000
47.079681 123.529412 0.000000 -0.226523 0.899432 0.000000 1.000000
48.286853 123.529412 0.000000 0.666892 -0.162665 0.000000 1.000000
49.494024 123.529412 0.000000 0.007867 0.046624 0.000000 1.000000
50.701195 123.529412 0.000000 -0.687096 0.034361 0.000000 1.000000
51.908367 123.529412 0.000000 0.238600 -0.342952 0.000000 1.000000
53.115538 123.529412 0.000000 -0.234022 0.431859 0.000000 1.000000
54.322709 123.529412 0.000000 -0.891581 -0.989651 0.000000 1.000000
55.529880 123.529412 0.000000 0.438055 0.210599 0.000000 1.000000
56.737052 123.529412 0.000000 -0.394770 0.367298 0.000000 1.000000
57.944223 123.529412 0.000000 0.362113 -0.272890 0.000000 1.000000
59.151394 123.529412 0.000000 0.690623 0.535873 0.000000 1.000000
60.358566 123.529412 0.000000 0.101163 0.224274 0.000000 1.000000
61.565737 123.529412 0.000000 0.662813 1.575061 0.000000 1.000000
62.772908 123.529412 0.000000 -0.118784 -0.389999 0.000000 1.000000
63.980080 123.529412 0.000000 0.147766 -0.593539 0.000000 1.000000
65.187251 123.529412 0.000000 0.165768 -0.216885 0.000000 1.000000
66.394422 123.529412 0.000000 -0.014820 -0.185095 0.000000 1.000000
67.601594 123.529412 0.000000 1.454205 0.366373 0.000000 1.000000
68.808765 123.529412 0.000000 -0.937236 0.496191 0.000000 1.000000
70.015936 123.529412 0.000000 -0.046817 0.053490 0.000000 1.000000
71.223108 123.529412 0.000000 0.078836 -0.884379 0.000000 1.000000
72.430279 123.529412 0.000000 0.723041 -0.442412 0.000000 1.000000
73.637450 123.529412 0.000000 0.017505 0.399397 0.000000 1.000000
74.844622 123.529412 0.000000 0.248894 -0.179847 0.000000 1.000000
76.051793 123.529412 0.000000 -0.389493 0.305931 0.000000 1.000000
77.258964 123.529412 0.000000 1.062675 1.216953 0.000000 1.000000
78.466135 123.529412 0.000000 -0.210380 1.038623 0.000000 1.000000
79.673307 123.529412 0.000000 1.546681 -0.426747 0.000000 1.000000
80.880478 123.529412 0.000000 -1.141127 0.314012 0.000000 1.000000
82.087649 123.529412 0.000000 0.901019 -0.028013 0.000000 1.000000
83.294821 123.529412 0.000000 0.769236 -0.092790 0.000000 1.000000
84.501992 123.529412 0.000000 0.875451 -1.102786 0.000000 1.000000
85.709163 123.529412 0.000000 0.807789 0.491349 0.000000 1.000000
86.916335 123.529412 0.000000 -0.617842 -0.417199 0.000000 1.000000
88.123506 123.529412 0.000000 0.107665 0.183900 0.000000 1.000000
89.330677 123.529412 0.000000 0.501378 -0.157252 0.000000 1.000000
90.537849 123.529412 0.000000 -0.696703 -1.291868 0.000000 1.000000
91.745020 123.529412 0.000000 0.430416 -1.410835 0.000000 1.000000
92.952191 123.529412 0.000000 0.428093 0.522268 0.000000 1.000000
94.159363 123.529412 0.000000 -0.282457 -0.042307 0.000000 1.000000
95.366534 123.529412 0.000000 -0.766879 0.181375 0.000000 1.000000
96.573705 123.529412 0.000000 0.940026 0.141430 0.000000 1.000000
97.780876 123.529412 0.000000 0.766833 -0.000191 0.000000 1.000000
98.988048 123.529412 0.000000 0.546267 0.345461 0.000000 1.000000
100.195219 123.529412 0.000000 0.586336 0.946602 0.000000 1.000000
101.402390 123.529412 0.000000 -0.424626 -0.145485 0.000000 1.000000
102.609562 123.529412 0.000000 -1.614820 0.736340 0.000000 1.000000
103.816733 123.529412 0.000000 1.023226 0.728181 0.000000 1.000000
105.023904 123.529412 0.000000 -0.066605 -0.433323 0.000000 1.000000
106.231076 123.529412 0.000000 -0.933471 1.236120 0.000000 1.000000
107.438247 123.529412 0.000000 0.190672 -0.843441 0.000000 1.000000
108.645418 123.529412 0.000000 0.955451 -0.613241 0.000000 1.000000
109.852590 123.529412 0.000000 -0.355631 -0.846584 0.000000 1.000000
111.059761 123.529412 0.000000 -1.113725 0.486851 0.000000 1.000000
112.266932 123.529412 0.000000 -0.487664 -0.015075 0.000000 1.000000
113.474104 123.529412 0.000000 -0.618109 0.640618 0.000000 1.000000
114.681275 123.529412 0.000000 0.820953 0.456541 0.000000 1.000000
115.888446 123.529412 0.000000 -0.453762 1.080445 0.000000 1.000000
117.095618 123.529412 0.000000 -0.292643 -0.747302 0.000000 1.000000
118.302789 123.529412 0.000000 -0.090067 -0.306958 0.000000 1.000000
119.509960 123.529412 0.000000 -0.200555 -0.078993 0.000000 1.000000
120.717131 123.529412 0.000000 2.099445 0.681812 0.000000 1.000000
121.924303 123.529412 0.000000 -0.277695 0.433516 0.000000 1.000000
123.131474 123.529412 0.000000 -1.254687 -0.285671 0.000000 1.000000
124.338645 123.529412 0.000000 -0.392236 -0.305022 0.000000 1.000000
125.545817 123.529412 0.000000 -0.656140 -0.207170 0.000000 1.000000
126.752988 123.529412 0.000000 0.788225 -0.302875 0.000000 1.000000
127.960159 123.529412 0.000000 -1.319113 -0.750931 0.000000 1.000000
129.167331 123.529412 0.000000 0.187819 -0.541858 0.000000 1.000000
130.374502 123.529412 0.000000 0.592132 -0.151891 0.000000 1.000000
131.581673 123.529412 0.000000 0.299542 0.099145 0.000000 1.000000
132.788845 123.529412 0.000000 -0.427770 -0.042940 0.000000 1.000000
133.996016 123.529412 0.000000 0.010188 -0.426479 0.000000 1.000000
135.203187 123.529412 0.000000 0.843729 0.292284 0.000000 1.000000
136.410359 123.529412 0.000000 -0.658137 -0.585683 0.000000 1.000000
137.617530 123.529412 0.000000 -0.953829 -0.962199 0.000000 1.000000
138.824701 123.529412 0.000000 0.139084 1.027329 0.000000 1.000000
140.031873 123.529412 0.000000 0.301107 0.441071 0.000000 1.000000
141.239044 123.529412 0.000000 -0.140515 0.799737 0.000000 1.000000
142.446215 123.529412 0.000000 -0.087970 0.473947 0.000000 1.000000
143.653386 123.529412 0.000000 0.795719 0.860402 0.000000 1.000000
144.860558 123.529412 0.000000 -0.337099 -0.058598 0.000000 1.000000
146.067729 123.529412 0.000000 -1.542969 0.824228 0.000000 1.000000
147.274900 123.529412 0.000000 -0.612117 0.734918 0.000000 1.000000
148.482072 123.529412 0.000000 0.033166 0.090097 0.000000 1.000000
149.689243 123.529412 0.000000 0.695316 0.703744 0.000000 1.000000
150.896414 123.529412 0.000000 0.190771 0.010222 0.000000 1.000000
152.103586 123.529412 0.000000 0.059324 0.214688 0.000000 1.000000
153.310757 123.529412 0.000000 1.006556 -0.425500 0.000000 1.000000
154.517928 123.529412 0.000000 0.072169 0.362459 0.000000 1.000000
155.725100 123.529412 0.000000 -0.171589 -0.817821 0.000000 1.000000
156.932271 123.529412 0.000000 0.217331 -0.303212 0.000000 1.000000
158.139442 123.529412 0.000000 0.375231 -0.377282 0.000000 1.000000
159.346614 123.529412 0.000000 -0.041643 -0.206997 0.000000 1.000000
160.553785 123.529412 0.000000 0.062439 -0.374338 0.000000 1.000000
161.760956 123.529412 0.000000 0.531633 0.348967 0.000000 1.000000
162.968127 123.529412 0.000000 0.516846 0.151984 0.000000 1.000000
164.175299 123.529412 0.000000 0.349340 1.006435 0.000000 1.000000
165.382470 123.529412 0.000000 0.294190 -0.584694 0.000000 1.000000
166.589641 123.529412 0.000000 0.136495 -0.499123 0.000000 1.000000
167.796813 123.529412 0.000000 0.368170 -0.694443 0.000000 1.000000
169.003984 123.529412 0.000000 -0.943244 1.196604 0.000000 1.000000
170.211155 123.529412 0.000000 0.722701 0.492282 0.000000 1.000000
171.418327 123.529412 0.000000 0.182921 0.194741 0.000000 1.000000
172.625498 123.529412 0.000000 0.415532 0.054825 0.000000 1.000000
173.832669 123.529412 0.000000 -0.598219 -0.429677 0.000000 1.000000
175.039841 123.529412 0.000000 0.799791 -0.724799 0.000000 1.000000
176.247012 123.529412 0.000000 -0.038910 -0.800958 0.000000 1.000000
177.454183 123.529412 0.000000 -0.698057 0.665367 0.000000 1.000000
178.661355 123.529412 0.000000 0.266194 -0.325244 0.000000 1.000000
179.868526 123.529412 0.000000 -0.005437 -0.875472 0.000000 1.000000
181.075697 123.529412 0.000000 0.907176 0.839623 0.000000 1.000000
182.282869 123.529412 0.000000 -0.116939 1.348218 0.000000 1.000000
183.490040 123.529412 0.000000 -0.067334 -1.315779 0.000000 1.000000
184.697211 123.529412 0.000000 0.638430 0.279964 0.000000 1.000000
185.904382 123.529412 0.000000 0.479432 0.774218 0.000000 1.000000
187.111554 123.529412 0.000000 0.150976 -0.457171 0.000000 1.000000
188.318725 123.529412 0.000000 0.600244 0.548087 0.000000 1.000000
189.525896 123.529412 0.000000 -0.676463 -0.010100 0.000000 1.000000
190.733068 123.529412 0.000000 -0.635151 -0.243885 0.000000 1.000000
191.940239 123.529412 0.000000 0.735663 -1.145584 0.000000 1.000000
193.147410 123.529412 0.000000 0.655968 -0.437144 0.000000 1.000000
194.354582 123.529412 0.000000 0.029017 -1.493720 0.000000 1.000000
195.561753 123.529412 0.000000 -0.815500 0.730024 0.000000 1.000000
196.768924 123.529412 0.000000 0.267718 -0.131922 0.000000 1.000000
197.976096 123.529412 0.000000 -0.705712 -0.059410 0.000000 1.000000
199.183267 123.529412 0.000000 -0.388335 0.453583 0.000000 1.000000
200.390438 123.529412 0.000000 -0.276399 1.162333 0.000000 1.000000
201.597610 123.529412 0.000000 -0.031111 1.027111 0.000000 1.000000
202.804781 123.529412 0.000000 -0.700770 0.266872 0.000000 1.000000
204.011952 123.529412 0.000000 1.065476 -0.142195 0.000000 1.000000
205.219124 123.529412 0.000000 -0.362164 -0.284874 0.000000 1.000000
206.426295 123.529412 0.000000 0.115780 0.719631 0.000000 1.000000
207.633466 123.529412 0.000000 1.018901 0.049239 0.000000 1.000000
208.840637 123.529412 0.000000 -0.556740 0.537558 0.000000 1.000000
210.047809 123.529412 0.000000 0.295135 0.307137 0.000000 1.000000
211.254980 123.529412 0.000000 0.968637 1.089337 0.000000 1.000000
212.462151 123.529412 0.000000 0.437450 0.392765 0.000000 1.000000
213.669323 123.529412 0.000000 0.297745 0.388262 0.000000 1.000000
214.876494 123.529412 0.000000 -0.326244 0.198643 0.000000 1.000000
216.083665 123.529412 0.000000 0.307678 -0.576419 0.000000 1.000000
217.290837 123.529412 0.000000 -0.615808 -0.905529 0.000000 1.000000
218.498008 123.529412 0.000000 -0.042432 0.397368 0.000000 1.000000
219.705179 123.529412 0.000000 -0.593415 -1.249036 0.000000 1.000000
220.912351 123.529412 0.000000 -1.154513 -1.335206 0.000000 1.000000
222.119522 123.529412 0.000000 -0.806013 -0.179200 0.000000 1.000000
223.326693 123.529412 0.000000 1.726203 -0.154159 0.000000 1.000000
224.533865 123.529412 0.000000 -0.857724 -0.787572 0.000000 1.000000
225.741036 123.529412 0.000000 0.361432 -0.174889 0.000000 1.000000
226.948207 123.529412 0.000000 0.037566 0.603838 0.000000 1.000000
228.155378 123.529412 0.000000 0.127356 -0.274028 0.000000 1.000000
229.362550 123.529412 0.000000 -0.864042 -0.639504 0.000000 1.000000
230.569721 123.529412 0.000000 -0.041014 0.466493 0.000000 1.000000
231.776892 123.529412 0.000000 -0.277450 0.438260 0.000000 1.000000
232.984064 123.529412 0.000000 1.222889 1.364208 0.000000 1.000000
234.191235 123.529412 0.000000 1.710963 -0.120450 0.000000 1.000000
235.398406 123.529412 0.000000 0.448160 -0.079101 0.000000 1.000000
236.605578 123.529412 0.000000 -0.162181 0.176585 0.000000 1.000000
237.812749 123.529412 0.000000 -0.495199 -0.105132 0.000000 1.000000
239.019920 123.529412 0.000000 -0.032441 0.468864 0.000000 1.000000
240.227092 123.529412 0.000000 0.512303 -1.185399 0.000000 1.000000
241.434263 123.529412 0.000000 0.016009 0.280325 0.000000 1.000000
242.641434 123.529412 0.000000 0.694659 -1.189980 0.000000 1.000000
243.848606 123.529412 0.000000 -0.709763 -0.136199 0.000000 1.000000
245.055777 123.529412 0.000000 -0.791083 0.796614 0.000000 1.000000
246.262948 123.529412 0.000000 -0.542566 0.573384 0.000000 1.000000
247.470120 123.529412 0.000000 -0.219616 -1.564491 0.000000 1.000000
248.677291 123.529412 0.000000 -0.515393 -0.223431 0.000000 1.000000
249.884462 123.529412 0.000000 -0.378396 0.673768 0.000000 1.000000
251.091633 123.529412 0.000000 -1.283491 -0.784326 0.000000 1.000000
252.298805 123.529412 0.000000 0.163908 -0.539643 0.000000 1.000000
253.505976 123.529412 0.000000 0.210230 -1.513201 0.000000 1.000000
254.713147 123.529412 0.000000 -1.127871 -1.296225 0.000000 1.000000
255.920319 123.529412 0.000000 -0.335493 0.397061 0.000000 1.000000
257.127490 123.529412 0.000000 -0.550219 0.574767 0.000000 1.000000
258.334661 123.529412 0.000000 0.440535 -0.557630 0.000000 1.000000
259.541833 123.529412 0.000000 0.862456 -0.403625 0.000000 1.000000
260.749004 123.529412 0.000000 -1.810467 -0.037213 0.000000 1.000000
261.956175 123.529412 0.000000 0.445248 0.182662 0.000000 1.000000
263.163347 123.529412 0.000000 -0.054791 0.276334 0.000000 1.000000
264.370518 123.529412 0.000000 -0.376225 0.560802 0.000000 1.000000
265.577689 123.529412 0.000000 -1.507685 -0.347245 0.000000 1.000000
266.784861 123.529412 0.000000 -1.445950 -0.715762 0.000000 1.000000
267.992032 123.529412 0.000000 1.454901 -0.615290 0.000000 1.000000
269.199203 123.529412 0.000000 -0.105313 0.278416 0.000000 1.000000
270.406375 123.529412 0.000000 -0.651560 0.996925 0.000000 1.000000
271.613546 123.529412 0.000000 -0.514945 -0.359664 0.000000 1.000000
272.820717 123.529412 0.000000 0.860431 -0.346603 0.000000 1.000000
274.027888 123.529412 0.000000 -1.088645 0.816168 0.000000 1.000000
275.235060 123.529412 0.000000 0.576043 1.254725 0.000000 1.000000
276.442231 123.529412 0.000000 0.050704 0.769802 0.000000 1.000000
277.649402 123.529412 0.000000 0.380258 -0.051533 0.000000 1.000000
278.856574 123.529412 0.000000 -0.759261 0.823875 0.000000 1.000000
280.063745 123.529412 0.000000 0.553581 -0.049782 0.000000 1.000000
281.270916 123.529412 0.000000 -1.232733 1.083660 0.000000 1.000000
282.478088 123.529412 0.000000 -0.551788 2.396427 0.000000 1.000000
283.685259 123.529412 0.000000 0.981990 -0.299897 0.000000 1.000000
284.892430 123.529412 0.000000 -0.462205 -0.272846 0.000000 1.000000
286.099602 123.529412 0.000000 1.343266 -1.017480 0.000000 1.000000
287.306773 123.529412 0.000000 0.242717 -0.552296 0.000000 1.000000
288.513944 123.529412 0.000000 -0.247868 0.549753 0.000000 1.000000
289.721116 123.529412 0.000000 -0.047665 -0.240470 0.000000 1.000000
290.928287 123.529412 0.000000 -0.455875 -0.207955 0.000000 1.000000
292.135458 123.529412 0.000000 0.064071 -0.507514 0.000000 1.000000
293.342629 123.529412 0.000000 1.036212 -0.264351 0.000000 1.000000
294.549801 123.529412 0.000000 0.868014 0.093550 0.000000 1.000000
295.756972 123.529412 0.000000 -0.140997 -0.337617 0.000000 1.000000
296.964143 123.529412 0.000000 1.221478 -0.487946 0.000000 1.000000
298.171315 123.529412 0.000000 0.342384 -0.194610 0.000000 1.000000
299.378486 123.529412 0.000000 0.493010 0.459284 0.000000 1.000000
300.585657 123.529412 0.000000 -0.297079 -0.099794 0.000000 1.000000
301.792829 123.529412 0.000000 0.522984 -0.241661 0.000000 1.000000
1.207171 127.058824 0.000000 0.371965 0.553045 0.000000 1.000000
2.414343 127.058824 0.000000 0.561496 -0.114638 0.000000 1.000000
3.621514 127.058824 0.000000 0.598402 -0.462388 0.000000 1.000000
4.828685 127.058824 0.000000 1.048598 -0.710265 0.000000 1.000000
6.035857 127.058824 0.000000 -0.083945 1.355336 0.000000 1.000000
7.243028 127.058824 0.000000 -0.624057 -0.869450 0.000000 1.000000
8.450199 127.058824 0.000000 0.790466 0.243861 0.000000 1.000000
9.657371 127.058824 0.000000 -0.263992 -0.335869 0.000000 1.000000
10.864542 127.058824 0.000000 -0.777450 -1.048678 0.000000 1.000000
12.071713 127.058824 0.000000 0.856411 0.131960 0.000000 1.000000
13.278884 127.058824 0.000000 0.416370 -1.386880 0.000000 1.000000
14.486056 127.058824 0.000000 0.214273 -0.459001 0.000000 1.000000
15.693227 127.058824 0.000000 -0.730666 0.258946 0.000000 1.000000
16.900398 127.058824 0.000000 -0.632746 -0.339311 0.000000 1.000000
18.107570 127.058824 0.000000 -0.204956 0.402896 0.000000 1.000000
19.314741 127.058824 0.000000 -0.337255 0.063113 0.000000 1.000000
20.521912 127.058824 0.000000 0.863193 -0.545736 0.000000 1.000000
21.729084 127.058824 0.000000 1.148664 0.341235 0.000000 1.000000
22.936255 127.058824 0.000000 -0.399910 -1.242149 0.000000 1.000000
24.143426 127.058824 0.000000 0.638950 -1.517380 0.000000 1.000000
25.350598 127.058824 0.000000 1.495032 0.618144 0.000000 1.000000
26.557769 127.058824 0.000000 -0.689026 0.751453 0.000000 1.000000
27.764940 127.058824 0.000000 -0.118134 -0.186692 0.000000 1.000000
28.972112 127.058824 0.000000 0.400520 0.058834 0.000000 1.000000
30.179283 127.058824 0.000000 0.274058 -0.353219 0.000000 1.000000
31.386454 127.058824 0.000000 0.421428 0.432662 0.000000 1.000000
32.593625 127.058824 0.000000 -0.442913 0.938209 0.000000 1.000000
33.800797 127.058824 0.000000 0.336173 -0.125780 0.000000 1.000000
35.007968 127.058824 0.000000 0.589931 0.093611 0.000000 1.000000
36.215139 127.058824 0.000000 1.062934 -0.224571 0.000000 1.000000
37.422311 127.058824 0.000000 1.130256 1.102893 0.000000 1.000000
38.629482 127.058824 0.000000 0.070775 -0.870362 0.000000 1.000000
39.836653 127.058824 0.000000 -0.210070 -0.221995 0.000000 1.000000
41.043825 127.058824 0.000000 1.544501 -0.069052 0.000000 1.000000
42.250996 127.058824 0.000000 0.149144 0.439978 0.000000 1.000000
43.458167 127.058824 0.000000 -0.472796 -0.462910 0.000000 1.000000
44.665339 127.058824 0.000000 0.691927 1.001935 0.000000 1.000000
45.872510 127.058824 0.000000 0.506051 1.004233 0.000000 1.000000
47.079681 127.058824 0.000000 -0.366345 -0.274665 0.000000 1.000000
48.286853 127.058824 0.000000 -0.207285 -1.381981 0.000000 1.000000
49.494024 127.058824 0.000000 0.137644 -0.639909 0.000000 1.000000
50.701195 127.058824 0.000000 -0.355296 -1.812711 0.000000 1.000000
51.908367 127.058824 0.000000 -0.896569 1.192065 0.000000 1.000000
53.115538 127.058824 0.000000 -0.264647 -0.417735 0.000000 1.000000
54.322709 127.058824 0.000000 0.041104 0.422743 0.000000 1.000000
55.529880 127.058824 0.000000 -0.774481 -0.940455 0.000000 1.000000
56.737052 127.058824 0.000000 -1.026291 0.380752 0.000000 1.000000
57.944223 127.058824 0.000000 0.315472 0.793787 0.000000 1.000000
59.151394 127.058824 0.000000 -0.029776 -0.029164 0.000000 1.000000
60.358566 127.058824 0.000000 -0.524847 0.600142 0.000000 1.000000
61.565737 127.058824 0.000000 -0.521608 -1.411338 0.000000 1.000000
62.772908 127.058824 0.000000 0.604897 -1.080775 0.000000 1.000000
63.980080 127.058824 0.000000 0.077350 0.495483 0.000000 1.000000
65.187251 127.058824 0.000000 -0.754313 0.367862 0.000000 1.000000
66.394422 127.058824 0.000000 0.783578 -0.144879 0.000000 1.000000
67.601594 127.058824 0.000000 0.187541 0.116506 0.000000 1.000000
68.808765 127.058824 0.000000 0.213143 -0.037757 0.000000 1.000000
70.015936 127.058824 0.000000 0.369870 0.887382 0.000000 1.000000
71.223108 127.058824 0.000000 0.084286 -0.354146 0.000000 1.000000
72.430279 127.058824 0.000000 -0.415377 -0.020263 0.000000 1.000000
73.637450 127.058824 0.000000 0.419160 -0.556711 0.000000 1.000000
74.844622 127.058824 0.000000 0.668844 0.472245 0.000000 1.000000
76.051793 127.058824 0.000000 0.180218 0.263774 0.000000 1.000000
77.258964 127.058824 0.000000 -1.070639 -1.381791 0.000000 1.000000
78.466135 127.058824 0.000000 0.497222 -0.066806 0.000000 1.000000
79.673307 127.058824 0.000000 1.034789 -0.252312 0.000000 1.000000
80.880478 127.058824 0.000000 -0.303632 -0.337161 0.000000 1.000000
82.087649 127.058824 0.000000 1.183135 0.741854 0.000000 1.000000
83.294821 127.058824 0.000000 -0.682637 -1.179580 0.000000 1.000000
84.501992 127.058824 0.000000 -1.017138 0.436470 0.000000 1.000000
85.709163 127.058824 0.000000 -0.107122 1.391430 0.000000 1.000000
86.916335 127.058824 0.000000 0.147577 -0.798646 0.000000 1.000000
88.123506 127.058824 0.000000 -0.533251 1.051618 0.000000 1.000000
89.330677 127.058824 0.000000 0.329536 0.350401 0.000000 1.000000
90.537849 127.058824 0.000000 0.484985 -0.098497 0.000000 1.000000
91.745020 127.058824 0.000000 -0.148234 -0.384845 0.000000 1.000000
92.952191 127.058824 0.000000 1.516646 -0.474433 0.000000 1.000000
94.159363 127.058824 0.000000 -1.002560 -0.058161 0.000000 1.000000
95.366534 127.058824 0.000000 0.015800 -0.592935 0.000000 1.000000
96.573705 127.058824 0.000000 0.651293 -0.017200 0.000000 1.000000
97.780876 127.058824 0.000000 1.394353 -0.089804 0.000000 1.000000
98.988048 127.058824 0.000000 -1.028974 -0.458857 0.000000 1.000000
100.195219 127.058824 0.000000 -0.547714 -0.931033 0.000000 1.000000
101.402390 127.058824 0.000000 0.282891 -0.346877 0.000000 1.000000
102.609562 127.058824 0.000000 0.695678 -0.191890 0.000000 1.000000
103.816733 127.058824 0.000000 -0.939655 0.910172 0.000000 1.000000
105.023904 127.058824 0.000000 -1.645219 -1.510363 0.000000 1.000000
106.231076 127.058824 0.000000 0.249862 0.996893 0.000000 1.000000
107.438247 127.058824 0.000000 0.426141 -0.314472 0.000000 1.000000
108.645418 127.058824 0.000000 0.997237 -0.758549 0.000000 1.000000
109.852590 127.058824 0.000000 -1.255303 0.162768 0.000000 1.000000
111.059761 127.058824 0.000000 0.932788 0.410007 0.000000 1.000000
112.266932 127.058824 0.000000 -0.552226 -0.116415 0.000000 1.000000
113.474104 127.058824 0.000000 -0.333388 -0.757769 0.000000 1.000000
114.681275 127.058824 0.000000 0.410811 0.311575 0.000000 1.000000
115.888446 127.058824 0.000000 -0.613241 0.050250 0.000000 1.000000
117.095618 127.058824 0.000000 1.074818 -1.360198 0.000000 1.000000
118.302789 127.058824 0.000000 0.142511 -1.024595 0.000000 1.000000
119.509960 127.058824 0.000000 -0.052725 0.098942 0.000000 1.000000
120.717131 127.058824 0.000000 -0.267316 -0.426060 0.000000 1.000000
121.924303 127.058824 0.000000 -0.538717 0.466929 0.000000 1.000000
123.131474 127.058824 0.000000 1.159056 0.431233 0.000000 1.000000
124.338645 127.058824 0.000000 -0.262962 -0.443003 0.000000 1.000000
125.545817 127.058824 0.000000 0.377407 -0.711763 0.000000 1.000000
126.752988 127.058824 0.000000 -0.169879 0.185871 0.000000 1.000000
127.960159 127.058824 0.000000 -0.153250 -1.246801 0.000000 1.000000
129.167331 127.058824 0.000000 0.594150 0.167378 0.000000 1.000000
130.374502 127.058824 0.000000 -1.151440 -0.535489 0.000000 1.000000
131.581673 127.058824 0.000000 0.957012 -0.407104 0.000000 1.000000
132.788845 127.058824 0.000000 -0.506213 0.544931 0.000000 1.000000
133.996016 127.058824 0.000000 -0.050965 -0.274157 0.000000 1.000000
135.203187 127.058824 0.000000 -1.447993 -0.645210 0.000000 1.000000
136.410359 127.058824 0.000000 -0.409793 0.620185 0.000000 1.000000
137.617530 127.058824 0.000000 1.636017 0.169009 0.000000 1.000000
138.824701 127.058824 0.000000 0.948374 0.607744 0.000000 1.000000
140.031873 127.058824 0.000000 -0.407951 -0.272934 0.000000 1.000000
141.239044 127.058824 0.000000 -0.384585 0.797336 0.000000 1.000000
142.446215 127.058824 0.000000 -0.283611 0.346906 0.000000 1.000000
143.653386 127.058824 0.000000 -0.023120 -0.002195 0.000000 1.000000
144.860558 127.058824 0.000000 0.351943 0.404875 0.000000 1.000000
146.067729 127.058824 0.000000 -0.380938 0.160348 0.000000 1.000000
147.274900 127.058824 0.000000 0.982637 0.086873 0.000000 1.000000
148.482072 127.058824 0.000000 -0.183912 -0.264990 0.000000 1.000000
149.689243 127.058824 0.000000 -0.040802 -0.309558 0.000000 1.000000
150.896414 127.058824 0.000000 -0.594494 1.567373 0.000000 1.000000
152.103586 127.058824 0.000000 -1.063630 -0.518712 0.000000 1.000000
153.310757 127.058824 0.000000 -1.549333 0.723444 0.000000 1.000000
154.517928 127.058824 0.000000 -0.716507 0.490907 0.000000 1.000000
155.725100 127.058824 0.000000 -0.434545 -0.581975 0.000000 1.000000
156.932271 127.058824 0.000000 -0.787206 -0.354191 0.000000 1.000000
158.139442 127.058824 0.000000 0.090636 0.409258 0.000000 1.000000
159.346614 127.058824 0.000000 -0.812209 0.042781 0.000000 1.000000
160.553785 127.058824 0.000000 0.840958 0.456378 0.000000 1.000000
161.760956 127.058824 0.000000 0.047903 -0.378391 0.000000 1.000000
162.968127 127.058824 0.000000 -0.612465 -0.871001 0.000000 1.000000
164.175299 127.058824 0.000000 1.759603 0.311018 0.000000 1.000000
165.382470 127.058824 0.000000 -0.612674 -1.721508 0.000000 1.000000
166.589641 127.058824 0.000000 -0.784199 -0.179473 0.000000 1.000000
167.796813 127.058824 0.000000 -0.633725 -0.188178 0.000000 1.000000
169.003984 127.058824 0.000000 0.893730 -1.401536 0.000000 1.000000
170.211155 127.058824 0.000000 1.000598 -0.396678 0.000000 1.000000
171.418327 127.058824 0.000000 0.885659 -0.648295 0.000000 1.000000
172.625498 127.058824 0.000000 -0.126692 0.320920 0.000000 1.000000
173.832669 127.058824 0.000000 1.016171 0.654934 0.000000 1.000000
175.039841 127.058824 0.000000 -0.217484 0.396492 0.000000 1.000000
176.247012 127.058824 0.000000 1.011446 -0.307645 0.000000 1.000000
177.454183 127.058824 0.000000 0.223133 -0.986916 0.000000 1.000000
178.661355 127.058824 0.000000 0.151492 0.326350 0.000000 1.000000
179.868526 127.058824 0.000000 0.344135 0.096208 0.000000 1.000000
181.075697 127.058824 0.000000 1.231760 0.567271 0.000000 1.000000
182.282869 127.058824 0.000000 0.125249 -0.811902 0.000000 1.000000
183.490040 127.058824 0.000000 -1.610581 1.542488 0.000000 1.000000
184.697211 127.058824 0.000000 -0.720328 -0.306563 0.000000 1.000000
185.904382 127.058824 0.000000 0.712217 -0.387604 0.000000 1.000000
187.111554 127.058824 0.000000 -0.008757 -0.038964 0.000000 1.000000
188.318725 127.058824 0.000000 -0.798133 0.427460 0.000000 1.000000
189.525896 127.058824 0.000000 -0.482437 0.365333 0.000000 1.000000
190.733068 127.058824 0.000000 -0.383602 -0.657037 0.000000 1.000000
191.940239 127.058824 0.000000 -0.749157 0.531999 0.000000 1.000000
193.147410 127.058824 0.000000 -1.336664 -0.890317 0.000000 1.000000
194.354582 127.058824 0.000000 0.228437 -0.207685 0.000000 1.000000
195.561753 127.058824 0.000000 0.281717 -0.643936 0.000000 1.000000
196.768924 127.058824 0.000000 -0.623518 0.880464 0.000000 1.000000
197.976096 127.058824 0.000000 1.365153 0.288731 0.000000 1.000000
199.183267 127.058824 0.000000 0.706664 0.143379 0.000000 1.000000
200.390438 127.058824 0.000000 -0.661077 0.868718 0.000000 1.000000
201.597610 127.058824 0.000000 -0.192828 0.030905 0.000000 1.000000
202.804781 127.058824 0.000000 -0.131671 -1.922172 0.000000 1.000000
204.011952 127.058824 0.000000 -0.898683 -0.394524 0.000000 1.000000
205.219124 127.058824 0.000000 0.742046 -0.181818 0.000000 1.000000
206.426295 127.058824 0.000000 0.773509 0.633996 0.000000 1.000000
207.633466 127.058824 0.000000 -0.226166 -0.316558 0.000000 1.000000
208.840637 127.058824 0.000000 -0.167606 -0.478783 0.000000 1.000000
210.047809 127.058824 0.000000 0.297678 1.042228 0.000000 1.000000
211.254980 127.058824 0.000000 -0.937924 -0.630351 0.000000 1.000000
212.462151 127.058824 0.000000 0.281771 0.586814 0.000000 1.000000
213.669323 127.058824 0.000000 0.220831 0.350516 0.000000 1.000000
214.876494 127.058824 0.000000 -0.411909 0.243073 0.000000 1.000000
216.083665 127.058824 0.000000 -0.643314 1.985628 0.000000 1.000000
217.290837 127.058824 0.000000 0.589535 -0.782742 0.000000 1.000000
218.498008 127.058824 0.000000 0.850828 -0.500507 0.000000 1.000000
219.705179 127.058824 0.000000 -0.855310 -0.341435 0.000000 1.000000
220.912351 127.058824 0.000000 -0.361849 0.602252 0.000000 1.000000
222.119522 127.058824 0.000000 0.645869 -0.347114 0.000000 1.000000
223.326693 127.058824 0.000000 -0.546314 0.232298 0.000000 1.000000
224.533865 127.058824 0.000000 -0.266987 0.476554 0.000000 1.000000
225.741036 127.058824 0.000000 1.302821 -0.938287 0.000000 1.000000
226.948207 127.058824 0.000000 -0.018160 -0.611265 0.000000 1.000000
228.155378 127.058824 0.000000 -0.013169 0.269531 0.000000 1.000000
229.362550 127.058824 0.000000 0.774720 -0.593649 0.000000 1.000000
230.569721 127.058824 0.000000 -1.285321 0.984492 0.000000 1.000000
231.776892 127.058824 0.000000 -1.002402 -0.633363 0.000000 1.000000
232.984064 127.058824 0.000000 0.052012 1.099221 0.000000 1.000000
234.191235 127.058824 0.000000 0.355413 -0.448296 0.000000 1.000000
235.398406 127.058824 0.000000 -0.483121 0.148392 0.000000 1.000000
236.605578 127.058824 0.000000 1.060731 -0.990478 0.000000 1.000000
237.812749 127.058824 0.000000 -0.075152 0.855092 0.000000 1.000000
239.019920 127.058824 0.000000 -0.464309 -0.930634 0.000000 1.000000
240.227092 127.058824 0.000000 -0.368631 -0.154929 0.000000 1.000000
241.434263 127.058824 0.000000 0.602153 0.180893 0.000000 1.000000
242.641434 127.058824 0.000000 -0.845821 0.458419 0.000000 1.000000
243.848606 127.058824 0.000000 -1.637301 0.232442 0.000000 1.000000
245.055777 127.058824 0.000000 1.048301 -0.082532 0.000000 1.000000
246.262948 127.058824 0.000000 -1.187374 -0.256580 0.000000 1.000000
247.470120 127.058824 0.000000 -1.384028 -0.201384 0.000000 1.000000
248.677291 127.058824 0.000000 -0.066166 0.525798 0.000000 1.000000
249.884462 127.058824 0.000000 0.070809 0.048747 0.000000 1.000000
251.091633 127.058824 0.000000 0.723744 -0.572900 0.000000 1.000000
252.298805 127.058824 0.000000 0.746261 0.780539 0.000000 1.000000
253.505976 127.058824 0.000000 0.604599 0.528846 0.000000 1.000000
254.713147 127.058824 0.000000 0.605515 0.163762 0.000000 1.000000
255.920319 127.058824 0.000000 0.688906 -0.511336 0.000000 1.000000
257.127490 127.058824 0.000000 0.350955 0.928126 0.000000 1.000000
258.334661 127.058824 0.000000 0.145408 -0.670046 0.000000 1.000000
259.541833 127.058824 0.000000 -0.925101 0.155205 0.000000 1.000000
260.749004 127.058824 0.000000 0.231686 -0.289090 0.000000 1.000000
261.956175 127.058824 0.000000 0.006946 0.203815 0.000000 1.000000
263.163347 127.058824 0.000000 -0.132822 0.735847 0.000000 1.000000
264.370518 127.058824 0.000000 -0.545244 1.526443 0.000000 1.000000
265.577689 127.058824 0.000000 0.578682 0.774717 0.000000 1.000000
266.784861 127.058824 0.000000 -1.202751 -0.539970 0.000000 1.000000
267.992032 127.058824 0.000000 0.728532 0.891972 0.000000 1.000000
269.199203 127.058824 0.000000 -0.236512 0.295915 0.000000 1.000000
270.406375 127.058824 0.000000 0.863589 0.754267 0.000000 1.000000
271.613546 127.058824 0.000000 -1.357907 0.329731 0.000000 1.000000
272.820717 127.058824 0.000000 0.570463 -0.658582 0.000000 1.000000
274.027888 127.058824 0.000000 -0.380545 -0.263514 0.000000 1.000000
275.235060 127.058824 0.000000 -0.864625 -0.497363 0.000000 1.000000
276.442231 127.058824 0.000000 0.971892 -1.546443 0.000000 1.000000
277.649402 127.058824 0.000000 -0.705462 -0.261217 0.000000 1.000000
278.856574 127.058824 0.000000 0.552607 -1.506895 0.000000 1.000000
280.063745 127.058824 0.000000 -1.313584 -1.084708 0.000000 1.000000
281.270916 127.058824 0.000000 -0.046935 0.661523 0.000000 1.000000
282.478088 127.058824 0.000000 -0.164276 0.517393 0.000000 1.000000
283.685259 127.058824 0.000000 -0.327258 0.614185 0.000000 1.000000
284.892430 127.058824 0.000000 0.432360 0.249127 0.000000 1.000000
286.099602 127.058824 0.000000 -0.657645 -0.183248 0.000000 1.000000
287.306773 127.058824 0.000000 0.444619 -0.397708 0.000000 1.000000
288.513944 127.058824 0.000000 0.538203 1.208987 0.000000 1.000000
289.721116 127.058824 0.000000 0.577903 0.875726 0.000000 1.000000
290.928287 127.058824 0.000000 0.918682 1.046700 0.000000 1.000000
292.135458 127.058824 0.000000 0.264983 0.730173 0.000000 1.000000
293.342629 127.058824 0.000000 0.294366 0.654046 0.000000 1.000000
294.549801 127.058824 0.000000 -0.076905 -0.119662 0.000000 1.000000
295.756972 127.058824 0.000000 0.087030 0.763664 0.000000 1.000000
296.964143 127.058824 0.000000 -0.736025 -0.406577 0.000000 1.000000
298.171315 127.058824 0.000000 -0.444671 -1.195874 0.000000 1.000000
299.378486 127.058824 0.000000 -1.043963 0.791010 0.000000 1.000000
300.585657 127.058824 0.000000 0.088620 -0.164525 0.000000 1.000000
301.792829 127.058824 0.000000 0.544429 -2.048831 0.000000 1.000000
1.207171 130.588235 0.000000 -0.648648 -0.911145 0.000000 1.000000
2.414343 130.588235 0.000000 0.732260 -0.557821 0.000000 1.000000
3.621514 130.588235 0.000000 -0.226276 1.155726 0.000000 1.000000
4.828685 130.588235 0.000000 0.393833 -0.108644 0.000000 1.000000
6.035857 130.588235 0.000000 0.102939 -0.294055 0.000000 1.000000
7.243028 130.588235 0.000000 -0.426720 -0.702824 0.000000 1.000000
8.450199 130.588235 0.000000 0.197681 -0.170868 0.000000 1.000000
9.657371 130.588235 0.000000 -0.190579 2.232158 0.000000 1.000000
10.864542 130.588235 0.000000 -0.436733 1.279594 0.000000 1.000000
12.071713 130.588235 0.000000 0.474856 0.177327 0.000000 1.000000
13.278884 130.588235 0.000000 0.365343 -1.296347 0.000000 1.000000
14.486056 130.588235 0.000000 0.398979 -0.142915 0.000000 1.000000
15.693227 130.588235 0.000000 0.385114 -0.895273 0.000000 1.000000
16.900398 130.588235 0.000000 -0.133739 0.685818 0.000000 1.000000
18.107570 130.588235 0.000000 0.494214 1.066023 0.000000 1.000000
19.314741 130.588235 0.000000 -0.150012 -1.180042 0.000000 1.000000
20.521912 130.588235 0.000000 0.025583 -0.475783 0.000000 1.000000
21.729084 130.588235 0.000000 1.511989 1.677214 0.000000 1.000000
22.936255 130.588235 0.000000 -0.368434 -0.367159 0.000000 1.000000
24.143426 130.588235 0.000000 0.248583 0.281573 0.000000 1.000000
25.350598 130.588235 0.000000 -1.777217 1.263886 0.000000 1.000000
26.557769 130.588235 0.000000 0.311230 1.410541 0.000000 1.000000
27.764940 130.588235 0.000000 0.062873 0.488248 0.000000 1.000000
28.972112 130.588235 0.000000 -0.018550 0.789264 0.000000 1.000000
30.179283 130.588235 0.000000 0.988408 0.442625 0.000000 1.000000
31.386454 130.588235 0.000000 -0.358968 -0.660949 0.000000 1.000000
32.593625 130.588235 0.000000 -1.582064 0.440126 0.000000 1.000000
33.800797 130.588235 0.000000 1.388333 0.088077 0.000000 1.000000
35.007968 130.588235 0.000000 0.506030 0.622519 0.000000 1.000000
36.215139 130.588235 0.000000 -0.908954 -0.756749 0.000000 1.000000
37.422311 130.588235 0.000000 -0.602901 1.382355 0.000000 1.000000
38.629482 130.588235 0.000000 0.534551 0.193452 0.000000 1.000000
39.836653 130.588235 0.000000 -0.164999 0.169394 0.000000 1.000000
41.043825 130.588235 0.000000 0.406460 -0.161958 0.000000 1.000000
42.250996 130.588235 0.000000 0.111801 0.921354 0.000000 1.000000
43.458167 130.588235 0.000000 0.159322 -1.296863 0.000000 1.000000
44.665339 130.588235 0.000000 0.081737 0.145286 0.000000 1.000000
45.872510 130.588235 0.000000 -0.206945 1.562047 0.000000 1.000000
47.079681 130.588235 0.000000 0.057182 -0.216379 0.000000 1.000000
48.286853 130.588235 0.000000 -0.758697 -0.201119 0.000000 1.000000
49.494024 130.588235 0.000000 1.196555 -0.423298 0.000000 1.000000
50.701195 130.588235 0.000000 0.460896 -1.181314 0.000000 1.000000
51.908367 130.588235 0.000000 0.111182 -0.069325 0.000000 1.000000
53.115538 130.588235 0.000000 -0.404924 0.114207 0.000000 1.000000
54.322709 130.588235 0.000000 0.653337 1.075049 0.000000 1.000000
55.529880 130.588235 0.000000 -0.386963 1.401592 0.000000 1.000000
56.737052 130.588235 0.000000 1.210576 0.460725 0.000000 1.000000
57.944223 130.588235 0.000000 -0.273957 -1.556472 0.000000 1.000000
59.151394 130.588235 0.000000 -0.082660 1.457272 0.000000 1.000000
60.358566 130.588235 0.000000 -1.190195 0.279616 0.000000 1.000000
61.565737 130.588235 0.000000 1.267681 0.935317 0.000000 1.000000
62.772908 130.588235 0.000000 -0.679569 -0.849910 0.000000 1.000000
63.980080 130.588235 0.000000 -0.237726 0.489876 0.000000 1.000000
65.187251 130.588235 0.000000 0.977545 0.761680 0.000000 1.000000
66.394422 130.588235 0.000000 -1.135705 -0.838221 0.000000 1.000000
67.601594 130.588235 0.000000 0.201940 -0.107513 0.000000 1.000000
68.808765 130.588235 0.000000 -0.562334 0.675892 0.000000 1.000000
70.015936 130.588235 0.000000 -1.549195 -0.370358 0.000000 1.000000
71.223108 130.588235 0.000000 0.602719 0.871078 0.000000 1.000000
72.430279 130.588235 0.000000 -0.444388 -0.471935 0.000000 1.000000
73.637450 130.588235 0.000000 0.178388 -0.190626 0.000000 1.000000
74.844622 130.588235 0.000000 0.534041 0.786785 0.000000 1.000000
76.051793 130.588235 0.000000 0.304284 -0.892329 0.000000 1.000000
77.258964 130.588235 0.000000 -0.264918 -0.650928 0.000000 1.000000
78.466135 130.588235 0.000000 0.029428 -0.579977 0.000000 1.000000
79.673307 130.588235 0.000000 -0.025331 0.835288 0.000000 1.000000
80.880478 130.588235 0.000000 -0.113448 -1.716503 0.000000 1.000000
82.087649 130.588235 0.000000 -0.989574 0.085093 0.000000 1.000000
83.294821 130.588235 0.000000 -1.155535 0.358894 0.000000 1.000000
84.501992 130.588235 0.000000 0.402486 0.203979 0.000000 1.000000
85.709163 130.588235 0.000000 0.204856 0.213043 0.000000 1.000000
86.916335 130.588235 0.000000 0.831770 0.248497 0.000000 1.000000
88.123506 130.588235 0.000000 0.201969 -0.049364 0.000000 1.000000
89.330677 130.588235 0.000000 -0.659283 -1.906153 0.000000 1.000000
90.537849 130.588235 0.000000 -1.213698 -0.423442 0.000000 1.000000
91.745020 130.588235 0.000000 -0.010693 -0.231719 0.000000 1.000000
92.952191 130.588235 0.000000 1.670069 -0.974620 0.000000 1.000000
94.159363 130.588235 0.000000 1.242103 0.617146 0.000000 1.000000
95.366534 130.588235 0.000000 0.530226 -0.623161 0.000000 1.000000
96.573705 130.588235 0.000000 -0.439294 -1.191454 0.000000 1.000000
97.780876 130.588235 0.000000 0.870063 -0.398287 0.000000 1.000000
98.988048 130.588235 0.000000 -0.565686 0.747225 0.000000 1.000000
100.195219 130.588235 0.000000 -0.394339 -0.372774 0.000000 1.000000
101.402390 130.588235 0.000000 -0.585421 0.749149 0.000000 1.000000
102.609562 130.588235 0.000000 -0.140317 -1.507924 0.000000 1.000000
103.816733 130.588235 0.000000 0.253181 0.202653 0.000000 1.000000
105.023904 130.588235 0.000000 0.692319 1.364695 0.000000 1.000000
106.231076 130.588235 0.000000 1.105799 -0.401011 0.000000 1.000000
107.438247 130.588235 0.000000 0.000910 0.897536 0.000000 1.000000
108.645418 130.588235 0.000000 0.060840 0.128497 0.000000 1.000000
109.852590 130.588235 0.000000 0.250684 -0.320251 0.000000 1.000000
111.059761 130.588235 0.000000 0.333468 0.281419 0.000000 1.000000
112.266932 130.588235 0.000000 -0.463391 -0.975592 0.000000 1.000000
113.474104 130.588235 0.000000 -0.097774 1.444711 0.000000 1.000000
114.681275 130.588235 0.000000 -1.317835 1.193312 0.000000 1.000000
115.888446 130.588235 0.000000 0.974804 -0.634960 0.000000 1.000000
117.095618 130.588235 0.000000 0.880273 0.002862 0.000000 1.000000
118.302789 130.588235 0.000000 0.648663 1.815294 0.000000 1.000000
119.509960 130.588235 0.000000 -0.211096 0.729680 0.000000 1.000000
120.717131 130.588235 0.000000 0.112636 -0.082447 0.000000 1.000000
121.924303 130.588235 0.000000 -0.855270 -0.017317 0.000000 1.000000
123.131474 130.588235 0.000000 -0.930563 -0.055644 0.000000 1.000000
124.338645 130.588235 0.000000 -0.273037 0.486134 0.000000 1.000000
125.545817 130.588235 0.000000 0.422334 0.050105 0.000000 1.000000
126.752988 130.588235 0.000000 0.622264 -0.756380 0.000000 1.000000
127.960159 130.588235 0.000000 -0.604813 0.580088 0.000000 1.000000
129.167331 130.588235 0.000000 -0.569192 0.784074 0.000000 1.000000
130.374502 130.588235 0.000000 0.323619 -0.329656 0.000000 1.000000
131.581673 130.588235 0.000000 -0.344404 -0.759459 0.000000 1.000000
132.788845 130.588235 0.000000 -1.089642 -1.079983 0.000000 1.000000
133.996016 130.588235 0.000000 -0.801921 0.598220 0.000000 1.000000
135.203187 130.588235 0.000000 0.435043 1.655785 0.000000 1.000000
136.410359 130.588235 0.000000 -0.504581 -0.360944 0.000000 1.000000
137.617530 130.588235 0.000000 0.047357 0.444265 0.000000 1.000000
138.824701 130.588235 0.000000 0.705272 -0.386046 0.000000 1.000000
140.031873 130.588235 0.000000 0.115597 -0.406636 0.000000 1.000000
141.239044 130.588235 0.000000 -0.258096 0.311310 0.000000 1.000000
142.446215 130.588235 0.000000 -1.283879 0.717443 0.000000 1.000000
143.653386 130.588235 0.000000 -0.173104 0.234504 0.000000 1.000000
144.860558 130.588235 0.000000 0.138093 -0.358313 0.000000 1.000000
146.067729 130.588235 0.000000 -0.522887 -0.765259 0.000000 1.000000
147.274900 130.588235 0.000000 0.362782 -0.183542 0.000000 1.000000
148.482072 130.588235 0.000000 -0.061117 0.259695 0.000000 1.000000
149.689243 130.588235 0.000000 1.564214 -0.814348 0.000000 1.000000
150.896414 130.588235 0.000000 0.057515 -0.498450 0.000000 1.000000
152.103586 130.588235 0.000000 0.357922 0.498479 0.000000 1.000000
153.310757 130.588235 0.000000 0.051054 -1.103255 0.000000 1.000000
154.517928 130.588235 0.000000 -0.618666 0.430668 0.000000 1.000000
155.725100 130.588235 0.000000 -1.099036 0.252651 0.000000 1.000000
156.932271 130.588235 0.000000 0.410120 0.591816 0.000000 1.000000
158.139442 130.588235 0.000000 0.524351 -1.009169 0.000000 1.000000
159.346614 130.588235 0.000000 -0.902183 -1.510436 0.000000 1.000000
160.553785 130.588235 0.000000 0.662845 0.177055 0.000000 1.000000
161.760956 130.588235 0.000000 -0.279872 0.465602 0.000000 1.000000
162.968127 130.588235 0.000000 -1.015696 -0.097417 0.000000 1.000000
164.175299 130.588235 0.000000 -0.303557 -0.106577 0.000000 1.000000
165.382470 130.588235 0.000000 0.093945 0.317377 0.000000 1.000000
166.589641 130.588235 0.000000 -0.673984 -0.992674 0.000000 1.000000
167.796813 130.588235 0.000000 0.545678 0.136359 0.000000 1.000000
169.003984 130.588235 0.000000 -1.347976 -0.301666 0.000000 1.000000
170.211155 130.588235 0.000000 -0.117251 -0.401927 0.000000 1.000000
171.418327 130.588235 0.000000 0.123699 -0.273857 0.000000 1.000000
172.625498 130.588235 0.000000 0.185478 -0.259593 0.000000 1.000000
173.832669 130.588235 0.000000 0.586376 -1.091525 0.000000 1.000000
175.039841 130.588235 0.000000 -0.411683 0.421024 0.000000 1.000000
176.247012 130.588235 0.000000 -0.764452 -1.256681 0.000000 1.000000
177.454183 130.588235 0.000000 -0.212430 -0.858670 0.000000 1.000000
178.661355 130.588235 0.000000 0.604666 -0.651979 0.000000 1.000000
179.868526 130.588235 0.000000 -2.127189 -0.491913 0.000000 1.000000
181.075697 130.588235 0.000000 -0.027692 0.082415 0.000000 1.000000
182.282869 130.588235 0.000000 0.028670 -0.345176 0.000000 1.000000
183.490040 130.588235 0.000000 -0.418248 0.793222 0.000000 1.000000
184.697211 130.588235 0.000000 0.567329 0.213072 0.000000 1.000000
185.904382 130.588235 0.000000 -0.129966 0.350292 0.000000 1.000000
187.111554 130.588235 0.000000 0.015704 -0.031975 0.000000 1.000000
188.318725 130.588235 0.000000 0.121979 -0.430490 0.000000 1.000000
189.525896 130.588235 0.000000 1.413958 -0.692101 0.000000 1.000000
190.733068 130.588235 0.000000 -1.008691 0.008280 0.000000 1.000000
191.940239 130.588235 0.000000 -1.325688 0.158210 0.000000 1.000000
193.147410 130.588235 0.000000 -1.213008 -0.164722 0.000000 1.000000
194.354582 130.588235 0.000000 0.975346 -0.257555 0.000000 1.000000
195.561753 130.588235 0.000000 -0.283718 1.395091 0.000000 1.000000
196.768924 130.588235 0.000000 -0.008555 -1.226916 0.000000 1.000000
197.976096 130.588235 0.000000 0.554767 0.507700 0.000000 1.000000
199.183267 130.588235 0.000000 0.407225 0.424768 0.000000 1.000000
200.390438 130.588235 0.000000 0.411459 0.873906 0.000000 1.000000
201.597610 130.588235 0.000000 -0.166145 -0.744015 0.000000 1.000000
202.804781 130.588235 0.000000 0.171115 0.215119 0.000000 1.000000
204.011952 130.588235 0.000000 0.246354 0.545777 0.000000 1.000000
205.219124 130.588235 0.000000 0.531920 0.220761 0.000000 1.000000
206.426295 130.588235 0.000000 -0.665591 -0.568116 0.000000 1.000000
207.633466 130.588235 0.000000 0.097874 -0.337137 0.000000 1.000000
208.840637 130.588235 0.000000 -0.180695 -1.661577 0.000000 1.000000
210.047809 130.588235 0.000000 0.794480 -0.461932 0.000000 1.000000
211.254980 130.588235 0.000000 0.915827 -1.086824 0.000000 1.000000
212.462151 130.588235 0.000000 1.189149 0.749914 0.000000 1.000000
213.669323 130.588235 0.000000 -1.247520 0.430166 0.000000 1.000000
214.876494 130.588235 0.000000 -0.806562 0.533186 0.000000 1.000000
216.083665 130.588235 0.000000 0.563902 -0.088453 0.000000 1.000000
217.290837 130.588235 0.000000 -0.116448 -0.302206 0.000000 1.000000
218.498008 130.588235 0.000000 0.581049 0.922041 0.000000 1.000000
219.705179 130.588235 0.000000 0.684513 0.567616 0.000000 1.000000
220.912351 130.588235 0.000000 1.350589 0.500288 0.000000 1.000000
222.119522 130.588235 0.000000 -0.128822 0.062788 0.000000 1.000000
223.326693 130.588235 0.000000 -0.162827 -0.402524 0.000000 1.000000
224.533865 130.588235 0.000000 0.073083 -0.004498 0.000000 1.000000
225.741036 130.588235 0.000000 1.080698 -0.463288 0.000000 1.000000
226.948207 130.588235 0.000000 -0.449948 -0.118630 0.000000 1.000000
228.155378 130.588235 0.000000 -1.141047 0.867552 0.000000 1.000000
229.362550 130.588235 0.000000 0.998907 0.018689 0.000000 1.000000
230.569721 130.588235 0.000000 -0.206350 0.388686 0.000000 1.000000
231.776892 130.588235 0.000000 0.030867 0.862216 0.000000 1.000000
232.984064 130.588235 0.000000 0.104691 1.101809 0.000000 1.000000
234.191235 130.588235 0.000000 0.824032 -0.360284 0.000000 1.000000
235.398406 130.588235 0.000000 0.386596 0.620152 0.000000 1.000000
236.605578 130.588235 0.000000 0.159799 -0.407697 0.000000 1.000000
237.812749 130.588235 0.000000 0.213602 -1.193861 0.000000 1.000000
239.019920 130.588235 0.000000 0.715261 0.290670 0.000000 1.000000
240.227092 130.588235 0.000000 -0.735608 -0.164894 0.000000 1.000000
241.434263 130.588235 0.000000 0.523253 -1.072052 0.000000 1.000000
242.641434 130.588235 0.000000 1.276295 -0.571692 0.000000 1.000000
243.848606 130.588235 0.000000 0.396900 0.803020 0.000000 1.000000
245.055777 130.588235 0.000000 1.123322 -0.940624 0.000000 1.000000
246.262948 130.588235 0.000000 -1.495133 -0.020524 0.000000 1.000000
247.470120 130.588235 0.000000 -0.679975 -1.302289 0.000000 1.000000
248.677291 130.588235 0.000000 0.370800 1.238399 0.000000 1.000000
249.884462 130.588235 0.000000 -0.980235 0.638086 0.000000 1.000000
251.091633 130.588235 0.000000 -1.003663 -0.041165 0.000000 1.000000
252.298805 130.588235 0.000000 1.351145 -1.223328 0.000000 1.000000
253.505976 130.588235 0.000000 1.005716 -0.617235 0.000000 1.000000
254.713147 130.588235 0.000000 0.049339 -0.444079 0.000000 1.000000
255.920319 130.588235 0.000000 -0.512733 0.143806 0.000000 1.000000
257.127490 130.588235 0.000000 -1.734897 -0.595082 0.000000 1.000000
258.334661 130.588235 0.000000 1.475252 1.194484 0.000000 1.000000
259.541833 130.588235 0.000000 0.384759 0.964978 0.000000 1.000000
260.749004 130.588235 0.000000 0.120645 -0.463635 0.000000 1.000000
261.956175 130.588235 0.000000 0.147508 0.951911 0.000000 1.000000
263.163347 130.588235 0.000000 0.715860 0.509069 0.000000 1.000000
264.370518 130.588235 0.000000 -1.877875 -0.101138 0.000000 1.000000
265.577689 130.588235 0.000000 -0.266130 0.363566 0.000000 1.000000
266.784861 130.588235 0.000000 -0.092279 -1.143328 0.000000 1.000000
267.992032 130.588235 0.000000 0.741731 0.306293 0.000000 1.000000
269.199203 130.588235 0.000000 -0.312127 -1.166434 0.000000 1.000000
270.406375 130.588235 0.000000 0.131375 -0.056714 0.000000 1.000000
271.613546 130.588235 0.000000 0.775374 -0.243240 0.000000 1.000000
272.820717 130.588235 0.000000 -0.772351 0.669585 0.000000 1.000000
274.027888 130.588235 0.000000 -0.880557 0.460607 0.000000 1.000000
275.235060 130.588235 0.000000 -0.640715 0.674403 0.000000 1.000000
276.442231 130.588235 0.000000 1.512115 0.054173 0.000000 1.000000
277.649402 130.588235 0.000000 -0.316401 -0.082879 0.000000 1.000000
278.856574 130.588235 0.000000 -0.315568 -0.464227 0.000000 1.000000
280.063745 130.588235 0.000000 0.125098 -0.982683 0.000000 1.000000
281.270916 130.588235 0.000000 -0.750888 0.151965 0.000000 1.000000
282.478088 130.588235 0.000000 -0.663137 0.416572 0.000000 1.000000
283.685259 130.588235 0.000000 -0.342779 -0.012298 0.000000 1.000000
284.892430 130.588235 0.000000 0.723404 -0.143847 0.000000 1.000000
286.099602 130.588235 0.000000 0.612909 -0.814558 0.000000 1.000000
287.306773 130.588235 0.000000 -0.576612 -0.157368 0.000000 1.000000
288.513944 130.588235 0.000000 -0.236005 -0.380623 0.000000 1.000000
289.721116 130.588235 0.000000 -0.975250 -1.935445 0.000000 1.000000
290.928287 130.588235 0.000000 0.176063 -0.369051 0.000000 1.000000
292.135458 130.588235 0.000000 -0.525032 0.424187 0.000000 1.000000
293.342629 130.588235 0.000000 0.683017 -0.211774 0.000000 1.000000
294.549801 130.588235 0.000000 -0.324070 0.281806 0.000000 1.000000
295.756972 130.588235 0.000000 0.632105 -0.680045 0.000000 1.000000
296.964143 130.588235 0.000000 0.518607 0.343423 0.000000 1.000000
298.171315 130.588235 0.000000 0.277920 0.933454 0.000000 1.000000
299.378486 130.588235 0.000000 -1.241487 -0.828313 0.000000 1.000000
300.585657 130.588235 0.000000 0.327879 0.530240 0.000000 1.000000
301.792829 130.588235 0.000000 -0.844348 -0.637860 0.000000 1.000000
1.207171 134.117647 0.000000 -0.066332 -0.074208 0.000000 1.000000
2.414343 134.117647 0.000000 -0.559041 0.198280 0.000000 1.000000
3.621514 134.117647 0.000000 0.919691 1.058223 0.000000 1.000000
4.828685 134.117647 0.000000 0.552753 0.073151 0.000000 1.000000
6.035857 134.117647 0.000000 -1.188878 0.181385 0.000000 1.000000
7.243028 134.117647 0.000000 -0.804233 0.490563 0.000000 1.000000
8.450199 134.117647 0.000000 0.254523 -0.010261 0.000000 1.000000
9.657371 134.117647 0.000000 -0.908475 0.368176 0.000000 1.000000
10.864542 134.117647 0.000000 -0.905168 0.083310 0.000000 1.000000
12.071713 134.117647 0.000000 -0.898740 -0.317771 0.000000 1.000000
13.278884 134.117647 0.000000 -0.374365 0.993858 0.000000 1.000000
14.486056 134.117647 0.000000 -0.020692 0.652823 0.000000 1.000000
15.693227 134.117647 0.000000 -0.679581 -0.625908 0.000000 1.000000
16.900398 134.117647 0.000000 -0.232358 0.150838 0.000000 1.000000
18.107570 134.117647 0.000000 -1.272350 -0.077959 0.000000 1.000000
19.314741 134.117647 0.000000 0.439209 -1.303153 0.000000 1.000000
20.521912 134.117647 0.000000 0.598214 0.506053 0.000000 1.000000
21.729084 134.117647 0.000000 -0.190216 0.754169 0.000000 1.000000
22.936255 134.117647 0.000000 0.608055 -0.230057 0.000000 1.000000
24.143426 134.117647 0.000000 -0.750853 0.549427 0.000000 1.000000
25.350598 134.117647 0.000000 0.120257 -0.319189 0.000000 1.000000
26.557769 134.117647 0.000000 -0.896866 0.827722 0.000000 1.000000
27.764940 134.117647 0.000000 -0.543119 -0.122167 0.000000 1.000000
28.972112 134.117647 0.000000 -0.505778 1.141863 0.000000 1.000000
30.179283 134.117647 0.000000 0.505022 0.869876 0.000000 1.000000
31.386454 134.117647 0.000000 0.499145 -1.360711 0.000000 1.000000
32.593625 134.117647 0.000000 -0.200945 0.378170 0.000000 1.000000
33.800797 134.117647 0.000000 1.064378 -1.788090 0.000000 1.000000
35.007968 134.117647 0.000000 0.199002 0.326990 0.000000 1.000000
36.215139 134.117647 0.000000 -0.687436 0.177008 0.000000 1.000000
37.422311 134.117647 0.000000 -0.238312 0.924175 0.000000 1.000000
38.629482 134.117647 0.000000 1.254191 0.502272 0.000000 1.000000
39.836653 134.117647 0.000000 0.376279 0.783871 0.000000 1.000000
41.043825 134.117647 0.000000 -0.014710 0.851220 0.000000 1.000000
42.250996 134.117647 0.000000 0.002574 -0.028638 0.000000 1.000000
43.458167 134.117647 0.000000 0.661234 -0.648566 0.000000 1.000000
44.665339 134.117647 0.000000 0.385259 0.967698 0.000000 1.000000
45.872510 134.117647 0.000000 0.784241 0.202023 0.000000 1.000000
47.079681 134.117647 0.000000 -0.441074 -0.769797 0.000000 1.000000
48.286853 134.117647 0.000000 0.077425 0.942055 0.000000 1.000000
49.494024 134.117647 0.000000 -1.320909 0.214513 0.000000 1.000000
50.701195 134.117647 0.000000 -0.014016 -0.339918 0.000000 1.000000
51.908367 134.117647 0.000000 -1.173255 1.660395 0.000000 1.000000
53.115538 134.117647 0.000000 0.033544 0.395313 0.000000 1.000000
54.322709 134.117647 0.000000 1.206766 -0.314361 0.000000 1.000000
55.529880 134.117647 0.000000 0.189118 -0.117229 0.000000 1.000000
56.737052 134.117647 0.000000 0.246388 1.032532 0.000000 1.000000
57.944223 134.117647 0.000000 -0.222649 -1.178837 0.000000 1.000000
59.151394 134.117647 0.000000 -0.777927 0.535193 0.000000 1.000000
60.358566 134.117647 0.000000 0.649265 -0.702186 0.000000 1.000000
61.565737 134.117647 0.000000 -0.081282 -0.109850 0.000000 1.000000
62.772908 134.117647 0.000000 0.651475 -0.137312 0.000000 1.000000
63.980080 134.117647 0.000000 -0.240345 0.865590 0.000000 1.000000
65.187251 134.117647 0.000000 0.049521 -0.463942 0.000000 1.000000
66.394422 134.117647 0.000000 -0.817696 0.328410 0.000000 1.000000
67.601594 134.117647 0.000000 1.209215 -1.793286 0.000000 1.000000
68.808765 134.117647 0.000000 -0.835858 0.374961 0.000000 1.000000
70.015936 134.117647 0.000000 -0.808746 -0.018961 0.000000 1.000000
71.223108 134.117647 0.000000 -0.025797 -0.143511 0.000000 1.000000
72.430279 134.117647 0.000000 0.588037 0.535468 0.000000 1.000000
73.637450 134.117647 0.000000 -0.871827 0.514001 0.000000 1.000000
74.844622 134.117647 0.000000 0.337601 0.069886 0.000000 1.000000
76.051793 134.117647 0.000000 0.000188 -0.752568 0.000000 1.000000
77.258964 134.117647 0.000000 0.276509 -0.238806 0.000000 1.000000
78.466135 134.117647 0.000000 0.189132 1.568233 0.000000 1.000000
79.673307 134.117647 0.000000 -0.609609 1.755290 0.000000 1.000000
80.880478 134.117647 0.000000 0.644028 0.694067 0.000000 1.000000
82.087649 134.117647 0.000000 0.783110 0.212914 0.000000 1.000000
83.294821 134.117647 0.000000 -0.893284 -1.521064 0.000000 1.000000
84.501992 134.117647 0.000000 -1.518156 -0.591308 0.000000 1.000000
85.709163 134.117647 0.000000 0.285289 -0.627703 0.000000 1.000000
86.916335 134.117647 0.000000 -0.062749 0.182918 0.000000 1.000000
88.123506 134.117647 0.000000 0.771242 0.948572 0.000000 1.000000
89.330677 134.117647 0.000000 1.152171 1.034409 0.000000 1.000000
90.537849 134.117647 0.000000 -0.579742 -0.492687 0.000000 1.000000
91.745020 134.117647 0.000000 -0.609933 0.080542 0.000000 1.000000
92.952191 134.117647 0.000000 -0.395768 0.194512 0.000000 1.000000
94.159363 134.117647 0.000000 0.413733 -0.172636 0.000000 1.000000
95.366534 134.117647 0.000000 -0.492167 -0.407088 0.000000 1.000000
96.573705 134.117647 0.000000 0.215881 0.975154 0.000000 1.000000
97.780876 134.117647 0.000000 -0.408497 -0.647743 0.000000 1.000000
98.988048 134.117647 0.000000 0.816720 0.147196 0.000000 1.000000
100.195219 134.117647 0.000000 -0.696723 0.080709 0.000000 1.000000
101.402390 134.117647 0.000000 -1.039008 -0.280408 0.000000 1.000000
102.609562 134.117647 0.000000 -0.436973 0.842408 0.000000 1.000000
103.816733 134.117647 0.000000 -0.506954 -0.377350 0.000000 1.000000
105.023904 134.117647 0.000000 1.083414 0.744971 0.000000 1.000000
106.231076 134.117647 0.000000 0.057390 0.496360 0.000000 1.000000
107.438247 134.117647 0.000000 1.330758 0.045618 0.000000 1.000000
108.645418 134.117647 0.000000 0.571110 -0.116550 0.000000 1.000000
109.852590 134.117647 0.000000 -0.066713 -0.497118 0.000000 1.000000
111.059761 134.117647 0.000000 0.667182 1.143375 0.000000 1.000000
112.266932 134.117647 0.000000 0.194001 -0.147694 0.000000 1.000000
113.474104 134.117647 0.000000 -0.040302 -0.712531 0.000000 1.000000
114.681275 134.117647 0.000000 -0.931646 -1.441065 0.000000 1.000000
115.888446 134.117647 0.000000 0.240087 -0.117680 0.000000 1.000000
117.095618 134.117647 0.000000 -0.164323 -0.788010 0.000000 1.000000
118.302789 134.117647 0.000000 0.894900 -0.474937 0.000000 1.000000
119.509960 134.117647 0.000000 -0.528341 -0.591652 0.000000 1.000000
120.717131 134.117647 0.000000 0.670431 1.009500 0.000000 1.000000
121.924303 134.117647 0.000000 -0.865768 -0.205047 0.000000 1.000000
123.131474 134.117647 0.000000 0.014455 0.646593 0.000000 1.000000
124.338645 134.117647 0.000000 -0.457764 0.951104 0.000000 1.000000
125.545817 134.117647 0.000000 -0.408571 -0.149965 0.000000 1.000000
126.752988 134.117647 0.000000 -0.520899 -0.310921 0.000000 1.000000
127.960159 134.117647 0.000000 -0.273265 -0.597597 0.000000 1.000000
129.167331 134.117647 0.000000 -0.142176 -0.601109 0.000000 1.000000
130.374502 134.117647 0.000000 -1.618809 1.078420 0.000000 1.000000
131.581673 134.117647 0.000000 -0.318205 0.593047 0.000000 1.000000
132.788845 134.117647 0.000000 0.226331 0.126741 0.000000 1.000000
133.996016 134.117647 0.000000 -0.119506 0.193131 0.000000 1.000000
135.203187 134.117647 0.000000 0.130688 -0.181930 0.000000 1.000000
136.410359 134.117647 0.000000 -0.112511 0.285652 0.000000 1.000000
137.617530 134.117647 0.000000 -0.574497 0.188119 0.000000 1.000000
138.824701 134.117647 0.000000 -1.184142 0.207901 0.000000 1.000000
140.031873 134.117647 0.000000 -0.428080 -0.513509 0.000000 1.000000
141.239044 134.117647 0.000000 0.479543 0.583222 0.000000 1.000000
142.446215 134.117647 0.000000 -1.147378 -0.216260 0.000000 1.000000
143.653386 134.117647 0.000000 -0.038762 -0.348209 0.000000 1.000000
144.860558 134.117647 0.000000 0.192670 -0.767863 0.000000 1.000000
146.067729 134.117647 0.000000 -0.370784 0.463426 0.000000 1.000000
147.274900 134.117647 0.000000 0.315502 -0.869597 0.000000 1.000000
148.482072 134.117647 0.000000 0.182199 0.549758 0.000000 1.000000
149.689243 134.117647 0.000000 0.387456 -0.282439 0.000000 1.000000
150.896414 134.117647 0.000000 -0.409831 0.703337 0.000000 1.000000
152.103586 134.117647 0.000000 -0.490111 -0.112741 0.000000 1.000000
153.310757 134.117647 0.000000 0.350474 0.344540 0.000000 1.000000
154.517928 134.117647 0.000000 1.078161 0.615520 0.000000 1.000000
155.725100 134.117647 0.000000 -0.198002 -0.490162 0.000000 1.000000
156.932271 134.117647 0.000000 -0.976136 -1.252221 0.000000 1.000000
158.139442 134.117647 0.000000 0.740355 -0.097152 0.000000 1.000000
159.346614 134.117647 0.000000 0.779587 0.181432 0.000000 1.000000
160.553785 134.117647 0.000000 -0.428558 -0.101044 0.000000 1.000000
161.760956 134.117647 0.000000 0.227400 -0.142890 0.000000 1.000000
162.968127 134.117647 0.000000 0.222295 -0.782777 0.000000 1.000000
164.175299 134.117647 0.000000 -0.097621 0.009784 0.000000 1.000000
165.382470 134.117647 0.000000 0.351861 -0.673684 0.000000 1.000000
166.589641 134.117647 0.000000 -0.102768 0.227232 0.000000 1.000000
167.796813 134.117647 0.000000 0.319688 0.692124 0.000000 1.000000
169.003984 134.117647 0.000000 -0.216138 0.585309 0.000000 1.000000
170.211155 134.117647 0.000000 -0.858618 -1.374791 0.000000 1.000000
171.418327 134.117647 0.000000 -0.107489 -0.810171 0.000000 1.000000
172.625498 134.117647 0.000000 0.290369 -0.800853 0.000000 1.000000
173.832669 134.117647 0.000000 0.732082 0.537495 0.000000 1.000000
175.039841 134.117647 0.000000 0.580404 0.459092 0.000000 1.000000
176.247012 134.117647 0.000000 -0.583227 0.074237 0.000000 1.000000
177.454183 134.117647 0.000000 0.564278 -0.611670 0.000000 1.000000
178.661355 134.117647 0.000000 -0.071278 -0.766804 0.000000 1.000000
179.868526 134.117647 0.000000 -0.305440 0.284987 0.000000 1.000000
181.075697 134.117647 0.000000 0.341561 -0.884047 0.000000 1.000000
182.282869 134.117647 0.000000 0.558637 0.237696 0.000000 1.000000
183.490040 134.117647 0.000000 0.176655 0.682218 0.000000 1.000000
184.697211 134.117647 0.000000 -0.789240 -0.489995 0.000000 1.000000
185.904382 134.117647 0.000000 0.761609 -0.646742 0.000000 1.000000
187.111554 134.117647 0.000000 -1.708568 0.798180 0.000000 1.000000
188.318725 134.117647 0.000000 -0.527499 0.808584 0.000000 1.000000
189.525896 134.117647 0.000000 -1.113566 -0.573698 0.000000 1.000000
190.733068 134.117647 0.000000 -0.128369 -0.325775 0.000000 1.000000
191.940239 134.117647 0.000000 -0.880675 -0.186433 0.000000 1.000000
193.147410 134.117647 0.000000 -0.920958 0.112634 0.000000 1.000000
194.354582 134.117647 0.000000 -0.506678 -0.106329 0.000000 1.000000
195.561753 134.117647 0.000000 1.008065 -0.471350 0.000000 1.000000
196.768924 134.117647 0.000000 0.569078 0.940054 0.000000 1.000000
197.976096 134.117647 0.000000 -0.703141 -0.187346 0.000000 1.000000
199.183267 134.117647 0.000000 -1.518538 -0.217338 0.000000 1.000000
200.390438 134.117647 0.000000 0.283688 0.512780 0.000000 1.000000
201.597610 134.117647 0.000000 -0.281146 1.637657 0.000000 1.000000
202.804781 134.117647 0.000000 0.098040 -0.591555 0.000000 1.000000
204.011952 134.117647 0.000000 0.009966 -1.525995 0.000000 1.000000
205.219124 134.117647 0.000000 -0.547184 -1.000002 0.000000 1.000000
206.426295 134.117647 0.000000 -0.659005 -0.383018 0.000000 1.000000
207.633466 134.117647 0.000000 -1.342406 -0.546999 0.000000 1.000000
208.840637 134.117647 0.000000 0.664596 -1.333476 0.000000 1.000000
210.047809 134.117647 0.000000 -0.527721 0.974166 0.000000 1.000000
211.254980 134.117647 0.000000 -0.497447 0.692143 0.000000 1.000000
212.462151 134.117647 0.000000 1.095712 -0.396617 0.000000 1.000000
213.669323 134.117647 0.000000 0.125773 -0.197297 0.000000 1.000000
214.876494 134.117647 0.000000 0.472935 0.592661 0.000000 1.000000
216.083665 134.117647 0.000000 -0.991209 -0.581477 0.000000 1.000000
217.290837 134.117647 0.000000 -1.167328 -0.961062 0.000000 1.000000
218.498008 134.117647 0.000000 0.763814 -1.118958 0.000000 1.000000
219.705179 134.117647 0.000000 0.253527 -0.545039 0.000000 1.000000
220.912351 134.117647 0.000000 -0.977744 -0.259361 0.000000 1.000000
222.119522 134.117647 0.000000 0.647166 -0.431980 0.000000 1.000000
223.326693 134.117647 0.000000 0.104402 0.053804 0.000000 1.000000
224.533865 134.117647 0.000000 -0.440008 0.816500 0.000000 1.000000
225.741036 134.117647 0.000000 -0.559109 1.742150 0.000000 1.000000
226.948207 134.117647 0.000000 1.151089 -0.588173 0.000000 1.000000
228.155378 134.117647 0.000000 0.311889 -1.224614 0.000000 1.000000
229.362550 134.117647 0.000000 0.225118 0.791391 0.000000 1.000000
230.569721 134.117647 0.000000 0.603643 -0.618304 0.000000 1.000000
231.776892 134.117647 0.000000 -0.667833 0.538133 0.000000 1.000000
232.984064 134.117647 0.000000 0.986357 0.561459 0.000000 1.000000
234.191235 134.117647 0.000000 -0.314008 -0.375962 0.000000 1.000000
235.398406 134.117647 0.000000 -1.180988 -0.026087 0.000000 1.000000
236.605578 134.117647 0.000000 0.202278 -0.288424 0.000000 1.000000
237.812749 134.117647 0.000000 0.461900 0.255953 0.000000 1.000000
239.019920 134.117647 0.000000 0.819064 -0.077379 0.000000 1.000000
240.227092 134.117647 0.000000 -0.550837 -0.142292 0.000000 1.000000
241.434263 134.117647 0.000000 0.801627 -0.470072 0.000000 1.000000
242.641434 134.117647 0.000000 0.114761 -0.103808 0.000000 1.000000
243.848606 134.117647 0.000000 0.287640 -0.998543 0.000000 1.000000
245.055777 134.117647 0.000000 0.909950 -1.019064 0.000000 1.000000
246.262948 134.117647 0.000000 -1.227151 -0.609904 0.000000 1.000000
247.470120 134.117647 0.000000 0.383715 -0.670156 0.000000 1.000000
248.677291 134.117647 0.000000 -0.602333 -0.322229 0.000000 1.000000
249.884462 134.117647 0.000000 0.841567 1.120398 0.000000 1.000000
251.091633 134.117647 0.000000 0.834402 -0.433391 0.000000 1.000000
252.298805 134.117647 0.000000 0.225675 1.221836 0.000000 1.000000
253.505976 134.117647 0.000000 1.124340 0.702650 0.000000 1.000000
254.713147 134.117647 0.000000 -0.323919 0.767626 0.000000 1.000000
255.920319 134.117647 0.000000 0.006013 -1.190638 0.000000 1.000000
257.127490 134.117647 0.000000 -1.147260 0.253304 0.000000 1.000000
258.334661 134.117647 0.000000 0.123545 -1.049554 0.000000 1.000000
259.541833 134.117647 0.000000 0.356927 0.990085 0.000000 1.000000
260.749004 134.117647 0.000000 1.158423 0.140726 0.000000 1.000000
261.956175 134.117647 0.000000 0.378312 0.358554 0.000000 1.000000
263.163347 134.117647 0.000000 -0.088700 -0.057337 0.000000 1.000000
264.370518 134.117647 0.000000 0.842332 -0.230192 0.000000 1.000000
265.577689 134.117647 0.000000 1.231139 -1.638615 0.000000 1.000000
266.784861 134.117647 0.000000 -0.359984 0.948479 0.000000 1.000000
267.992032 134.117647 0.000000 -0.143476 0.324354 0.000000 1.000000
269.199203 134.117647 0.000000 -0.034808 -0.210411 0.000000 1.000000
270.406375 134.117647 0.000000 0.810656 0.310164 0.000000 1.000000
271.613546 134.117647 0.000000 0.582979 -1.126735 0.000000 1.000000
272.820717 134.117647 0.000000 0.691673 -0.890924 0.000000 1.000000
274.027888 134.117647 0.000000 0.607229 0.161629 0.000000 1.000000
275.235060 134.117647 0.000000 0.432653 -0.415620 0.000000 1.000000
276.442231 134.117647 0.000000 -0.106394 -0.474702 0.000000 1.000000
277.649402 134.117647 0.000000 0.586891 0.269419 0.000000 1.000000
278.856574 134.117647 0.000000 -0.405713 -1.181172 0.000000 1.000000
280.063745 134.117647 0.000000 -0.690547 0.011047 0.000000 1.000000
281.270916 134.117647 0.000000 -1.282445 0.900914 0.000000 1.000000
282.478088 134.117647 0.000000 0.951936 0.509254 0.000000 1.000000
283.685259 134.117647 0.000000 -0.955303 -0.063494 0.000000 1.000000
284.892430 134.117647 0.000000 -0.440598 -0.207086 0.000000 1.000000
286.099602 134.117647 0.000000 0.048992 0.975174 0.000000 1.000000
287.306773 134.117647 0.000000 -0.281396 -0.957435 0.000000 1.000000
288.513944 134.117647 0.000000 -1.850572 -0.537378 0.000000 1.000000
289.721116 134.117647 0.000000 1.342274 -0.204561 0.000000 1.000000
290.928287 134.117647 0.000000 -0.612312 0.281527 0.000000 1.000000
292.135458 134.117647 0.000000 0.743375 -0.218391 0.000000 1.000000
293.342629 134.117647 0.000000 0.023397 1.019774 0.000000 1.000000
294.549801 134.117647 0.000000 0.839790 -1.011069 0.000000 1.000000
295.756972 134.117647 0.000000 0.053979 0.810113 0.000000 1.000000
296.964143 134.117647 0.000000 0.255228 0.594862 0.000000 1.000000
298.171315 134.117647 0.000000 0.233870 -0.233280 0.000000 1.000000
299.378486 134.117647 0.000000 -0.176820 0.678557 0.000000 1.000000
300.585657 134.117647 0.000000 -0.090571 -0.193592 0.000000 1.000000
301.792829 134.117647 0.000000 0.560482 0.622876 0.000000 1.000000
1.207171 137.647059 0.000000 0.050941 0.808894 0.000000 1.000000
2.414343 137.647059 0.000000 -1.340051 0.366122 0.000000 1.000000
3.621514 137.647059 0.000000 -0.711559 -0.210657 0.000000 1.000000
4.828685 137.647059 0.000000 0.067552 -0.691440 0.000000 1.000000
6.035857 137.647059 0.000000 1.565699 0.040642 0.000000 1.000000
7.243028 137.647059 0.000000 -0.239738 0.818692 0.000000 1.000000
8.450199 137.647059 0.000000 -0.390403 0.371479 0.000000 1.000000
9.657371 137.647059 0.000000 1.002916 0.456569 0.000000 1.000000
10.864542 137.647059 0.000000 -0.161044 0.093381 0.000000 1.000000
12.071713 137.647059 0.000000 2.106861 1.625735 0.000000 1.000000
13.278884 137.647059 0.000000 -1.674924 0.404037 0.000000 1.000000
14.486056 137.647059 0.000000 -0.317786 -0.363720 0.000000 1.000000
15.693227 137.647059 0.000000 -1.273752 -0.293588 0.000000 1.000000
16.900398 137.647059 0.000000 0.633637 -0.358998 0.000000 1.000000
18.107570 137.647059 0.000000 -0.188665 1.909204 0.000000 1.000000
19.314741 137.647059 0.000000 0.189892 -0.050107 0.000000 1.000000
20.521912 137.647059 0.000000 -0.432519 -0.783179 0.000000 1.000000
21.729084 137.647059 0.000000 1.305259 1.482410 0.000000 1.000000
22.936255 137.647059 0.000000 0.391495 0.014906 0.000000 1.000000
24.143426 137.647059 0.000000 -0.648736 0.352559 0.000000 1.000000
25.350598 137.647059 0.000000 0.770854 -0.347152 0.000000 1.000000
26.557769 137.647059 0.000000 0.801287 0.596019 0.000000 1.000000
27.764940 137.647059 0.000000 -0.346912 -0.700999 0.000000 1.000000
28.972112 137.647059 0.000000 -0.915251 -0.173271 0.000000 1.000000
30.179283 137.647059 0.000000 -1.053588 -0.692375 0.000000 1.000000
31.386454 137.647059 0.000000 0.828306 -0.417503 0.000000 1.000000
32.593625 137.647059 0.000000 -0.191276 -0.102950 0.000000 1.000000
33.800797 137.647059 0.000000 -0.549024 0.010735 0.000000 1.000000
35.007968 137.647059 0.000000 0.060849 -1.583618 0.000000 1.000000
36.215139 137.647059 0.000000 0.633648 -0.769272 0.000000 1.000000
37.422311 137.647059 0.000000 -0.021742 -0.061551 0.000000 1.000000
38.629482 137.647059 0.000000 0.386779 0.739257 0.000000 1.000000
39.836653 137.647059 0.000000 0.048111 -0.574413 0.000000 1.000000
41.043825 137.647059 0.000000 -0.588489 -0.515276 0.000000 1.000000
42.250996 137.647059 0.000000 -0.076734 0.610706 0.000000 1.000000
43.458167 137.647059 0.000000 0.333753 -0.089224 0.000000 1.000000
44.665339 137.647059 0.000000 -0.357059 -1.290616 0.000000 1.000000
45.872510 137.647059 0.000000 0.092817 -0.878820 0.000000 1.000000
47.079681 137.647059 0.000000 0.298143 -0.243851 0.000000 1.000000
48.286853 137.647059 0.000000 -0.776454 0.038647 0.000000 1.000000
49.494024 137.647059 0.000000 0.111585 -0.100177 0.000000 1.000000
50.701195 137.647059 0.000000 1.254233 -0.262544 0.000000 1.000000
51.908367 137.647059 0.000000 1.985981 -0.517414 0.000000 1.000000
53.115538 137.647059 0.000000 0.287219 -1.160594 0.000000 1.000000
54.322709 137.647059 0.000000 0.696191 -1.116260 0.000000 1.000000
55.529880 137.647059 0.000000 0.192991 -1.194439 0.000000 1.000000
56.737052 137.647059 0.000000 0.588274 0.126543 0.000000 1.000000
57.944223 137.647059 0.000000 0.216660 0.803114 0.000000 1.000000
59.151394 137.647059 0.000000 -0.256998 -0.042362 0.000000 1.000000
60.358566 137.647059 0.000000 -0.891189 0.031382 0.000000 1.000000
61.565737 137.647059 0.000000 -1.099461 0.404412 0.000000 1.000000
62.772908 137.647059 0.000000 0.486843 -0.124719 0.000000 1.000000
63.980080 137.647059 0.000000 0.071741 0.711104 0.000000 1.000000
65.187251 137.647059 0.000000 0.052889 -0.776263 0.000000 1.000000
66.394422 137.647059 0.000000 0.150194 -0.281829 0.000000 1.000000
67.601594 137.647059 0.000000 -0.196066 -0.949242 0.000000 1.000000
68.808765 137.647059 0.000000 -0.248433 -0.246436 0.000000 1.000000
70.015936 137.647059 0.000000 0.441370 -0.144382 0.000000 1.000000
71.223108 137.647059 0.000000 0.659489 -1.282543 0.000000 1.000000
72.430279 137.647059 0.000000 0.445255 -0.092451 0.000000 1.000000
73.637450 137.647059 0.000000 0.262410 0.266432 0.000000 1.000000
74.844622 137.647059 0.000000 -0.039268 0.420006 0.000000 1.000000
76.051793 137.647059 0.000000 0.533869 0.129971 0.000000 1.000000
77.258964 137.647059 0.000000 -0.242838 -0.363262 0.000000 1.000000
78.466135 137.647059 0.000000 1.025343 -1.099265 0.000000 1.000000
79.673307 137.647059 0.000000 -0.869272 -0.735521 0.000000 1.000000
80.880478 137.647059 0.000000 -0.487098 0.613125 0.000000 1.000000
82.087649 137.647059 0.000000 1.189438 0.049301 0.000000 1.000000
83.294821 137.647059 0.000000 0.220366 0.092165 0.000000 1.000000
84.501992 137.647059 0.000000 -0.397580 -1.011312 0.000000 1.000000
85.709163 137.647059 0.000000 0.298199 -0.483456 0.000000 1.000000
86.916335 137.647059 0.000000 -0.382989 -0.171127 0.000000 1.000000
88.123506 137.647059 0.000000 -0.850625 0.886018 0.000000 1.000000
89.330677 137.647059 0.000000 0.544632 -0.862030 0.000000 1.000000
90.537849 137.647059 0.000000 0.755445 0.291011 0.000000 1.000000
91.745020 137.647059 0.000000 -0.240786 -0.220472 0.000000 1.000000
92.952191 137.647059 0.000000 -0.262891 -0.300589 0.000000 1.000000
94.159363 137.647059 0.000000 0.003259 -0.891607 0.000000 1.000000
95.366534 137.647059 0.000000 -0.919373 0.196207 0.000000 1.000000
96.573705 137.647059 0.000000 -0.073981 -0.804424 0.000000 1.000000
97.780876 137.647059 0.000000 -0.071256 -2.022255 0.000000 1.000000
98.988048 137.647059 0.000000 0.613186 -0.696601 0.000000 1.000000
100.195219 137.647059 0.000000 0.123771 0.418713 0.000000 1.000000
101.402390 137.647059 0.000000 0.729639 0.384741 0.000000 1.000000
102.609562 137.647059 0.000000 -0.118867 0.370848 0.000000 1.000000
103.816733 137.647059 0.000000 -0.137064 0.532312 0.000000 1.000000
105.023904 137.647059 0.000000 0.784780 -0.654405 0.000000 1.000000
106.231076 137.647059 0.000000 0.165011 0.712866 0.000000 1.000000
107.438247 137.647059 0.000000 1.033810 0.827144 0.000000 1.000000
108.645418 137.647059 0.000000 0.437813 0.141835 0.000000 1.000000
109.852590 137.647059 0.000000 -0.556543 0.500133 0.000000 1.000000
111.059761 137.647059 0.000000 -0.188594 -0.460221 0.000000 1.000000
112.266932 137.647059 0.000000 -0.397510 0.057697 0.000000 1.000000
113.474104 137.647059 0.000000 -0.878707 0.638107 0.000000 1.000000
114.681275 137.647059 0.000000 0.795926 1.439441 0.000000 1.000000
115.888446 137.647059 0.000000 0.109412 0.148554 0.000000 1.000000
117.095618 137.647059 0.000000 -1.019153 -0.693702 0.000000 1.000000
118.302789 137.647059 0.000000 0.126857 1.484886 0.000000 1.000000
119.509960 137.647059 0.000000 -0.327776 0.190637 0.000000 1.000000
120.717131 137.647059 0.000000 -0.422144 -0.207983 0.000000 1.000000
121.924303 137.647059 0.000000 0.903636 -0.247085 0.000000 1.000000
123.131474 137.647059 0.000000 0.788768 0.044050 0.000000 1.000000
124.338645 137.647059 0.000000 -0.138394 -0.112421 0.000000 1.000000
125.545817 137.647059 0.000000 0.434965 0.293504 0.000000 1.000000
126.752988 137.647059 0.000000 -0.634083 1.088873 0.000000 1.000000
127.960159 137.647059 0.000000 0.158167 -0.040192 0.000000 1.000000
129.167331 137.647059 0.000000 -0.949200 0.229291 0.000000 1.000000
130.374502 137.647059 0.000000 0.999619 0.624519 0.000000 1.000000
131.581673 137.647059 0.000000 0.756305 0.161698 0.000000 1.000000
132.788845 137.647059 0.000000 0.181348 0.281857 0.000000 1.000000
133.996016 137.647059 0.000000 -0.670235 -0.179878 0.000000 1.000000
135.203187 137.647059 0.000000 0.815207 0.210802 0.000000 1.000000
136.410359 137.647059 0.000000 0.771814 -0.689720 0.000000 1.000000
137.617530 137.647059 0.000000 -0.453360 0.007004 0.000000 1.000000
138.824701 137.647059 0.000000 1.300722 0.200188 0.000000 1.000000
140.031873 137.647059 0.000000 -0.645937 1.455659 0.000000 1.000000
141.239044 137.647059 0.000000 0.171039 -1.159245 0.000000 1.000000
142.446215 137.647059 0.000000 0.681266 -2.506579 0.000000 1.000000
143.653386 137.647059 0.000000 0.327536 0.269138 0.000000 1.000000
144.860558 137.647059 0.000000 0.647823 -1.712998 0.000000 1.000000
146.067729 137.647059 0.000000 -0.078742 0.007456 0.000000 1.000000
147.274900 137.647059 0.000000 -0.023131 0.524008 0.000000 1.000000
148.482072 137.647059 0.000000 1.846830 0.643779 0.000000 1.000000
149.689243 137.647059 0.000000 0.541986 -1.069058 0.000000 1.000000
150.896414 137.647059 0.000000 -0.333066 1.191817 0.000000 1.000000
152.103586 137.647059 0.000000 0.368008 -0.264762 0.000000 1.000000
153.310757 137.647059 0.000000 0.629786 0.798798 0.000000 1.000000
154.517928 137.647059 0.000000 0.643929 0.057044 0.000000 1.000000
155.725100 137.647059 0.000000 0.206843 0.912721 0.000000 1.000000
156.932271 137.647059 0.000000 0.012720 -0.396482 0.000000 1.000000
158.139442 137.647059 0.000000 -0.181873 -1.655959 0.000000 1.000000
159.346614 137.647059 0.000000 -0.115166 -0.934088 0.000000 1.000000
160.553785 137.647059 0.000000 -0.447044 1.232965 0.000000 1.000000
161.760956 137.647059 0.000000 0.237086 -0.771602 0.000000 1.000000
162.968127 137.647059 0.000000 0.415112 0.881735 0.000000 1.000000
164.175299 137.647059 0.000000 0.116095 0.428223 0.000000 1.000000
165.382470 137.647059 0.000000 -0.416094 -0.518099 0.000000 1.000000
166.589641 137.647059 0.000000 1.327336 0.889209 0.000000 1.000000
167.796813 137.647059 0.000000 -0.282095 0.047664 0.000000 1.000000
169.003984 137.647059 0.000000 -1.276017 0.274456 0.000000 1.000000
170.211155 137.647059 0.000000 -0.029454 -0.158962 0.000000 1.000000
171.418327 137.647059 0.000000 0.372411 -0.074958 0.000000 1.000000
172.625498 137.647059 0.000000 1.254497 -0.430557 0.000000 1.000000
173.832669 137.647059 0.000000 -0.558229 0.676749 0.000000 1.000000
175.039841 137.647059 0.000000 0.147822 0.120204 0.000000 1.000000
176.247012 137.647059 0.000000 0.727760 0.564973 0.000000 1.000000
177.454183 137.647059 0.000000 1.353783 1.121099 0.000000 1.000000
178.661355 137.647059 0.000000 -1.555286 -0.373868 0.000000 1.000000
179.868526 137.647059 0.000000 1.075902 0.686294 0.000000 1.000000
181.075697 137.647059 0.000000 -0.697284 -0.186718 0.000000 1.000000
182.282869 137.647059 0.000000 0.026749 -0.584693 0.000000 1.000000
183.490040 137.647059 0.000000 -0.687035 -0.549605 0.000000 1.000000
184.697211 137.647059 0.000000 -0.691787 0.411529 0.000000 1.000000
185.904382 137.647059 0.000000 -1.306796 0.629853 0.000000 1.000000
187.111554 137.647059 0.000000 1.051195 -0.133866 0.000000 1.000000
188.318725 137.647059 0.000000 0.550989 0.559220 0.000000 1.000000
189.525896 137.647059 0.000000 1.543747 -0.013949 0.000000 1.000000
190.733068 137.647059 0.000000 -0.560432 -0.006185 0.000000 1.000000
191.940239 137.647059 0.000000 -0.149212 0.036559 0.000000 1.000000
193.147410 137.647059 0.000000 -0.004187 -0.764963 0.000000 1.000000
194.354582 137.647059 0.000000 -1.064722 -1.622452 0.000000 1.000000
195.561753 137.647059 0.000000 0.336592 -0.055124 0.000000 1.000000
196.768924 137.647059 0.000000 0.574525 0.113684 0.000000 1.000000
197.976096 137.647059 0.000000 0.212583 -0.313108 0.000000 1.000000
199.183267 137.647059 0.000000 -0.195308 0.075717 0.000000 1.000000
200.390438 137.647059 0.000000 -0.950701 0.652088 0.000000 1.000000
201.597610 137.647059 0.000000 0.145116 -1.644454 0.000000 1.000000
202.804781 137.647059 0.000000 0.195922 -1.683422 0.000000 1.000000
204.011952 137.647059 0.000000 0.289372 0.917752 0.000000 1.000000
205.219124 137.647059 0.000000 -0.045898 -0.372538 0.000000 1.000000
206.426295 137.647059 0.000000 0.203540 0.588653 0.000000 1.000000
207.633466 137.647059 0.000000 0.107585 0.869502 0.000000 1.000000
208.840637 137.647059 0.000000 -0.560801 -0.040251 0.000000 1.000000
210.047809 137.647059 0.000000 0.187270 -0.073639 0.000000 1.000000
211.254980 137.647059 0.000000 0.275524 0.415807 0.000000 1.000000
212.462151 137.647059 0.000000 0.709221 -0.161924 0.000000 1.000000
213.669323 137.647059 0.000000 -0.069737 0.444872 0.000000 1.000000
214.876494 137.647059 0.000000 -0.022299 -0.101894 0.000000 1.000000
216.083665 137.647059 0.000000 0.390297 0.166261 0.000000 1.000000
217.290837 137.647059 0.000000 -0.034063 -0.827361 0.000000 1.000000
218.498008 137.647059 0.000000 0.371132 -0.155821 0.000000 1.000000
219.705179 137.647059 0.000000 1.519547 0.133809 0.000000 1.000000
220.912351 137.647059 0.000000 0.482684 -0.000959 0.000000 1.000000
222.119522 137.647059 0.000000 0.050012 0.240197 0.000000 1.000000
223.326693 137.647059 0.000000 0.849553 0.091995 0.000000 1.000000
224.533865 137.647059 0.000000 0.004543 0.581758 0.000000 1.000000
225.741036 137.647059 0.000000 -0.160136 -0.706073 0.000000 1.000000
226.948207 137.647059 0.000000 0.022751 0.337129 0.000000 1.000000
228.155378 137.647059 0.000000 0.851286 0.020369 0.000000 1.000000
229.362550 137.647059 0.000000 -1.104904 -0.540036 0.000000 1.000000
230.569721 137.647059 0.000000 0.359248 -0.007126 0.000000 1.000000
231.776892 137.647059 0.000000 0.926839 0.855536 0.000000 1.000000
232.984064 137.647059 0.000000 1.741688 0.249632 0.000000 1.000000
234.191235 137.647059 0.000000 0.410489 -0.568049 0.000000 1.000000
235.398406 137.647059 0.000000 0.018165 -0.999420 0.000000 1.000000
236.605578 137.647059 0.000000 0.165132 -0.354923 0.000000 1.000000
237.812749 137.647059 0.000000 -1.647217 0.051741 0.000000 1.000000
239.019920 137.647059 0.000000 -0.046336 -0.938270 0.000000 1.000000
240.227092 137.647059 0.000000 -1.194247 -0.248284 0.000000 1.000000
241.434263 137.647059 0.000000 -0.169286 -1.153781 0.000000 1.000000
242.641434 137.647059 0.000000 -0.518016 -0.478140 0.000000 1.000000
243.848606 137.647059 0.000000 -1.110234 -0.303692 0.000000 1.000000
245.055777 137.647059 0.000000 -0.659122 2.013227 0.000000 1.000000
246.262948 137.647059 0.000000 1.611465 -0.518529 0.000000 1.000000
247.470120 137.647059 0.000000 0.595296 -0.667593 0.000000 1.000000
248.677291 137.647059 0.000000 -0.542363 0.062887 0.000000 1.000000
249.884462 137.647059 0.000000 0.006866 0.222418 0.000000 1.000000
251.091633 137.647059 0.000000 1.144966 -0.622459 0.000000 1.000000
252.298805 137.647059 0.000000 0.837613 -0.152055 0.000000 1.000000
253.505976 137.647059 0.000000 -0.215085 -0.495690 0.000000 1.000000
254.713147 137.647059 0.000000 0.233919 0.211074 0.000000 1.000000
255.920319 137.647059 0.000000 0.890329 -1.510877 0.000000 1.000000
257.127490 137.647059 0.000000 0.275779 0.151993 0.000000 1.000000
258.334661 137.647059 0.000000 0.457181 -0.422455 0.000000 1.000000
259.541833 137.647059 0.000000 -0.472399 -0.771994 0.000000 1.000000
260.749004 137.647059 0.000000 -0.373723 0.395209 0.000000 1.000000
261.956175 137.647059 0.000000 -1.193617 -0.014842 0.000000 1.000000
263.163347 137.647059 0.000000 0.591152 -0.146109 0.000000 1.000000
264.370518 137.647059 0.000000 0.450792 -0.083410 0.000000 1.000000
265.577689 137.647059 0.000000 -0.084596 1.364150 0.000000 1.000000
266.784861 137.647059 0.000000 0.669280 0.045267 0.000000 1.000000
267.992032 137.647059 0.000000 -0.234633 0.461930 0.000000 1.000000
269.199203 137.647059 0.000000 -0.149325 0.085315 0.000000 1.000000
270.406375 137.647059 0.000000 -0.737897 1.520522 0.000000 1.000000
271.613546 137.647059 0.000000 -0.419951 -0.340369 0.000000 1.000000
272.820717 137.647059 0.000000 -0.960555 -0.549204 0.000000 1.000000
274.027888 137.647059 0.000000 0.490639 -0.575074 0.000000 1.000000
275.235060 137.647059 0.000000 0.139732 0.183018 0.000000 1.000000
276.442231 137.647059 0.000000 0.359115 0.133103 0.000000 1.000000
277.649402 137.647059 0.000000 0.829239 -0.772519 0.000000 1.000000
278.856574 137.647059 0.000000 0.407851 -1.034405 0.000000 1.000000
280.063745 137.647059 0.000000 -0.301038 -0.080818 0.000000 1.000000
281.270916 137.647059 0.000000 -1.590660 -0.075427 0.000000 1.000000
282.478088 137.647059 0.000000 -0.487832 -0.700157 0.000000 1.000000
283.685259 137.647059 0.000000 -0.992422 -0.693094 0.000000 1.000000
284.892430 137.647059 0.000000 0.393699 -0.085424 0.000000 1.000000
286.099602 137.647059 0.000000 0.300773 -0.252445 0.000000 1.000000
287.306773 137.647059 0.000000 -0.818250 -0.166183 0.000000 1.000000
288.513944 137.647059 0.000000 0.498404 0.229333 0.000000 1.000000
289.721116 137.647059 0.000000 -0.173405 0.335367 0.000000 1.000000
290.928287 137.647059 0.000000 0.220625 1.540498 0.000000 1.000000
292.135458 137.647059 0.000000 -0.301534 -0.356631 0.000000 1.000000
293.342629 137.647059 0.000000 -0.655683 1.603003 0.000000 1.000000
294.549801 137.647059 0.000000 0.404696 2.295770 0.000000 1.000000
295.756972 137.647059 0.000000 0.586923 0.058972 0.000000 1.000000
296.964143 137.647059 0.000000 0.169520 0.260273 0.000000 1.000000
298.171315 137.647059 0.000000 0.234019 -1.722799 0.000000 1.000000
299.378486 137.647059 0.000000 -0.602415 -0.208064 0.000000 1.000000
300.585657 137.647059 0.000000 -1.027013 -0.331598 0.000000 1.000000
301.792829 137.647059 0.000000 0.920597 -0.381764 0.000000 1.000000
1.207171 141.176471 0.000000 0.432872 -1.871881 0.000000 1.000000
2.414343 141.176471 0.000000 -0.076579 0.105218 0.000000 1.000000
3.621514 141.176471 0.000000 -0.755679 -1.292920 0.000000 1.000000
4.828685 141.176471 0.000000 0.134700 0.112735 0.000000 1.000000
6.035857 141.176471 0.000000 -0.425357 0.090500 0.000000 1.000000
7.243028 141.176471 0.000000 0.700554 0.248768 0.000000 1.000000
8.450199 141.176471 0.000000 0.294876 0.038494 0.000000 1.000000
9.657371 141.176471 0.000000 -0.796482 -0.329730 0.000000 1.000000
10.864542 141.176471 0.000000 -0.167867 0.039456 0.000000 1.000000
12.071713 141.176471 0.000000 -0.194974 -1.159226 0.000000 1.000000
13.278884 141.176471 0.000000 0.911244 1.805591 0.000000 1.000000
14.486056 141.176471 0.000000 0.803409 0.820343 0.000000 1.000000
15.693227 141.176471 0.000000 0.665240 -0.343418 0.000000 1.000000
16.900398 141.176471 0.000000 -0.216822 0.289119 0.000000 1.000000
18.107570 141.176471 0.000000 -0.312303 -0.463625 0.000000 1.000000
19.314741 141.176471 0.000000 -0.670985 -0.143706 0.000000 1.000000
20.521912 141.176471 0.000000 -0.749326 0.005067 0.000000 1.000000
21.729084 141.176471 0.000000 0.004153 -0.509548 0.000000 1.000000
22.936255 141.176471 0.000000 0.590246 -1.372763 0.000000 1.000000
24.143426 141.176471 0.000000 1.012897 -0.618158 0.000000 1.000000
25.350598 141.176471 0.000000 -0.432508 1.046053 0.000000 1.000000
26.557769 141.176471 0.000000 0.593128 -0.116207 0.000000 1.000000
27.764940 141.176471 0.000000 0.172856 0.349282 0.000000 1.000000
28.972112 141.176471 0.000000 -1.947112 0.768032 0.000000 1.000000
30.179283 141.176471 0.000000 0.356987 -0.483755 0.000000 1.000000
31.386454 141.176471 0.000000 0.072279 -0.147595 0.000000 1.000000
32.593625 141.176471 0.000000 -0.458562 -0.446929 0.000000 1.000000
33.800797 141.176471 0.000000 0.830474 0.030267 0.000000 1.000000
35.007968 141.176471 0.000000 -0.040728 -0.996270 0.000000 1.000000
36.215139 141.176471 0.000000 0.320009 1.096203 0.000000 1.000000
37.422311 141.176471 0.000000 -0.401376 0.015152 0.000000 1.000000
38.629482 141.176471 0.000000 0.085384 0.894434 0.000000 1.000000
39.836653 141.176471 0.000000 -0.725245 0.382082 0.000000 1.000000
41.043825 141.176471 0.000000 -0.363506 0.225505 0.000000 1.000000
42.250996 141.176471 0.000000 1.105839 -0.441846 0.000000 1.000000
43.458167 141.176471 0.000000 -0.001638 -0.372799 0.000000 1.000000
44.665339 141.176471 0.000000 -1.689171 0.441190 0.000000 1.000000
45.872510 141.176471 0.000000 -1.638959 1.278095 0.000000 1.000000
47.079681 141.176471 0.000000 -1.368870 -0.086297 0.000000 1.000000
48.286853 141.176471 0.000000 -0.201625 -0.675993 0.000000 1.000000
49.494024 141.176471 0.000000 -0.650261 0.876334 0.000000 1.000000
50.701195 141.176471 0.000000 -0.329915 0.233344 0.000000 1.000000
51.908367 141.176471 0.000000 1.386932 1.472261 0.000000 1.000000
53.115538 141.176471 0.000000 0.948396 -0.272145 0.000000 1.000000
54.322709 141.176471 0.000000 -2.310382 0.876868 0.000000 1.000000
55.529880 141.176471 0.000000 0.457462 -0.616854 0.000000 1.000000
56.737052 141.176471 0.000000 0.346625 -0.445597 0.000000 1.000000
57.944223 141.176471 0.000000 -0.571714 -0.566469 0.000000 1.000000
59.151394 141.176471 0.000000 0.500885 -0.919049 0.000000 1.000000
60.358566 141.176471 0.000000 -0.890551 -0.481693 0.000000 1.000000
61.565737 141.176471 0.000000 -0.124781 0.141847 0.000000 1.000000
62.772908 141.176471 0.000000 0.334912 -0.058657 0.000000 1.000000
63.980080 141.176471 0.000000 -0.831919 -0.059161 0.000000 1.000000
65.187251 141.176471 0.000000 -0.595933 0.056965 0.000000 1.000000
66.394422 141.176471 0.000000 0.315594 0.404916 0.000000 1.000000
67.601594 141.176471 0.000000 0.848619 -0.979596 0.000000 1.000000
68.808765 141.176471 0.000000 -0.214888 0.561135 0.000000 1.000000
70.015936 141.176471 0.000000 -1.013334 0.557411 0.000000 1.000000
71.223108 141.176471 0.000000 -0.293947 0.275794 0.000000 1.000000
72.430279 141.176471 0.000000 0.231356 0.187362 0.000000 1.000000
73.637450 141.176471 0.000000 0.189785 -0.734126 0.000000 1.000000
74.844622 141.176471 0.000000 -0.020582 1.152092 0.000000 1.000000
76.051793 141.176471 0.000000 -0.411827 0.516237 0.000000 1.000000
77.258964 141.176471 0.000000 -0.387761 -0.202349 0.000000 1.000000
78.466135 141.176471 0.000000 1.019653 -0.200749 0.000000 1.000000
79.673307 141.176471 0.000000 -0.095668 0.563444 0.000000 1.000000
80.880478 141.176471 0.000000 0.501805 -1.101849 0.000000 1.000000
82.087649 141.176471 0.000000 0.895617 0.654791 0.000000 1.000000
83.294821 141.176471 0.000000 -0.466425 0.014861 0.000000 1.000000
84.501992 141.176471 0.000000 -0.827431 -0.276687 0.000000 1.000000
85.709163 141.176471 0.000000 -0.049314 0.005911 0.000000 1.000000
86.916335 141.176471 0.000000 -0.252516 -0.455313 0.000000 1.000000
88.123506 141.176471 0.000000 0.163670 1.045096 0.000000 1.000000
89.330677 141.176471 0.000000 0.201501 -0.813738 0.000000 1.000000
90.537849 141.176471 0.000000 0.840823 -0.971807 0.000000 1.000000
91.745020 141.176471 0.000000 -0.141260 -0.860716 0.000000 1.000000
92.952191 141.176471 0.000000 -0.216812 1.247304 0.000000 1.000000
94.159363 141.176471 0.000000 -2.170757 -0.517039 0.000000 1.000000
95.366534 141.176471 0.000000 -1.174073 0.790529 0.000000 1.000000
96.573705 141.176471 0.000000 1.360132 0.151529 0.000000 1.000000
97.780876 141.176471 0.000000 0.903780 -2.039964 0.000000 1.000000
98.988048 141.176471 0.000000 0.173849 0.375554 0.000000 1.000000
100.195219 141.176471 0.000000 0.439691 -0.428397 0.000000 1.000000
101.402390 141.176471 0.000000 -0.317325 -0.481520 0.000000 1.000000
102.609562 141.176471 0.000000 0.145829 -0.435620 0.000000 1.000000
103.816733 141.176471 0.000000 0.231405 -0.274492 0.000000 1.000000
105.023904 141.176471 0.000000 -0.497353 0.348727 0.000000 1.000000
106.231076 141.176471 0.000000 -0.033169 -0.871203 0.000000 1.000000
107.438247 141.176471 0.000000 1.707300 0.039500 0.000000 1.000000
108.645418 141.176471 0.000000 -0.325719 0.001324 0.000000 1.000000
109.852590 141.176471 0.000000 -0.180349 -1.428732 0.000000 1.000000
111.059761 141.176471 0.000000 -1.570391 1.377787 0.000000 1.000000
112.266932 141.176471 0.000000 0.074105 0.237360 0.000000 1.000000
113.474104 141.176471 0.000000 -0.105569 -0.321558 0.000000 1.000000
114.681275 141.176471 0.000000 -1.253626 0.430460 0.000000 1.000000
115.888446 141.176471 0.000000 -1.118303 -1.094257 0.000000 1.000000
117.095618 141.176471 0.000000 0.291079 0.088204 0.000000 1.000000
118.302789 141.176471 0.000000 -0.272092 1.641513 0.000000 1.000000
119.509960 141.176471 0.000000 0.395249 1.529636 0.000000 1.000000
120.717131 141.176471 0.000000 -0.348371 0.049986 0.000000 1.000000
121.924303 141.176471 0.000000 0.846435 0.668045 0.000000 1.000000
123.131474 141.176471 0.000000 -0.014973 -0.949218 0.000000 1.000000
124.338645 141.176471 0.000000 -1.005600 0.208396 0.000000 1.000000
125.545817 141.176471 0.000000 -1.060359 0.621922 0.000000 1.000000
126.752988 141.176471 0.000000 0.788015 0.605758 0.000000 1.000000
127.960159 141.176471 0.000000 -1.234567 1.042547 0.000000 1.000000
129.167331 141.176471 0.000000 0.110798 -1.678651 0.000000 1.000000
130.374502 141.176471 0.000000 -0.396446 -0.901265 0.000000 1.000000
131.581673 141.176471 0.000000 0.001428 -0.234103 0.000000 1.000000
132.788845 141.176471 0.000000 -0.322091 -0.020302 0.000000 1.000000
133.996016 141.176471 0.000000 -0.817228 -1.100778 0.000000 1.000000
135.203187 141.176471 0.000000 -0.861414 -0.996261 0.000000 1.000000
136.410359 141.176471 0.000000 -0.319841 0.587422 0.000000 1.000000
137.617530 141.176471 0.000000 0.357296 0.015726 0.000000 1.000000
138.824701 141.176471 0.000000 0.206530 0.724342 0.000000 1.000000
140.031873 141.176471 0.000000 0.143890 0.851515 0.000000 1.000000
141.239044 141.176471 0.000000 -0.041522 -0.151087 0.000000 1.000000
142.446215 141.176471 0.000000 0.798624 -0.427734 0.000000 1.000000
143.653386 141.176471 0.000000 -0.604437 -1.209582 0.000000 1.000000
144.860558 141.176471 0.000000 -0.058683 -0.013812 0.000000 1.000000
146.067729 141.176471 0.000000 0.515161 0.598918 0.000000 1.000000
147.274900 141.176471 0.000000 0.073160 -1.123544 0.000000 1.000000
148.482072 141.176471 0.000000 -1.671610 0.335709 0.000000 1.000000
149.689243 141.176471 0.000000 0.131042 0.097497 0.000000 1.000000
150.896414 141.176471 0.000000 -0.126169 -0.324716 0.000000 1.000000
152.103586 141.176471 0.000000 -1.444025 -1.287438 0.000000 1.000000
153.310757 141.176471 0.000000 0.844141 1.230973 0.000000 1.000000
154.517928 141.176471 0.000000 -0.645224 -1.308205 0.000000 1.000000
155.725100 141.176471 0.000000 -1.786908 -1.109224 0.000000 1.000000
156.932271 141.176471 0.000000 -0.007156 0.815556 0.000000 1.000000
158.139442 141.176471 0.000000 0.340765 0.317359 0.000000 1.000000
159.346614 141.176471 0.000000 -0.268945 0.424565 0.000000 1.000000
160.553785 141.176471 0.000000 -0.697648 0.233695 0.000000 1.000000
161.760956 141.176471 0.000000 0.990129 -1.153607 0.000000 1.000000
162.968127 141.176471 0.000000 1.263644 0.049943 0.000000 1.000000
164.175299 141.176471 0.000000 -1.012830 -0.313682 0.000000 1.000000
165.382470 141.176471 0.000000 -0.142258 -0.665865 0.000000 1.000000
166.589641 141.176471 0.000000 -0.849091 1.133851 0.000000 1.000000
167.796813 141.176471 0.000000 -0.122195 -0.005865 0.000000 1.000000
169.003984 141.176471 0.000000 -0.611396 -0.861451 0.000000 1.000000
170.211155 141.176471 0.000000 -0.339368 1.213767 0.000000 1.000000
171.418327 141.176471 0.000000 0.956037 1.078717 0.000000 1.000000
172.625498 141.176471 0.000000 0.409693 -0.099828 0.000000 1.000000
173.832669 141.176471 0.000000 0.316183 -0.634162 0.000000 1.000000
175.039841 141.176471 0.000000 2.173774 0.524460 0.000000 1.000000
176.247012 141.176471 0.000000 -0.960644 -0.726139 0.000000 1.000000
177.454183 141.176471 0.000000 -1.299268 -0.440966 0.000000 1.000000
178.661355 141.176471 0.000000 -0.063415 1.040360 0.000000 1.000000
179.868526 141.176471 0.000000 1.259992 0.153121 0.000000 1.000000
181.075697 141.176471 0.000000 -0.274593 -0.610171 0.000000 1.000000
182.282869 141.176471 0.000000 -0.998851 0.412291 0.000000 1.000000
183.490040 141.176471 0.000000 0.035016 1.370709 0.000000 1.000000
184.697211 141.176471 0.000000 0.578029 -0.350545 0.000000 1.000000
185.904382 141.176471 0.000000 -0.013415 -1.454358 0.000000 1.000000
187.111554 141.176471 0.000000 0.390694 0.479758 0.000000 1.000000
188.318725 141.176471 0.000000 -0.120738 -1.350913 0.000000 1.000000
189.525896 141.176471 0.000000 1.038377 -0.814895 0.000000 1.000000
190.733068 141.176471 0.000000 -0.051182 0.037419 0.000000 1.000000
191.940239 141.176471 0.000000 0.444794 -0.222724 0.000000 1.000000
193.147410 141.176471 0.000000 -1.292503 1.479248 0.000000 1.000000
194.354582 141.176471 0.000000 0.981898 -0.290917 0.000000 1.000000
195.561753 141.176471 0.000000 0.157475 -1.491426 0.000000 1.000000
196.768924 141.176471 0.000000 0.760793 1.138206 0.000000 1.000000
197.976096 141.176471 0.000000 -0.318650 -1.047410 0.000000 1.000000
199.183267 141.176471 0.000000 -1.033259 -0.975457 0.000000 1.000000
200.390438 141.176471 0.000000 -0.515380 -0.279768 0.000000 1.000000
201.597610 141.176471 0.000000 0.513560 -0.665647 0.000000 1.000000
202.804781 141.176471 0.000000 0.018370 0.094118 0.000000 1.000000
204.011952 141.176471 0.000000 0.988662 -0.608366 0.000000 1.000000
205.219124 141.176471 0.000000 -1.038832 -0.766834 0.000000 1.000000
206.426295 141.176471 0.000000 0.241170 -0.572956 0.000000 1.000000
207.633466 141.176471 0.000000 0.053066 0.390198 0.000000 1.000000
208.840637 141.176471 0.000000 -0.184385 0.194709 0.000000 1.000000
210.047809 141.176471 0.000000 -0.666478 0.094572 0.000000 1.000000
211.254980 141.176471 0.000000 0.315732 -0.841360 0.000000 1.000000
212.462151 141.176471 0.000000 -0.447634 0.373439 0.000000 1.000000
213.669323 141.176471 0.000000 -0.122807 -0.521367 0.000000 1.000000
214.876494 141.176471 0.000000 -0.818946 -1.445767 0.000000 1.000000
216.083665 141.176471 0.000000 0.333852 -0.396804 0.000000 1.000000
217.290837 141.176471 0.000000 -0.298337 -0.102193 0.000000 1.000000
218.498008 141.176471 0.000000 -0.601294 1.158446 0.000000 1.000000
219.705179 141.176471 0.000000 0.415151 -0.393412 0.000000 1.000000
220.912351 141.176471 0.000000 -0.548566 -0.000896 0.000000 1.000000
222.119522 141.176471 0.000000 0.820239 -0.038368 0.000000 1.000000
223.326693 141.176471 0.000000 0.400436 -0.853613 0.000000 1.000000
224.533865 141.176471 0.000000 -1.591130 0.811527 0.000000 1.000000
225.741036 141.176471 0.000000 -0.227215 0.476125 0.000000 1.000000
226.948207 141.176471 0.000000 -0.607306 0.992523 0.000000 1.000000
228.155378 141.176471 0.000000 0.294438 -0.181352 0.000000 1.000000
229.362550 141.176471 0.000000 -0.270520 -0.085825 0.000000 1.000000
230.569721 141.176471 0.000000 -0.782287 0.253801 0.000000 1.000000
231.776892 141.176471 0.000000 0.132977 -0.360547 0.000000 1.000000
232.984064 141.176471 0.000000 -1.007232 -0.664829 0.000000 1.000000
234.191235 141.176471 0.000000 -0.322297 -0.000931 0.000000 1.000000
235.398406 141.176471 0.000000 -0.266252 0.306689 0.000000 1.000000
236.605578 141.176471 0.000000 0.614088 -0.807151 0.000000 1.000000
237.812749 141.176471 0.000000 0.100482 -1.294537 0.000000 1.000000
239.019920 141.176471 0.000000 -0.493399 0.114983 0.000000 1.000000
240.227092 141.176471 0.000000 -0.303786 0.267644 0.000000 1.000000
241.434263 141.176471 0.000000 0.172668 -0.741157 0.000000 1.000000
242.641434 141.176471 0.000000 -0.161458 -2.164166 0.000000 1.000000
243.848606 141.176471 0.000000 0.100404 -0.739987 0.000000 1.000000
245.055777 141.176471 0.000000 -0.380005 0.085468 0.000000 1.000000
246.262948 141.176471 0.000000 -0.479857 0.588383 0.000000 1.000000
247.470120 141.176471 0.000000 0.469710 0.076003 0.000000 1.000000
248.677291 141.176471 0.000000 0.366472 -0.704591 0.000000 1.000000
249.884462 141.176471 0.000000 -0.826223 0.971937 0.000000 1.000000
251.091633 141.176471 0.000000 0.023518 -0.814600 0.000000 1.000000
252.298805 141.176471 0.000000 1.180926 -0.043289 0.000000 1.000000
253.505976 141.176471 0.000000 -1.124927 0.128303 0.000000 1.000000
254.713147 141.176471 0.000000 0.170177 0.793117 0.000000 1.000000
255.920319 141.176471 0.000000 -0.178500 0.471377 0.000000 1.000000
257.127490 141.176471 0.000000 0.450607 0.039855 0.000000 1.000000
258.334661 141.176471 0.000000 -1.227423 0.459939 0.000000 1.000000
259.541833 141.176471 0.000000 0.450204 -0.710219 0.000000 1.000000
260.749004 141.176471 0.000000 -0.353225 0.694425 0.000000 1.000000
261.956175 141.176471 0.000000 0.094492 0.199687 0.000000 1.000000
263.163347 141.176471 0.000000 -0.587389 -0.249159 0.000000 1.000000
264.370518 141.176471 0.000000 0.090938 -0.707793 0.000000 1.000000
265.577689 141.176471 0.000000 -1.963757 -0.355490 0.000000 1.000000
266.784861 141.176471 0.000000 0.355376 -0.286830 0.000000 1.000000
267.992032 141.176471 0.000000 -0.594816 -0.066177 0.000000 1.000000
269.199203 141.176471 0.000000 0.703685 0.202397 0.000000 1.000000
270.406375 141.176471 0.000000 -0.000805 0.096198 0.000000 1.000000
271.613546 141.176471 0.000000 -0.395372 -0.569027 0.000000 1.000000
272.820717 141.176471 0.000000 0.215509 0.771649 0.000000 1.000000
274.027888 141.176471 0.000000 1.222335 0.547499 0.000000 1.000000
275.235060 141.176471 0.000000 0.172962 0.613253 0.000000 1.000000
276.442231 141.176471 0.000000 -0.270490 -1.831711 0.000000 1.000000
277.649402 141.176471 0.000000 -0.597578 0.423348 0.000000 1.000000
278.856574 141.176471 0.000000 0.620499 0.729504 0.000000 1.000000
280.063745 141.176471 0.000000 0.173512 0.844630 0.000000 1.000000
281.270916 141.176471 0.000000 -0.235371 -1.329124 0.000000 1.000000
282.478088 141.176471 0.000000 -0.564360 -0.456629 0.000000 1.000000
283.685259 141.176471 0.000000 -0.082990 -0.159917 0.000000 1.000000
284.892430 141.176471 0.000000 -0.132016 1.572524 0.000000 1.000000
286.099602 141.176471 0.000000 -0.699811 -0.108685 0.000000 1.000000
287.306773 141.176471 0.000000 -0.189369 -0.403363 0.000000 1.000000
288.513944 141.176471 0.000000 -0.425137 -1.160682 0.000000 1.000000
289.721116 141.176471 0.000000 0.093636 -0.545734 0.000000 1.000000
290.928287 141.176471 0.000000 -0.092072 0.126122 0.000000 1.000000
292.135458 141.176471 0.000000 -1.324710 -0.213754 0.000000 1.000000
293.342629 141.176471 0.000000 0.110125 -0.799678 0.000000 1.000000
294.549801 141.176471 0.000000 -1.028620 -0.551651 0.000000 1.000000
295.756972 141.176471 0.000000 0.606504 -0.173584 0.000000 1.000000
296.964143 141.176471 0.000000 0.453834 -0.600605 0.000000 1.000000
298.171315 141.176471 0.000000 -0.004738 0.088619 0.000000 1.000000
299.378486 141.176471 0.000000 0.368818 0.959661 0.000000 1.000000
300.585657 141.176471 0.000000 -0.337026 0.690885 0.000000 1.000000
301.792829 141.176471 0.000000 -0.069651 -0.835380 0.000000 1.000000
1.207171 144.705882 0.000000 0.612897 -0.568213 0.000000 1.000000
2.414343 144.705882 0.000000 -0.288010 0.454109 0.000000 1.000000
3.621514 144.705882 0.000000 -0.261049 0.104737 0.000000 1.000000
4.828685 144.705882 0.000000 -0.047610 -0.166039 0.000000 1.000000
6.035857 144.705882 0.000000 0.422023 -0.760579 0.000000 1.000000
7.243028 144.705882 0.000000 0.268616 0.351206 0.000000 1.000000
8.450199 144.705882 0.000000 0.177823 0.689607 0.000000 1.000000
9.657371 144.705882 0.000000 0.406101 -0.670730 0.000000 1.000000
10.864542 144.705882 0.000000 0.066944 0.233174 0.000000 1.000000
12.071713 144.705882 0.000000 0.759543 1.510915 0.000000 1.000000
13.278884 144.705882 0.000000 0.198327 0.258217 0.000000 1.000000
14.486056 144.705882 0.000000 0.097327 -1.346315 0.000000 1.000000
15.693227 144.705882 0.000000 0.494820 -0.904468 0.000000 1.000000
16.900398 144.705882 0.000000 -0.964582 0.054599 0.000000 1.000000
18.107570 144.705882 0.000000 0.328909 -0.071062 0.000000 1.000000
19.314741 144.705882 0.000000 0.629577 1.050328 0.000000 1.000000
20.521912 144.705882 0.000000 0.803005 1.219471 0.000000 1.000000
21.729084 144.705882 0.000000 -0.405309 0.415282 0.000000 1.000000
22.936255 144.705882 0.000000 0.374240 -0.619831 0.000000 1.000000
24.143426 144.705882 0.000000 -0.171670 -0.065284 0.000000 1.000000
25.350598 144.705882 0.000000 0.148399 0.289808 0.000000 1.000000
26.557769 144.705882 0.000000 -0.828199 0.417422 0.000000 1.000000
27.764940 144.705882 0.000000 0.368709 1.338037 0.000000 1.000000
28.972112 144.705882 0.000000 0.074229 0.150943 0.000000 1.000000
30.179283 144.705882 0.000000 0.309738 0.655514 0.000000 1.000000
31.386454 144.705882 0.000000 0.889301 -0.227481 0.000000 1.000000
32.593625 144.705882 0.000000 -0.302194 -0.102695 0.000000 1.000000
33.800797 144.705882 0.000000 0.551197 -0.077633 0.000000 1.000000
35.007968 144.705882 0.000000 -0.242942 -0.509473 0.000000 1.000000
36.215139 144.705882 0.000000 0.118404 -0.225372 0.000000 1.000000
37.422311 144.705882 0.000000 -1.364319 -0.414481 0.000000 1.000000
38.629482 144.705882 0.000000 -1.396594 0.442588 0.000000 1.000000
39.836653 144.705882 0.000000 0.094539 -1.598218 0.000000 1.000000
41.043825 144.705882 0.000000 0.099773 -0.277088 0.000000 1.000000
42.250996 144.705882 0.000000 0.681458 -0.359117 0.000000 1.000000
43.458167 144.705882 0.000000 0.263554 -1.461893 0.000000 1.000000
44.665339 144.705882 0.000000 -0.666798 -1.552175 0.000000 1.000000
45.872510 144.705882 0.000000 -0.120732 0.448959 0.000000 1.000000
47.079681 144.705882 0.000000 0.534776 1.225865 0.000000 1.000000
48.286853 144.705882 0.000000 0.639155 1.435960 0.000000 1.000000
49.494024 144.705882 0.000000 -0.360216 0.346597 0.000000 1.000000
50.701195 144.705882 0.000000 0.973659 0.833141 0.000000 1.000000
51.908367 144.705882 0.000000 0.306123 0.476879 0.000000 1.000000
53.115538 144.705882 0.000000 -1.842495 0.676068 0.000000 1.000000
54.322709 144.705882 0.000000 0.062749 -0.042344 0.000000 1.000000
55.529880 144.705882 0.000000 0.157183 0.890392 0.000000 1.000000
56.737052 144.705882 0.000000 -0.064298 -1.191842 0.000000 1.000000
57.944223 144.705882 0.000000 -0.114278 0.217729 0.000000 1.000000
59.151394 144.705882 0.000000 0.716672 -0.670604 0.000000 1.000000
60.358566 144.705882 0.000000 -1.577929 -1.357098 0.000000 1.000000
61.565737 144.705882 0.000000 -0.498056 0.970512 0.000000 1.000000
62.772908 144.705882 0.000000 0.186185 0.939682 0.000000 1.000000
63.980080 144.705882 0.000000 0.765358 0.781924 0.000000 1.000000
65.187251 144.705882 0.000000 0.822863 -0.050494 0.000000 1.000000
66.394422 144.705882 0.000000 -0.292166 -0.082197 0.000000 1.000000
67.601594 144.705882 0.000000 0.279191 -0.222878 0.000000 1.000000
68.808765 144.705882 0.000000 -0.498045 0.418937 0.000000 1.000000
70.015936 144.705882 0.000000 1.833851 0.562057 0.000000 1.000000
71.223108 144.705882 0.000000 -0.690938 -0.295149 0.000000 1.000000
72.430279 144.705882 0.000000 0.528680 0.526499 0.000000 1.000000
73.637450 144.705882 0.000000 -0.621248 0.336958 0.000000 1.000000
74.844622 144.705882 0.000000 -0.212123 0.373303 0.000000 1.000000
76.051793 144.705882 0.000000 0.584557 -0.685901 0.000000 1.000000
77.258964 144.705882 0.000000 -0.644451 1.829594 0.000000 1.000000
78.466135 144.705882 0.000000 -0.472131 -0.297074 0.000000 1.000000
79.673307 144.705882 0.000000 -0.006761 -0.945043 0.000000 1.000000
80.880478 144.705882 0.000000 1.120089 0.160418 0.000000 1.000000
82.087649 144.705882 0.000000 -0.888603 -0.037113 0.000000 1.000000
83.294821 144.705882 0.000000 -0.017134 0.044641 0.000000 1.000000
84.501992 144.705882 0.000000 -0.026072 -2.256991 0.000000 1.000000
85.709163 144.705882 0.000000 0.030047 -1.374075 0.000000 1.000000
86.916335 144.705882 0.000000 0.211229 0.023551 0.000000 1.000000
88.123506 144.705882 0.000000 1.117491 0.066468 0.000000 1.000000
89.330677 144.705882 0.000000 1.428102 1.078077 0.000000 1.000000
90.537849 144.705882 0.000000 0.531265 -0.793694 0.000000 1.000000
91.745020 144.705882 0.000000 0.612292 1.044043 0.000000 1.000000
92.952191 144.705882 0.000000 1.008395 -0.699242 0.000000 1.000000
94.159363 144.705882 0.000000 1.373816 -0.505138 0.000000 1.000000
95.366534 144.705882 0.000000 0.013107 0.175999 0.000000 1.000000
96.573705 144.705882 0.000000 -0.052750 0.914777 0.000000 1.000000
97.780876 144.705882 0.000000 0.492825 0.103444 0.000000 1.000000
98.988048 144.705882 0.000000 0.526155 -0.394372 0.000000 1.000000
100.195219 144.705882 0.000000 0.169728 0.444076 0.000000 1.000000
101.402390 144.705882 0.000000 0.427803 0.012179 0.000000 1.000000
102.609562 144.705882 0.000000 -0.127907 0.153660 0.000000 1.000000
103.816733 144.705882 0.000000 0.561807 -1.436218 0.000000 1.000000
105.023904 144.705882 0.000000 0.220972 -0.615956 0.000000 1.000000
106.231076 144.705882 0.000000 0.341926 -0.063174 0.000000 1.000000
107.438247 144.705882 0.000000 0.378965 -0.341035 0.000000 1.000000
108.645418 144.705882 0.000000 -0.330632 0.532350 0.000000 1.000000
109.852590 144.705882 0.000000 -0.302571 -1.484062 0.000000 1.000000
111.059761 144.705882 0.000000 0.107675 0.706710 0.000000 1.000000
112.266932 144.705882 0.000000 -0.899103 -0.029733 0.000000 1.000000
113.474104 144.705882 0.000000 -1.013090 -0.408374 0.000000 1.000000
114.681275 144.705882 0.000000 0.120209 0.442498 0.000000 1.000000
115.888446 144.705882 0.000000 0.074206 -0.462162 0.000000 1.000000
117.095618 144.705882 0.000000 0.721245 1.167150 0.000000 1.000000
118.302789 144.705882 0.000000 -0.332470 0.255090 0.000000 1.000000
119.509960 144.705882 0.000000 -0.076763 0.032385 0.000000 1.000000
120.717131 144.705882 0.000000 -0.635048 -0.157446 0.000000 1.000000
121.924303 144.705882 0.000000 -0.019041 -0.884477 0.000000 1.000000
123.131474 144.705882 0.000000 -0.221693 -0.291207 0.000000 1.000000
124.338645 144.705882 0.000000 0.611547 -1.091684 0.000000 1.000000
125.545817 144.705882 0.000000 0.004767 -0.313371 0.000000 1.000000
126.752988 144.705882 0.000000 0.176759 -0.172444 0.000000 1.000000
127.960159 144.705882 0.000000 0.221232 -1.164199 0.000000 1.000000
129.167331 144.705882 0.000000 -1.206928 0.957150 0.000000 1.000000
130.374502 144.705882 0.000000 -0.746138 -0.636196 0.000000 1.000000
131.581673 144.705882 0.000000 0.337420 -0.112011 0.000000 1.000000
132.788845 144.705882 0.000000 0.037460 0.821904 0.000000 1.000000
133.996016 144.705882 0.000000 0.259162 0.761804 0.000000 1.000000
135.203187 144.705882 0.000000 -0.247304 0.629937 0.000000 1.000000
136.410359 144.705882 0.000000 0.823890 1.294313 0.000000 1.000000
137.617530 144.705882 0.000000 -0.709570 0.628275 0.000000 1.000000
138.824701 144.705882 0.000000 0.678208 -0.756298 0.000000 1.000000
140.031873 144.705882 0.000000 -1.392929 -0.622244 0.000000 1.000000
141.239044 144.705882 0.000000 -1.128007 1.725409 0.000000 1.000000
142.446215 144.705882 0.000000 0.307608 0.211810 0.000000 1.000000
143.653386 144.705882 0.000000 -0.223111 0.166120 0.000000 1.000000
144.860558 144.705882 0.000000 0.105863 0.798108 0.000000 1.000000
146.067729 144.705882 0.000000 0.079855 0.705640 0.000000 1.000000
147.274900 144.705882 0.000000 1.304495 -0.483113 0.000000 1.000000
148.482072 144.705882 0.000000 -0.093670 0.606694 0.000000 1.000000
149.689243 144.705882 0.000000 -0.416773 -0.738493 0.000000 1.000000
150.896414 144.705882 0.000000 0.468063 -0.271468 0.000000 1.000000
152.103586 144.705882 0.000000 1.226232 0.920138 0.000000 1.000000
153.310757 144.705882 0.000000 -0.448969 -1.422973 0.000000 1.000000
154.517928 144.705882 0.000000 -0.689388 0.341652 0.000000 1.000000
155.725100 144.705882 0.000000 0.016519 -0.168332 0.000000 1.000000
156.932271 144.705882 0.000000 -0.374836 -0.184808 0.000000 1.000000
158.139442 144.705882 0.000000 -0.045171 -0.876985 0.000000 1.000000
159.346614 144.705882 0.000000 -0.168194 1.425520 0.000000 1.000000
160.553785 144.705882 0.000000 -0.059470 0.451168 0.000000 1.000000
161.760956 144.705882 0.000000 -0.071193 -0.250099 0.000000 1.000000
162.968127 144.705882 0.000000 -0.507724 -1.312822 0.000000 1.000000
164.175299 144.705882 0.000000 -0.378251 0.484045 0.000000 1.000000
165.382470 144.705882 0.000000 -0.148110 1.112736 0.000000 1.000000
166.589641 144.705882 0.000000 0.596781 0.712437 0.000000 1.000000
167.796813 144.705882 0.000000 0.411202 0.314051 0.000000 1.000000
169.003984 144.705882 0.000000 0.462945 -0.722385 0.000000 1.000000
170.211155 144.705882 0.000000 -1.474204 0.560800 0.000000 1.000000
171.418327 144.705882 0.000000 -0.376634 0.088621 0.000000 1.000000
172.625498 144.705882 0.000000 -1.865988 0.397551 0.000000 1.000000
173.832669 144.705882 0.000000 -0.819231 0.819968 0.000000 1.000000
175.039841 144.705882 0.000000 0.259613 -0.319877 0.000000 1.000000
176.247012 144.705882 0.000000 0.738732 0.486190 0.000000 1.000000
177.454183 144.705882 0.000000 -0.141052 -0.528682 0.000000 1.000000
178.661355 144.705882 0.000000 0.184169 -0.600101 0.000000 1.000000
179.868526 144.705882 0.000000 1.137949 -0.525746 0.000000 1.000000
181.075697 144.705882 0.000000 -0.971968 -0.628090 0.000000 1.000000
182.282869 144.705882 0.000000 0.588590 -0.121184 0.000000 1.000000
183.490040 144.705882 0.000000 -0.794594 -0.223997 0.000000 1.000000
184.697211 144.705882 0.000000 -0.911354 0.413292 0.000000 1.000000
185.904382 144.705882 0.000000 0.224836 -0.418117 0.000000 1.000000
187.111554 144.705882 0.000000 0.131413 0.494348 0.000000 1.000000
188.318725 144.705882 0.000000 0.453440 0.821921 0.000000 1.000000
189.525896 144.705882 0.000000 -0.618028 -0.241938 0.000000 1.000000
190.733068 144.705882 0.000000 -0.615573 0.757794 0.000000 1.000000
191.940239 144.705882 0.000000 0.603424 0.221202 0.000000 1.000000
193.147410 144.705882 0.000000 -0.219595 -1.028759 0.000000 1.000000
194.354582 144.705882 0.000000 0.548848 -0.146369 0.000000 1.000000
195.561753 144.705882 0.000000 0.473247 -0.431464 0.000000 1.000000
196.768924 144.705882 0.000000 -1.238743 -0.032378 0.000000 1.000000
197.976096 144.705882 0.000000 -0.080885 -0.871162 0.000000 1.000000
199.183267 144.705882 0.000000 0.422806 -0.780518 0.000000 1.000000
200.390438 144.705882 0.000000 0.612246 -0.111765 0.000000 1.000000
201.597610 144.705882 0.000000 -1.160380 0.477203 0.000000 1.000000
202.804781 144.705882 0.000000 0.824076 0.929388 0.000000 1.000000
204.011952 144.705882 0.000000 0.836334 0.089498 0.000000 1.000000
205.219124 144.705882 0.000000 -0.293558 0.213499 0.000000 1.000000
206.426295 144.705882 0.000000 -0.370539 -0.222832 0.000000 1.000000
207.633466 144.705882 0.000000 -0.168205 0.459364 0.000000 1.000000
208.840637 144.705882 0.000000 0.271019 -1.421445 0.000000 1.000000
210.047809 144.705882 0.000000 -0.023754 -0.293581 0.000000 1.000000
211.254980 144.705882 0.000000 -0.369617 -0.225740 0.000000 1.000000
212.462151 144.705882 0.000000 0.243258 0.373270 0.000000 1.000000
213.669323 144.705882 0.000000 -0.699634 0.952361 0.000000 1.000000
214.876494 144.705882 0.000000 -0.645475 -0.142391 0.000000 1.000000
216.083665 144.705882 0.000000 0.467456 -1.585546 0.000000 1.000000
217.290837 144.705882 0.000000 -0.987094 0.658451 0.000000 1.000000
218.498008 144.705882 0.000000 0.767672 -0.059343 0.000000 1.000000
219.705179 144.705882 0.000000 -0.433046 -0.153528 0.000000 1.000000
220.912351 144.705882 0.000000 0.095581 -1.460763 0.000000 1.000000
222.119522 144.705882 0.000000 -0.187584 -0.250364 0.000000 1.000000
223.326693 144.705882 0.000000 1.182313 -0.424874 0.000000 1.000000
224.533865 144.705882 0.000000 0.014952 0.559602 0.000000 1.000000
225.741036 144.705882 0.000000 -0.215694 0.892038 0.000000 1.000000
226.948207 144.705882 0.000000 -1.034851 -0.699252 0.000000 1.000000
228.155378 144.705882 0.000000 -0.813714 -0.640346 0.000000 1.000000
229.362550 144.705882 0.000000 -1.051781 0.816237 0.000000 1.000000
230.569721 144.705882 0.000000 -0.356472 0.126820 0.000000 1.000000
231.776892 144.705882 0.000000 -0.443503 0.322886 0.000000 1.000000
232.984064 144.705882 0.000000 0.315405 -0.571064 0.000000 1.000000
234.191235 144.705882 0.000000 0.963769 -1.542959 0.000000 1.000000
235.398406 144.705882 0.000000 -0.299503 0.350116 0.000000 1.000000
236.605578 144.705882 0.000000 1.227563 0.542034 0.000000 1.000000
237.812749 144.705882 0.000000 -0.083345 -0.115288 0.000000 1.000000
239.019920 144.705882 0.000000 0.031805 0.271623 0.000000 1.000000
240.227092 144.705882 0.000000 -0.024002 -0.301488 0.000000 1.000000
241.434263 144.705882 0.000000 0.128808 0.662736 0.000000 1.000000
242.641434 144.705882 0.000000 0.298600 0.930499 0.000000 1.000000
243.848606 144.705882 0.000000 0.394382 0.439283 0.000000 1.000000
245.055777 144.705882 0.000000 -0.293972 0.062706 0.000000 1.000000
246.262948 144.705882 0.000000 -0.581983 -0.384323 0.000000 1.000000
247.470120 144.705882 0.000000 0.218354 0.002478 0.000000 1.000000
248.677291 144.705882 0.000000 1.598897 -0.362006 0.000000 1.000000
249.884462 144.705882 0.000000 0.505313 0.634461 0.000000 1.000000
251.091633 144.705882 0.000000 0.694806 0.160364 0.000000 1.000000
252.298805 144.705882 0.000000 -1.298724 0.934919 0.000000 1.000000
253.505976 144.705882 0.000000 -0.014095 -1.338670 0.000000 1.000000
254.713147 144.705882 0.000000 1.813266 0.646092 0.000000 1.000000
255.920319 144.705882 0.000000 0.482633 -0.517840 0.000000 1.000000
257.127490 144.705882 0.000000 0.170044 0.841229 0.000000 1.000000
258.334661 144.705882 0.000000 0.094194 -0.043342 0.000000 1.000000
259.541833 144.705882 0.000000 -0.457587 -0.229263 0.000000 1.000000
260.749004 144.705882 0.000000 0.259897 0.493374 0.000000 1.000000
261.956175 144.705882 0.000000 1.115861 0.704201 0.000000 1.000000
263.163347 144.705882 0.000000 -0.755297 -1.179251 0.000000 1.000000
264.370518 144.705882 0.000000 -0.222736 -0.430578 0.000000 1.000000
265.577689 144.705882 0.000000 0.315626 -0.353436 0.000000 1.000000
266.784861 144.705882 0.000000 -0.094946 0.054229 0.000000 1.000000
267.992032 144.705882 0.000000 0.903450 -0.384147 0.000000 1.000000
269.199203 144.705882 0.000000 -0.064970 0.300476 0.000000 1.000000
270.406375 144.705882 0.000000 -0.353218 0.146489 0.000000 1.000000
271.613546 144.705882 0.000000 0.099378 0.301856 0.000000 1.000000
272.820717 144.705882 0.000000 -0.884166 1.227719 0.000000 1.000000
274.027888 144.705882 0.000000 -0.369217 1.522163 0.000000 1.000000
275.235060 144.705882 0.000000 0.145634 0.413470 0.000000 1.000000
276.442231 144.705882 0.000000 -1.474068 0.276904 0.000000 1.000000
277.649402 144.705882 0.000000 -0.796354 -0.123152 0.000000 1.000000
278.856574 144.705882 0.000000 -1.389282 0.755541 0.000000 1.000000
280.063745 144.705882 0.000000 1.370826 0.270817 0.000000 1.000000
281.270916 144.705882 0.000000 0.138458 0.513895 0.000000 1.000000
282.478088 144.705882 0.000000 -0.260144 0.948366 0.000000 1.000000
283.685259 144.705882 0.000000 0.547038 0.153568 0.000000 1.000000
284.892430 144.705882 0.000000 -0.242114 0.110942 0.000000 1.000000
286.099602 144.705882 0.000000 -0.303157 0.563828 0.000000 1.000000
287.306773 144.705882 0.000000 -0.761428 -0.061035 0.000000 1.000000
288.513944 144.705882 0.000000 1.343854 -0.022329 0.000000 1.000000
289.721116 144.705882 0.000000 -0.977425 0.028823 0.000000 1.000000
290.928287 144.705882 0.000000 0.223608 0.547864 0.000000 1.000000
292.135458 144.705882 0.000000 0.599337 1.328367 0.000000 1.000000
293.342629 144.705882 0.000000 -0.115071 0.478535 0.000000 1.000000
294.549801 144.705882 0.000000 -0.430933 1.130662 0.000000 1.000000
295.756972 144.705882 0.000000 0.730731 0.383206 0.000000 1.000000
296.964143 144.705882 0.000000 0.125505 0.633118 0.000000 1.000000
298.171315 144.705882 0.000000 0.242961 -1.242842 0.000000 1.000000
299.378486 144.705882 0.000000 -0.701934 -0.009815 0.000000 1.000000
300.585657 144.705882 0.000000 -0.032293 0.912988 0.000000 1.000000
301.792829 144.705882 0.000000 0.424929 -0.012341 0.000000 1.000000
1.207171 148.235294 0.000000 0.855673 -0.870762 0.000000 1.000000
2.414343 148.235294 0.000000 -0.345686 0.363521 0.000000 1.000000
3.621514 148.235294 0.000000 0.209339 -0.326645 0.000000 1.000000
4.828685 148.235294 0.000000 -0.191987 -0.080528 0.000000 1.000000
6.035857 148.235294 0.000000 -0.165331 -0.408828 0.000000 1.000000
7.243028 148.235294 0.000000 -1.145440 -0.118934 0.000000 1.000000
8.450199 148.235294 0.000000 -0.105023 1.017754 0.000000 1.000000
9.657371 148.235294 0.000000 0.055870 -0.012855 0.000000 1.000000
10.864542 148.235294 0.000000 -0.442176 0.701400 0.000000 1.000000
12.071713 148.235294 0.000000 -0.767536 1.251435 0.000000 1.000000
13.278884 148.235294 0.000000 -1.684891 0.188972 0.000000 1.000000
14.486056 148.235294 0.000000 0.321675 0.620550 0.000000 1.000000
15.693227 148.235294 0.000000 -0.111365 0.607086 0.000000 1.000000
16.900398 148.235294 0.000000 -0.107633 -0.073517 0.000000 1.000000
18.107570 148.235294 0.000000 0.277342 -0.896589 0.000000 1.000000
19.314741 148.235294 0.000000 0.161258 0.852803 0.000000 1.000000
20.521912 148.235294 0.000000 -0.055917 0.739086 0.000000 1.000000
21.729084 148.235294 0.000000 -0.461811 1.283191 0.000000 1.000000
22.936255 148.235294 0.000000 -0.764189 -0.872857 0.000000 1.000000
24.143426 148.235294 0.000000 -0.211339 0.745242 0.000000 1.000000
25.350598 148.235294 0.000000 0.827070 -0.239210 0.000000 1.000000
26.557769 148.235294 0.000000 -0.126541 0.765749 0.000000 1.000000
27.764940 148.235294 0.000000 -0.545344 0.410808 0.000000 1.000000
28.972112 148.235294 0.000000 -0.748071 -0.208676 0.000000 1.000000
30.179283 148.235294 0.000000 -0.805864 -1.141306 0.000000 1.000000
31.386454 148.235294 0.000000 0.392801 -0.381876 0.000000 1.000000
32.593625 148.235294 0.000000 -0.681202 0.402408 0.000000 1.000000
33.800797 148.235294 0.000000 -0.300825 -0.638144 0.000000 1.000000
35.007968 148.235294 0.000000 0.090635 0.887786 0.000000 1.000000
36.215139 148.235294 0.000000 0.663469 -1.709152 0.000000 1.000000
37.422311 148.235294 0.000000 0.946081 0.419311 0.000000 1.000000
38.629482 148.235294 0.000000 0.222641 -0.209007 0.000000 1.000000
39.836653 148.235294 0.000000 -0.595517 0.606599 0.000000 1.000000
41.043825 148.235294 0.000000 -0.143521 -0.122287 0.000000 1.000000
42.250996 148.235294 0.000000 0.721941 0.279510 0.000000 1.000000
43.458167 148.235294 0.000000 0.379806 -0.200692 0.000000 1.000000
44.665339 148.235294 0.000000 0.057955 -0.093529 0.000000 1.000000
45.872510 148.235294 0.000000 -0.634890 -0.073609 0.000000 1.000000
47.079681 148.235294 0.000000 -0.332154 -0.974609 0.000000 1.000000
48.286853 148.235294 0.000000 0.364440 -0.599735 0.000000 1.000000
49.494024 148.235294 0.000000 -0.129640 0.497236 0.000000 1.000000
50.701195 148.235294 0.000000 -1.244673 0.763520 0.000000 1.000000
51.908367 148.235294 0.000000 1.482176 0.308991 0.000000 1.000000
53.115538 148.235294 0.000000 0.073536 0.523222 0.000000 1.000000
54.322709 148.235294 0.000000 -0.079702 0.733947 0.000000 1.000000
55.529880 148.235294 0.000000 -0.486735 -0.033615 0.000000 1.000000
56.737052 148.235294 0.000000 -0.809354 0.611042 0.000000 1.000000
57.944223 148.235294 0.000000 -0.076032 -0.135022 0.000000 1.000000
59.151394 148.235294 0.000000 -0.907213 0.614547 0.000000 1.000000
60.358566 148.235294 0.000000 0.272030 -0.237654 0.000000 1.000000
61.565737 148.235294 0.000000 0.410009 -0.189178 0.000000 1.000000
62.772908 148.235294 0.000000 0.294899 0.658578 0.000000 1.000000
63.980080 148.235294 0.000000 0.973532 -1.219215 0.000000 1.000000
65.187251 148.235294 0.000000 -0.766022 -0.959603 0.000000 1.000000
66.394422 148.235294 0.000000 -0.914697 -0.804529 0.000000 1.000000
67.601594 148.235294 0.000000 -0.975042 0.296901 0.000000 1.000000
68.808765 148.235294 0.000000 -0.450297 0.203109 0.000000 1.000000
70.015936 148.235294 0.000000 0.065823 -1.065392 0.000000 1.000000
71.223108 148.235294 0.000000 0.077994 -0.209624 0.000000 1.000000
72.430279 148.235294 0.000000 -0.471587 0.082174 0.000000 1.000000
73.637450 148.235294 0.000000 -0.518683 0.302320 0.000000 1.000000
74.844622 148.235294 0.000000 0.421900 -1.012282 0.000000 1.000000
76.051793 148.235294 0.000000 -0.494590 -1.341214 0.000000 1.000000
77.258964 148.235294 0.000000 -0.810690 -0.024399 0.000000 1.000000
78.466135 148.235294 0.000000 -0.941051 0.679722 0.000000 1.000000
79.673307 148.235294 0.000000 -0.901356 2.079701 0.000000 1.000000
80.880478 148.235294 0.000000 -0.065981 0.128111 0.000000 1.000000
82.087649 148.235294 0.000000 -0.287167 -0.532991 0.000000 1.000000
83.294821 148.235294 0.000000 0.858402 1.007088 0.000000 1.000000
84.501992 148.235294 0.000000 -0.084449 -0.236581 0.000000 1.000000
85.709163 148.235294 0.000000 -0.543305 -0.732504 0.000000 1.000000
86.916335 148.235294 0.000000 0.112804 -1.203267 0.000000 1.000000
88.123506 148.235294 0.000000 -0.688285 -0.205642 0.000000 1.000000
89.330677 148.235294 0.000000 -0.029401 -0.176795 0.000000 1.000000
90.537849 148.235294 0.000000 -0.352140 0.282726 0.000000 1.000000
91.745020 148.235294 0.000000 0.248842 0.095357 0.000000 1.000000
92.952191 148.235294 0.000000 0.075431 -0.931073 0.000000 1.000000
94.159363 148.235294 0.000000 1.462719 -0.360073 0.000000 1.000000
95.366534 148.235294 0.000000 0.458892 0.037438 0.000000 1.000000
96.573705 148.235294 0.000000 0.340865 -0.873977 0.000000 1.000000
97.780876 148.235294 0.000000 0.088153 -0.844179 0.000000 1.000000
98.988048 148.235294 0.000000 -0.790208 -0.708096 0.000000 1.000000
100.195219 148.235294 0.000000 -0.801507 -0.362069 0.000000 1.000000
101.402390 148.235294 0.000000 0.191697 0.296080 0.000000 1.000000
102.609562 148.235294 0.000000 0.624625 0.900870 0.000000 1.000000
103.816733 148.235294 0.000000 1.183066 -0.263964 0.000000 1.000000
105.023904 148.235294 0.000000 0.072630 -0.515809 0.000000 1.000000
106.231076 148.235294 0.000000 0.974440 0.616917 0.000000 1.000000
107.438247 148.235294 0.000000 0.770618 -0.416466 0.000000 1.000000
108.645418 148.235294 0.000000 0.266061 -0.550572 0.000000 1.000000
109.852590 148.235294 0.000000 -0.056545 0.713141 0.000000 1.000000
111.059761 148.235294 0.000000 -0.045992 0.163610 0.000000 1.000000
112.266932 148.235294 0.000000 -0.189516 -0.932381 0.000000 1.000000
113.474104 148.235294 0.000000 -0.403757 -0.970114 0.000000 1.000000
114.681275 148.235294 0.000000 0.296993 -0.057427 0.000000 1.000000
115.888446 148.235294 0.000000 0.234472 -1.767987 0.000000 1.000000
117.095618 148.235294 0.000000 -0.692120 2.015479 0.000000 1.000000
118.302789 148.235294 0.000000 -0.112471 -0.088552 0.000000 1.000000
119.509960 148.235294 0.000000 -0.246403 1.190978 0.000000 1.000000
120.717131 148.235294 0.000000 -0.566286 -0.476620 0.000000 1.000000
121.924303 148.235294 0.000000 0.681696 0.110400 0.000000 1.000000
123.131474 148.235294 0.000000 0.418747 0.879885 0.000000 1.000000
124.338645 148.235294 0.000000 0.321381 -0.694570 0.000000 1.000000
125.545817 148.235294 0.000000 0.546418 0.001362 0.000000 1.000000
126.752988 148.235294 0.000000 -0.329319 -0.268195 0.000000 1.000000
127.960159 148.235294 0.000000 0.513395 -0.007615 0.000000 1.000000
129.167331 148.235294 0.000000 0.992627 -0.614314 0.000000 1.000000
130.374502 148.235294 0.000000 -0.217324 1.217772 0.000000 1.000000
131.581673 148.235294 0.000000 0.413068 -1.017570 0.000000 1.000000
132.788845 148.235294 0.000000 0.222291 -1.070250 0.000000 1.000000
133.996016 148.235294 0.000000 0.122006 -0.257189 0.000000 1.000000
135.203187 148.235294 0.000000 -0.054886 -0.345207 0.000000 1.000000
136.410359 148.235294 0.000000 -1.380180 0.244492 0.000000 1.000000
137.617530 148.235294 0.000000 1.001589 0.029665 0.000000 1.000000
138.824701 148.235294 0.000000 0.538455 -0.166264 0.000000 1.000000
140.031873 148.235294 0.000000 0.060929 0.336812 0.000000 1.000000
141.239044 148.235294 0.000000 0.642158 -0.586256 0.000000 1.000000
142.446215 148.235294 0.000000 0.780710 -0.906204 0.000000 1.000000
143.653386 148.235294 0.000000 0.289602 -0.162207 0.000000 1.000000
144.860558 148.235294 0.000000 -0.316187 -0.442992 0.000000 1.000000
146.067729 148.235294 0.000000 0.223110 -1.582968 0.000000 1.000000
147.274900 148.235294 0.000000 -0.830396 -1.280729 0.000000 1.000000
148.482072 148.235294 0.000000 -0.177683 -0.263056 0.000000 1.000000
149.689243 148.235294 0.000000 1.674312 0.010015 0.000000 1.000000
150.896414 148.235294 0.000000 0.053533 -0.349903 0.000000 1.000000
152.103586 148.235294 0.000000 0.900346 0.314963 0.000000 1.000000
153.310757 148.235294 0.000000 0.555113 0.823902 0.000000 1.000000
154.517928 148.235294 0.000000 1.403598 0.378899 0.000000 1.000000
155.725100 148.235294 0.000000 0.243555 0.807140 0.000000 1.000000
156.932271 148.235294 0.000000 -0.828101 -0.214800 0.000000 1.000000
158.139442 148.235294 0.000000 1.444752 -1.079844 0.000000 1.000000
159.346614 148.235294 0.000000 0.381350 0.161389 0.000000 1.000000
160.553785 148.235294 0.000000 0.249243 0.339102 0.000000 1.000000
161.760956 148.235294 0.000000 0.842342 -0.303690 0.000000 1.000000
162.968127 148.235294 0.000000 -0.705438 -0.992538 0.000000 1.000000
164.175299 148.235294 0.000000 0.676295 -1.184511 0.000000 1.000000
165.382470 148.235294 0.000000 -0.789235 1.513159 0.000000 1.000000
166.589641 148.235294 0.000000 -0.074682 -0.123408 0.000000 1.000000
167.796813 148.235294 0.000000 0.505854 0.667037 0.000000 1.000000
169.003984 148.235294 0.000000 -0.565154 -0.313450 0.000000 1.000000
170.211155 148.235294 0.000000 -0.930149 -0.407462 0.000000 1.000000
171.418327 148.235294 0.000000 -0.555985 0.111669 0.000000 1.000000
172.625498 148.235294 0.000000 0.783948 0.395779 0.000000 1.000000
173.832669 148.235294 0.000000 -0.838877 0.435233 0.000000 1.000000
175.039841 148.235294 0.000000 0.728000 0.615293 0.000000 1.000000
176.247012 148.235294 0.000000 1.101186 -0.867211 0.000000 1.000000
177.454183 148.235294 0.000000 0.378186 0.698663 0.000000 1.000000
178.661355 148.235294 0.000000 -0.097807 0.073167 0.000000 1.000000
179.868526 148.235294 0.000000 0.369964 0.072654 0.000000 1.000000
181.075697 148.235294 0.000000 0.984383 0.098499 0.000000 1.000000
182.282869 148.235294 0.000000 -0.967465 0.267007 0.000000 1.000000
183.490040 148.235294 0.000000 0.761986 -2.145584 0.000000 1.000000
184.697211 148.235294 0.000000 -0.930309 0.496063 0.000000 1.000000
185.904382 148.235294 0.000000 0.423760 -0.392083 0.000000 1.000000
187.111554 148.235294 0.000000 0.251512 1.244099 0.000000 1.000000
188.318725 148.235294 0.000000 -0.754782 0.689819 0.000000 1.000000
189.525896 148.235294 0.000000 -0.400798 -0.501606 0.000000 1.000000
190.733068 148.235294 0.000000 -1.300260 -0.185657 0.000000 1.000000
191.940239 148.235294 0.000000 -0.076742 0.001954 0.000000 1.000000
193.147410 148.235294 0.000000 0.499724 1.034178 0.000000 1.000000
194.354582 148.235294 0.000000 -0.292391 0.994125 0.000000 1.000000
195.561753 148.235294 0.000000 -0.326339 -0.503413 0.000000 1.000000
196.768924 148.235294 0.000000 -0.375621 -0.577751 0.000000 1.000000
197.976096 148.235294 0.000000 -0.114951 0.069449 0.000000 1.000000
199.183267 148.235294 0.000000 1.362011 0.859414 0.000000 1.000000
200.390438 148.235294 0.000000 0.754220 -0.215363 0.000000 1.000000
201.597610 148.235294 0.000000 0.003450 0.443585 0.000000 1.000000
202.804781 148.235294 0.000000 0.773522 -0.500217 0.000000 1.000000
204.011952 148.235294 0.000000 -1.077421 0.725795 0.000000 1.000000
205.219124 148.235294 0.000000 -0.152525 -0.519712 0.000000 1.000000
206.426295 148.235294 0.000000 -0.855497 0.831327 0.000000 1.000000
207.633466 148.235294 0.000000 1.582194 0.002167 0.000000 1.000000
208.840637 148.235294 0.000000 -0.186164 0.654957 0.000000 1.000000
210.047809 148.235294 0.000000 0.806792 0.886725 0.000000 1.000000
211.254980 148.235294 0.000000 -0.077013 -0.198002 0.000000 1.000000
212.462151 148.235294 0.000000 -0.670644 0.860197 0.000000 1.000000
213.669323 148.235294 0.000000 -0.743303 0.373563 0.000000 1.000000
214.876494 148.235294 0.000000 0.766269 0.410726 0.000000 1.000000
216.083665 148.235294 0.000000 -0.628749 0.245067 0.000000 1.000000
217.290837 148.235294 0.000000 0.995629 -0.388072 0.000000 1.000000
218.498008 148.235294 0.000000 1.414088 -0.267049 0.000000 1.000000
219.705179 148.235294 0.000000 0.261908 -0.504110 0.000000 1.000000
220.912351 148.235294 0.000000 0.604993 -0.594481 0.000000 1.000000
222.119522 148.235294 0.000000 0.397389 0.519949 0.000000 1.000000
223.326693 148.235294 0.000000 -0.160694 -0.764005 0.000000 1.000000
224.533865 148.235294 0.000000 -0.854345 0.003034 0.000000 1.000000
225.741036 148.235294 0.000000 -0.184987 1.095317 0.000000 1.000000
226.948207 148.235294 0.000000 -2.239720 1.393762 0.000000 1.000000
228.155378 148.235294 0.000000 0.496390 -0.130603 0.000000 1.000000
229.362550 148.235294 0.000000 0.697258 0.166372 0.000000 1.000000
230.569721 148.235294 0.000000 -1.190714 0.271664 0.000000 1.000000
231.776892 148.235294 0.000000 0.710698 -0.140404 0.000000 1.000000
232.984064 148.235294 0.000000 -0.320355 -0.195551 0.000000 1.000000
234.191235 148.235294 0.000000 -0.797916 -0.453619 0.000000 1.000000
235.398406 148.235294 0.000000 -1.549790 0.144893 0.000000 1.000000
236.605578 148.235294 0.000000 1.166256 -1.002319 0.000000 1.000000
237.812749 148.235294 0.000000 0.150281 0.165164 0.000000 1.000000
239.019920 148.235294 0.000000 -0.040155 0.957256 0.000000 1.000000
240.227092 148.235294 0.000000 -0.323166 0.272136 0.000000 1.000000
241.434263 148.235294 0.000000 -0.833179 0.517696 0.000000 1.000000
242.641434 148.235294 0.000000 0.732343 0.045610 0.000000 1.000000
243.848606 148.235294 0.000000 0.697523 0.337349 0.000000 1.000000
245.055777 148.235294 0.000000 0.849836 -0.396358 0.000000 1.000000
246.262948 148.235294 0.000000 0.661565 1.333352 0.000000 1.000000
247.470120 148.235294 0.000000 -1.470286 1.428747 0.000000 1.000000
248.677291 148.235294 0.000000 1.443640 -0.938756 0.000000 1.000000
249.884462 148.235294 0.000000 -0.225571 -0.347390 0.000000 1.000000
251.091633 148.235294 0.000000 0.826583 -0.495855 0.000000 1.000000
252.298805 148.235294 0.000000 0.849613 -0.273715 0.000000 1.000000
253.505976 148.235294 0.000000 0.254590 1.146598 0.000000 1.000000
254.713147 148.235294 0.000000 -0.135325 -1.414547 0.000000 1.000000
255.920319 148.235294 0.000000 -0.687765 0.495143 0.000000 1.000000
257.127490 148.235294 0.000000 -0.192393 -0.755599 0.000000 1.000000
258.334661 148.235294 0.000000 0.604341 1.449031 0.000000 1.000000
259.541833 148.235294 0.000000 -0.547931 0.236268 0.000000 1.000000
260.749004 148.235294 0.000000 0.015571 0.857415 0.000000 1.000000
261.956175 148.235294 0.000000 1.636185 0.513291 0.000000 1.000000
263.163347 148.235294 0.000000 0.530340 -1.410531 0.000000 1.000000
264.370518 148.235294 0.000000 0.122062 -0.297958 0.000000 1.000000
265.577689 148.235294 0.000000 0.266598 0.818683 0.000000 1.000000
266.784861 148.235294 0.000000 0.445070 1.111367 0.000000 1.000000
267.992032 148.235294 0.000000 1.871198 1.095623 0.000000 1.000000
269.199203 148.235294 0.000000 -0.141508 0.093773 0.000000 1.000000
270.406375 148.235294 0.000000 0.465691 -0.358608 0.000000 1.000000
271.613546 148.235294 0.000000 1.868910 0.597609 0.000000 1.000000
272.820717 148.235294 0.000000 -0.519836 -1.551009 0.000000 1.000000
274.027888 148.235294 0.000000 0.591248 0.775252 0.000000 1.000000
275.235060 148.235294 0.000000 -0.005365 -0.269467 0.000000 1.000000
276.442231 148.235294 0.000000 0.305767 -1.127061 0.000000 1.000000
277.649402 148.235294 0.000000 -0.732369 -1.180589 0.000000 1.000000
278.856574 148.235294 0.000000 0.787879 -0.837365 0.000000 1.000000
280.063745 148.235294 0.000000 -0.456352 -0.199485 0.000000 1.000000
281.270916 148.235294 0.000000 0.351600 0.317669 0.000000 1.000000
282.478088 148.235294 0.000000 0.311580 -0.771823 0.000000 1.000000
283.685259 148.235294 0.000000 0.578332 0.815805 0.000000 1.000000
284.892430 148.235294 0.000000 -0.363201 -0.107351 0.000000 1.000000
286.099602 148.235294 0.000000 -0.740264 -0.484452 0.000000 1.000000
287.306773 148.235294 0.000000 -0.823890 -1.059298 0.000000 1.000000
288.513944 148.235294 0.000000 -0.311156 0.272896 0.000000 1.000000
289.721116 148.235294 0.000000 0.374617 -1.639440 0.000000 1.000000
290.928287 148.235294 0.000000 1.019347 1.157521 0.000000 1.000000
292.135458 148.235294 0.000000 -0.895799 1.635318 0.000000 1.000000
293.342629 148.235294 0.000000 -0.142231 -0.198081 0.000000 1.000000
294.549801 148.235294 0.000000 0.262800 0.578871 0.000000 1.000000
295.756972 148.235294 0.000000 0.102603 0.907697 0.000000 1.000000
296.964143 148.235294 0.000000 -0.742633 0.067134 0.000000 1.000000
298.171315 148.235294 0.000000 -0.985407 -0.806201 0.000000 1.000000
299.378486 148.235294 0.000000 -0.395610 -0.387938 0.000000 1.000000
300.585657 148.235294 0.000000 0.593284 -0.404888 0.000000 1.000000
301.792829 148.235294 0.000000 0.789704 -0.470233 0.000000 1.000000
1.207171 151.764706 0.000000 1.211192 -0.183625 0.000000 1.000000
2.414343 151.764706 0.000000 1.729172 -0.939158 0.000000 1.000000
3.621514 151.764706 0.000000 2.049963 0.438712 0.000000 1.000000
4.828685 151.764706 0.000000 -0.598593 0.631382 0.000000 1.000000
6.035857 151.764706 0.000000 0.216283 -0.210618 0.000000 1.000000
7.243028 151.764706 0.000000 -0.288252 -0.452132 0.000000 1.000000
8.450199 151.764706 0.000000 0.708154 -0.310808 0.000000 1.000000
9.657371 151.764706 0.000000 -0.273501 0.171503 0.000000 1.000000
10.864542 151.764706 0.000000 -0.908980 -0.156376 0.000000 1.000000
12.071713 151.764706 0.000000 0.403202 -0.061185 0.000000 1.000000
13.278884 151.764706 0.000000 0.142405 -1.570367 0.000000 1.000000
14.486056 151.764706 0.000000 -0.762996 -0.950738 0.000000 1.000000
15.693227 151.764706 0.000000 0.047738 -0.072079 0.000000 1.000000
16.900398 151.764706 0.000000 0.021621 1.668612 0.000000 1.000000
18.107570 151.764706 0.000000 -0.358129 0.015329 0.000000 1.000000
19.314741 151.764706 0.000000 0.261425 0.427008 0.000000 1.000000
20.521912 151.764706 0.000000 0.416822 0.199041 0.000000 1.000000
21.729084 151.764706 0.000000 -0.328877 -0.526555 0.000000 1.000000
22.936255 151.764706 0.000000 -0.093884 0.058321 0.000000 1.000000
24.143426 151.764706 0.000000 -0.827738 0.014273 0.000000 1.000000
25.350598 151.764706 0.000000 -0.173039 -0.220622 0.000000 1.000000
26.557769 151.764706 0.000000 0.654361 -0.044282 0.000000 1.000000
27.764940 151.764706 0.000000 0.045172 0.291211 0.000000 1.000000
28.972112 151.764706 0.000000 -0.928138 -0.482604 0.000000 1.000000
30.179283 151.764706 0.000000 0.388745 -0.089901 0.000000 1.000000
31.386454 151.764706 0.000000 -0.494588 0.848130 0.000000 1.000000
32.593625 151.764706 0.000000 0.489565 -0.824210 0.000000 1.000000
33.800797 151.764706 0.000000 0.423736 0.197298 0.000000 1.000000
35.007968 151.764706 0.000000 -0.483480 0.042394 0.000000 1.000000
36.215139 151.764706 0.000000 0.575785 0.143667 0.000000 1.000000
37.422311 151.764706 0.000000 0.237829 0.534231 0.000000 1.000000
38.629482 151.764706 0.000000 0.566629 -0.018642 0.000000 1.000000
39.836653 151.764706 0.000000 -0.847631 0.278344 0.000000 1.000000
41.043825 151.764706 0.000000 0.561754 -0.005180 0.000000 1.000000
42.250996 151.764706 0.000000 -0.696082 0.315233 0.000000 1.000000
43.458167 151.764706 0.000000 0.708517 -0.193351 0.000000 1.000000
44.665339 151.764706 0.000000 0.348726 0.360108 0.000000 1.000000
45.872510 151.764706 0.000000 1.595074 -0.141692 0.000000 1.000000
47.079681 151.764706 0.000000 0.812796 -0.723707 0.000000 1.000000
48.286853 151.764706 0.000000 -0.612284 0.109510 0.000000 1.000000
49.494024 151.764706 0.000000 0.165426 -0.959300 0.000000 1.000000
50.701195 151.764706 0.000000 0.225820 -0.976434 0.000000 1.000000
51.908367 151.764706 0.000000 1.068142 -0.157848 0.000000 1.000000
53.115538 151.764706 0.000000 1.160759 -1.535244 0.000000 1.000000
54.322709 151.764706 0.000000 0.920413 0.577478 0.000000 1.000000
55.529880 151.764706 0.000000 0.413585 -0.108963 0.000000 1.000000
56.737052 151.764706 0.000000 -0.634602 -0.160753 0.000000 1.000000
57.944223 151.764706 0.000000 -0.078802 0.685597 0.000000 1.000000
59.151394 151.764706 0.000000 0.190814 -0.039964 0.000000 1.000000
60.358566 151.764706 0.000000 0.353130 -0.837502 0.000000 1.000000
61.565737 151.764706 0.000000 -0.023582 0.024820 0.000000 1.000000
62.772908 151.764706 0.000000 -0.662547 0.951742 0.000000 1.000000
63.980080 151.764706 0.000000 -0.169965 -1.278373 0.000000 1.000000
65.187251 151.764706 0.000000 -0.579393 1.205951 0.000000 1.000000
66.394422 151.764706 0.000000 -0.075090 1.117629 0.000000 1.000000
67.601594 151.764706 0.000000 -0.770775 -0.721271 0.000000 1.000000
68.808765 151.764706 0.000000 0.007021 1.042266 0.000000 1.000000
70.015936 151.764706 0.000000 0.192863 -0.108847 0.000000 1.000000
71.223108 151.764706 0.000000 -0.799443 0.035237 0.000000 1.000000
72.430279 151.764706 0.000000 0.100925 0.027841 0.000000 1.000000
73.637450 151.764706 0.000000 0.034432 1.322731 0.000000 1.000000
74.844622 151.764706 0.000000 0.608623 0.042839 0.000000 1.000000
76.051793 151.764706 0.000000 0.275605 -0.225764 0.000000 1.000000
77.258964 151.764706 0.000000 -0.022771 0.128848 0.000000 1.000000
78.466135 151.764706 0.000000 0.066952 -0.965862 0.000000 1.000000
79.673307 151.764706 0.000000 0.212269 -0.868204 0.000000 1.000000
80.880478 151.764706 0.000000 0.556348 1.143904 0.000000 1.000000
82.087649 151.764706 0.000000 0.478283 0.067662 0.000000 1.000000
83.294821 151.764706 0.000000 -0.896245 0.808473 0.000000 1.000000
84.501992 151.764706 0.000000 0.124384 -1.156756 0.000000 1.000000
85.709163 151.764706 0.000000 0.822198 0.205200 0.000000 1.000000
86.916335 151.764706 0.000000 0.763316 -0.454938 0.000000 1.000000
88.123506 151.764706 0.000000 -1.389593 1.012670 0.000000 1.000000
89.330677 151.764706 0.000000 -0.752870 -0.790260 0.000000 1.000000
90.537849 151.764706 0.000000 0.760038 0.095642 0.000000 1.000000
91.745020 151.764706 0.000000 -0.392727 -0.107495 0.000000 1.000000
92.952191 151.764706 0.000000 -0.421767 0.865798 0.000000 1.000000
94.159363 151.764706 0.000000 -0.987175 1.594741 0.000000 1.000000
95.366534 151.764706 0.000000 -0.801407 0.726751 0.000000 1.000000
96.573705 151.764706 0.000000 -0.122095 -0.470961 0.000000 1.000000
97.780876 151.764706 0.000000 0.148628 0.492456 0.000000 1.000000
98.988048 151.764706 0.000000 -0.068985 -0.375658 0.000000 1.000000
100.195219 151.764706 0.000000 0.430885 0.151295 0.000000 1.000000
101.402390 151.764706 0.000000 0.594331 -0.059988 0.000000 1.000000
102.609562 151.764706 0.000000 0.491222 -0.682071 0.000000 1.000000
103.816733 151.764706 0.000000 -0.234446 -0.016120 0.000000 1.000000
105.023904 151.764706 0.000000 0.087421 -0.752428 0.000000 1.000000
106.231076 151.764706 0.000000 1.087506 0.292655 0.000000 1.000000
107.438247 151.764706 0.000000 -0.641758 -0.503758 0.000000 1.000000
108.645418 151.764706 0.000000 0.934174 -0.190940 0.000000 1.000000
109.852590 151.764706 0.000000 1.031089 0.266455 0.000000 1.000000
111.059761 151.764706 0.000000 0.810466 0.732183 0.000000 1.000000
112.266932 151.764706 0.000000 1.128609 0.737713 0.000000 1.000000
113.474104 151.764706 0.000000 0.436836 -0.900435 0.000000 1.000000
114.681275 151.764706 0.000000 1.404205 -0.191162 0.000000 1.000000
115.888446 151.764706 0.000000 0.414834 0.218927 0.000000 1.000000
117.095618 151.764706 0.000000 0.244717 -0.316747 0.000000 1.000000
118.302789 151.764706 0.000000 -0.250558 0.202024 0.000000 1.000000
119.509960 151.764706 0.000000 -0.290342 0.482820 0.000000 1.000000
120.717131 151.764706 0.000000 -0.116252 0.180962 0.000000 1.000000
121.924303 151.764706 0.000000 0.370712 0.604454 0.000000 1.000000
123.131474 151.764706 0.000000 0.138151 0.322930 0.000000 1.000000
124.338645 151.764706 0.000000 -0.597196 -0.405619 0.000000 1.000000
125.545817 151.764706 0.000000 -0.218937 0.742097 0.000000 1.000000
126.752988 151.764706 0.000000 -0.849123 -1.925119 0.000000 1.000000
127.960159 151.764706 0.000000 0.370233 0.483247 0.000000 1.000000
129.167331 151.764706 0.000000 -0.643533 -0.476599 0.000000 1.000000
130.374502 151.764706 0.000000 0.804418 0.029991 0.000000 1.000000
131.581673 151.764706 0.000000 -0.158347 1.097676 0.000000 1.000000
132.788845 151.764706 0.000000 -0.326686 1.085227 0.000000 1.000000
133.996016 151.764706 0.000000 0.233100 -0.067653 0.000000 1.000000
135.203187 151.764706 0.000000 -1.461633 -0.301612 0.000000 1.000000
136.410359 151.764706 0.000000 0.223490 -1.573108 0.000000 1.000000
137.617530 151.764706 0.000000 0.228125 -0.181807 0.000000 1.000000
138.824701 151.764706 0.000000 0.002249 -0.589830 0.000000 1.000000
140.031873 151.764706 0.000000 -0.034283 -1.320679 0.000000 1.000000
141.239044 151.764706 0.000000 -1.027432 -0.506991 0.000000 1.000000
142.446215 151.764706 0.000000 -0.655901 -0.347722 0.000000 1.000000
143.653386 151.764706 0.000000 0.337759 -1.236265 0.000000 1.000000
144.860558 151.764706 0.000000 0.376251 -0.010683 0.000000 1.000000
146.067729 151.764706 0.000000 -0.446694 0.287915 0.000000 1.000000
147.274900 151.764706 0.000000 -0.269357 -0.892152 0.000000 1.000000
148.482072 151.764706 0.000000 0.594121 -0.318584 0.000000 1.000000
149.689243 151.764706 0.000000 0.380492 -0.062808 0.000000 1.000000
150.896414 151.764706 0.000000 -0.867754 0.765365 0.000000 1.000000
152.103586 151.764706 0.000000 -0.118256 0.348167 0.000000 1.000000
153.310757 151.764706 0.000000 -0.897452 0.072715 0.000000 1.000000
154.517928 151.764706 0.000000 -0.468102 0.151628 0.000000 1.000000
155.725100 151.764706 0.000000 -0.547213 0.457054 0.000000 1.000000
156.932271 151.764706 0.000000 -0.628364 1.125954 0.000000 1.000000
158.139442 151.764706 0.000000 -0.161811 0.122408 0.000000 1.000000
159.346614 151.764706 0.000000 -0.598811 0.453854 0.000000 1.000000
160.553785 151.764706 0.000000 0.211498 0.005663 0.000000 1.000000
161.760956 151.764706 0.000000 -0.176879 -1.471801 0.000000 1.000000
162.968127 151.764706 0.000000 0.852860 0.519080 0.000000 1.000000
164.175299 151.764706 0.000000 -0.009369 0.083769 0.000000 1.000000
165.382470 151.764706 0.000000 -0.344747 -0.105574 0.000000 1.000000
166.589641 151.764706 0.000000 0.596840 -0.731273 0.000000 1.000000
167.796813 151.764706 0.000000 -1.766458 -1.163440 0.000000 1.000000
169.003984 151.764706 0.000000 1.083409 0.413430 0.000000 1.000000
170.211155 151.764706 0.000000 -0.252650 -0.306919 0.000000 1.000000
171.418327 151.764706 0.000000 0.638695 0.721754 0.000000 1.000000
172.625498 151.764706 0.000000 -0.573171 0.910189 0.000000 1.000000
173.832669 151.764706 0.000000 0.085245 -0.785854 0.000000 1.000000
175.039841 151.764706 0.000000 -0.547510 0.569671 0.000000 1.000000
176.247012 151.764706 0.000000 -0.420042 -0.300253 0.000000 1.000000
177.454183 151.764706 0.000000 0.779576 0.657395 0.000000 1.000000
178.661355 151.764706 0.000000 0.273140 0.645261 0.000000 1.000000
179.868526 151.764706 0.000000 1.068574 0.338422 0.000000 1.000000
181.075697 151.764706 0.000000 -0.342653 0.154577 0.000000 1.000000
182.282869 151.764706 0.000000 0.640556 -0.140279 0.000000 1.000000
183.490040 151.764706 0.000000 0.325641 -0.762416 0.000000 1.000000
184.697211 151.764706 0.000000 -0.175226 0.592486 0.000000 1.000000
185.904382 151.764706 0.000000 0.750242 -1.856321 0.000000 1.000000
187.111554 151.764706 0.000000 -0.323856 -0.212299 0.000000 1.000000
188.318725 151.764706 0.000000 -0.493127 1.058577 0.000000 1.000000
189.525896 151.764706 0.000000 0.558847 -0.139203 0.000000 1.000000
190.733068 151.764706 0.000000 -0.139478 0.611122 0.000000 1.000000
191.940239 151.764706 0.000000 -0.363419 -0.037027 0.000000 1.000000
193.147410 151.764706 0.000000 0.902284 0.087233 0.000000 1.000000
194.354582 151.764706 0.000000 -0.188163 -0.937793 0.000000 1.000000
195.561753 151.764706 0.000000 -0.379256 0.531021 0.000000 1.000000
196.768924 151.764706 0.000000 0.354102 1.425836 0.000000 1.000000
197.976096 151.764706 0.000000 0.674823 -0.995413 0.000000 1.000000
199.183267 151.764706 0.000000 -0.579387 0.425640 0.000000 1.000000
200.390438 151.764706 0.000000 0.638908 -0.712890 0.000000 1.000000
201.597610 151.764706 0.000000 -0.158213 -0.375495 0.000000 1.000000
202.804781 151.764706 0.000000 -0.826256 0.029185 0.000000 1.000000
204.011952 151.764706 0.000000 -0.287226 0.658563 0.000000 1.000000
205.219124 151.764706 0.000000 1.862480 0.136084 0.000000 1.000000
206.426295 151.764706 0.000000 -1.082886 0.696972 0.000000 1.000000
207.633466 151.764706 0.000000 0.326916 -0.518667 0.000000 1.000000
208.840637 151.764706 0.000000 -0.682515 0.352640 0.000000 1.000000
210.047809 151.764706 0.000000 -0.405560 1.346802 0.000000 1.000000
211.254980 151.764706 0.000000 0.418351 0.604564 0.000000 1.000000
212.462151 151.764706 0.000000 0.111615 -0.065676 0.000000 1.000000
213.669323 151.764706 0.000000 0.416137 1.192367 0.000000 1.000000
214.876494 151.764706 0.000000 0.772429 0.316834 0.000000 1.000000
216.083665 151.764706 0.000000 0.674602 0.110893 0.000000 1.000000
217.290837 151.764706 0.000000 0.020445 0.057320 0.000000 1.000000
218.498008 151.764706 0.000000 -0.995009 0.379535 0.000000 1.000000
219.705179 151.764706 0.000000 -0.203939 -0.235819 0.000000 1.000000
220.912351 151.764706 0.000000 -0.314319 0.000338 0.000000 1.000000
222.119522 151.764706 0.000000 -0.578602 0.297208 0.000000 1.000000
223.326693 151.764706 0.000000 -0.235308 0.087470 0.000000 1.000000
224.533865 151.764706 0.000000 0.374199 0.388157 0.000000 1.000000
225.741036 151.764706 0.000000 0.472220 0.235518 0.000000 1.000000
226.948207 151.764706 0.000000 -0.353280 0.672354 0.000000 1.000000
228.155378 151.764706 0.000000 -0.107453 1.101415 0.000000 1.000000
229.362550 151.764706 0.000000 1.124787 -0.230178 0.000000 1.000000
230.569721 151.764706 0.000000 -0.212253 0.233732 0.000000 1.000000
231.776892 151.764706 0.000000 0.410911 -1.013603 0.000000 1.000000
232.984064 151.764706 0.000000 0.791061 -0.067699 0.000000 1.000000
234.191235 151.764706 0.000000 1.066590 0.374220 0.000000 1.000000
235.398406 151.764706 0.000000 1.177790 1.145005 0.000000 1.000000
236.605578 151.764706 0.000000 0.889117 0.483172 0.000000 1.000000
237.812749 151.764706 0.000000 -0.914997 -0.148652 0.000000 1.000000
239.019920 151.764706 0.000000 -1.463470 1.087879 0.000000 1.000000
240.227092 151.764706 0.000000 1.264275 -0.536505 0.000000 1.000000
241.434263 151.764706 0.000000 -0.406432 0.271910 0.000000 1.000000
242.641434 151.764706 0.000000 -0.709910 1.283280 0.000000 1.000000
243.848606 151.764706 0.000000 -0.439586 -0.159656 0.000000 1.000000
245.055777 151.764706 0.000000 -0.424436 0.863319 0.000000 1.000000
246.262948 151.764706 0.000000 -0.091913 1.044261 0.000000 1.000000
247.470120 151.764706 0.000000 -0.862221 0.215768 0.000000 1.000000
248.677291 151.764706 0.000000 1.075863 0.041313 0.000000 1.000000
249.884462 151.764706 0.000000 0.431446 0.132359 0.000000 1.000000
251.091633 151.764706 0.000000 0.051929 1.164154 0.000000 1.000000
252.298805 151.764706 0.000000 -0.794505 0.103629 0.000000 1.000000
253.505976 151.764706 0.000000 -0.105427 -0.882968 0.000000 1.000000
254.713147 151.764706 0.000000 0.002367 0.071911 0.000000 1.000000
255.920319 151.764706 0.000000 -0.570268 -0.715807 0.000000 1.000000
257.127490 151.764706 0.000000 0.494695 0.819084 0.000000 1.000000
258.334661 151.764706 0.000000 -0.479980 0.211116 0.000000 1.000000
259.541833 151.764706 0.000000 0.482285 1.205875 0.000000 1.000000
260.749004 151.764706 0.000000 -0.353398 -0.900451 0.000000 1.000000
261.956175 151.764706 0.000000 -1.231577 0.157465 0.000000 1.000000
263.163347 151.764706 0.000000 0.610862 0.672751 0.000000 1.000000
264.370518 151.764706 0.000000 0.373693 -0.454135 0.000000 1.000000
265.577689 151.764706 0.000000 1.379598 0.348079 0.000000 1.000000
266.784861 151.764706 0.000000 0.548982 -0.300522 0.000000 1.000000
267.992032 151.764706 0.000000 0.106396 -1.301082 0.000000 1.000000
269.199203 151.764706 0.000000 1.378803 -0.604660 0.000000 1.000000
270.406375 151.764706 0.000000 -0.949943 0.237122 0.000000 1.000000
271.613546 151.764706 0.000000 -0.378522 -0.258113 0.000000 1.000000
272.820717 151.764706 0.000000 0.405809 0.684680 0.000000 1.000000
274.027888 151.764706 0.000000 0.136287 1.633165 0.000000 1.000000
275.235060 151.764706 0.000000 0.608235 0.946299 0.000000 1.000000
276.442231 151.764706 0.000000 0.690639 -0.765221 0.000000 1.000000
277.649402 151.764706 0.000000 0.499021 0.145526 0.000000 1.000000
278.856574 151.764706 0.000000 0.381142 0.837522 0.000000 1.000000
280.063745 151.764706 0.000000 -0.019082 2.179979 0.000000 1.000000
281.270916 151.764706 0.000000 0.897885 0.384965 0.000000 1.000000
282.478088 151.764706 0.000000 0.174358 1.247842 0.000000 1.000000
283.685259 151.764706 0.000000 -0.586537 -0.065597 0.000000 1.000000
284.892430 151.764706 0.000000 0.138481 0.571586 0.000000 1.000000
286.099602 151.764706 0.000000 -0.517351 -0.818329 0.000000 1.000000
287.306773 151.764706 0.000000 -1.465743 -0.240133 0.000000 1.000000
288.513944 151.764706 0.000000 1.054678 0.054861 0.000000 1.000000
289.721116 151.764706 0.000000 -0.304954 0.537186 0.000000 1.000000
290.928287 151.764706 0.000000 1.174196 0.680260 0.000000 1.000000
292.135458 151.764706 0.000000 -0.135857 -0.347941 0.000000 1.000000
293.342629 151.764706 0.000000 -1.203383 1.002479 0.000000 1.000000
294.549801 151.764706 0.000000 -0.708860 0.261899 0.000000 1.000000
295.756972 151.764706 0.000000 -0.365215 -0.922347 0.000000 1.000000
296.964143 151.764706 0.000000 0.534112 1.702812 0.000000 1.000000
298.171315 151.764706 0.000000 0.043326 0.037848 0.000000 1.000000
299.378486 151.764706 0.000000 0.616162 -1.088946 0.000000 1.000000
300.585657 151.764706 0.000000 0.487347 -0.052570 0.000000 1.000000
301.792829 151.764706 0.000000 0.686278 1.001160 0.000000 1.000000
1.207171 155.294118 0.000000 -0.903502 0.402323 0.000000 1.000000
2.414343 155.294118 0.000000 0.283990 -1.544322 0.000000 1.000000
3.621514 155.294118 0.000000 -0.793318 0.030599 0.000000 1.000000
4.828685 155.294118 0.000000 0.330301 1.635058 0.000000 1.000000
6.035857 155.294118 0.000000 -0.976668 0.578810 0.000000 1.000000
7.243028 155.294118 0.000000 -0.057825 -0.181700 0.000000 1.000000
8.450199 155.294118 0.000000 -1.305159 0.962360 0.000000 1.000000
9.657371 155.294118 0.000000 -0.021484 -0.173526 0.000000 1.000000
10.864542 155.294118 0.000000 0.018717 -0.061073 0.000000 1.000000
12.071713 155.294118 0.000000 -0.216786 -0.088832 0.000000 1.000000
13.278884 155.294118 0.000000 -0.135819 0.124209 0.000000 1.000000
14.486056 155.294118 0.000000 -0.324748 -0.289153 0.000000 1.000000
15.693227 155.294118 0.000000 -0.602519 -0.018435 0.000000 1.000000
16.900398 155.294118 0.000000 -0.203931 -0.222722 0.000000 1.000000
18.107570 155.294118 0.000000 0.453548 -0.909071 0.000000 1.000000
19.314741 155.294118 0.000000 0.151328 -0.580035 0.000000 1.000000
20.521912 155.294118 0.000000 1.424902 0.493992 0.000000 1.000000
21.729084 155.294118 0.000000 -0.134965 1.046678 0.000000 1.000000
22.936255 155.294118 0.000000 0.542327 -0.594115 0.000000 1.000000
24.143426 155.294118 0.000000 0.045058 -0.844435 0.000000 1.000000
25.350598 155.294118 0.000000 -0.664505 0.317146 0.000000 1.000000
26.557769 155.294118 0.000000 -1.114175 1.162077 0.000000 1.000000
27.764940 155.294118 0.000000 0.408526 -0.633487 0.000000 1.000000
28.972112 155.294118 0.000000 0.729149 1.142489 0.000000 1.000000
30.179283 155.294118 0.000000 0.021752 0.714541 0.000000 1.000000
31.386454 155.294118 0.000000 0.351668 -0.986215 0.000000 1.000000
32.593625 155.294118 0.000000 -0.852471 1.067329 0.000000 1.000000
33.800797 155.294118 0.000000 0.262454 -0.674558 0.000000 1.000000
35.007968 155.294118 0.000000 0.529561 -0.158722 0.000000 1.000000
36.215139 155.294118 0.000000 -0.230936 0.137559 0.000000 1.000000
37.422311 155.294118 0.000000 -0.499333 -0.254508 0.000000 1.000000
38.629482 155.294118 0.000000 -0.842809 -0.578096 0.000000 1.000000
39.836653 155.294118 0.000000 0.219435 0.825982 0.000000 1.000000
41.043825 155.294118 0.000000 0.189823 0.915558 0.000000 1.000000
42.250996 155.294118 0.000000 0.133794 -1.063561 0.000000 1.000000
43.458167 155.294118 0.000000 -0.012582 -1.356032 0.000000 1.000000
44.665339 155.294118 0.000000 -0.354208 -1.317229 0.000000 1.000000
45.872510 155.294118 0.000000 -0.231896 -0.169628 0.000000 1.000000
47.079681 155.294118 0.000000 -0.900687 -0.648785 0.000000 1.000000
48.286853 155.294118 0.000000 -0.846842 0.410852 0.000000 1.000000
49.494024 155.294118 0.000000 -0.448168 -0.427157 0.000000 1.000000
50.701195 155.294118 0.000000 -0.552605 1.302480 0.000000 1.000000
51.908367 155.294118 0.000000 -1.040317 -0.733589 0.000000 1.000000
53.115538 155.294118 0.000000 0.346869 1.264997 0.000000 1.000000
54.322709 155.294118 0.000000 0.118468 -0.753477 0.000000 1.000000
55.529880 155.294118 0.000000 0.078218 0.362136 0.000000 1.000000
56.737052 155.294118 0.000000 0.162472 0.925241 0.000000 1.000000
57.944223 155.294118 0.000000 0.255731 -0.208850 0.000000 1.000000
59.151394 155.294118 0.000000 0.907091 0.661216 0.000000 1.000000
60.358566 155.294118 0.000000 -1.417839 -0.852491 0.000000 1.000000
61.565737 155.294118 0.000000 -1.003395 -0.220881 0.000000 1.000000
62.772908 155.294118 0.000000 -0.827895 -1.319145 0.000000 1.000000
63.980080 155.294118 0.000000 -0.279871 0.506383 0.000000 1.000000
65.187251 155.294118 0.000000 0.463600 -0.213973 0.000000 1.000000
66.394422 155.294118 0.000000 1.090845 0.106556 0.000000 1.000000
67.601594 155.294118 0.000000 0.318225 0.699581 0.000000 1.000000
68.808765 155.294118 0.000000 -0.114805 -2.099734 0.000000 1.000000
70.015936 155.294118 0.000000 0.272704 -0.276246 0.000000 1.000000
71.223108 155.294118 0.000000 0.330724 0.880988 0.000000 1.000000
72.430279 155.294118 0.000000 -1.542195 -0.310200 0.000000 1.000000
73.637450 155.294118 0.000000 0.553771 -0.228732 0.000000 1.000000
74.844622 155.294118 0.000000 0.753804 -1.447119 0.000000 1.000000
76.051793 155.294118 0.000000 0.375027 0.599546 0.000000 1.000000
77.258964 155.294118 0.000000 -0.812866 0.197182 0.000000 1.000000
78.466135 155.294118 0.000000 -1.369247 0.066012 0.000000 1.000000
79.673307 155.294118 0.000000 0.131374 -0.859847 0.000000 1.000000
80.880478 155.294118 0.000000 0.311839 -0.206400 0.000000 1.000000
82.087649 155.294118 0.000000 -0.966044 0.306599 0.000000 1.000000
83.294821 155.294118 0.000000 -0.145131 -0.201932 0.000000 1.000000
84.501992 155.294118 0.000000 -1.043651 -1.588605 0.000000 1.000000
85.709163 155.294118 0.000000 -0.175146 0.673023 0.000000 1.000000
86.916335 155.294118 0.000000 1.040722 0.329006 0.000000 1.000000
88.123506 155.294118 0.000000 0.470442 -0.042686 0.000000 1.000000
89.330677 155.294118 0.000000 -0.154736 -0.918223 0.000000 1.000000
90.537849 155.294118 0.000000 -0.414280 0.434849 0.000000 1.000000
91.745020 155.294118 0.000000 -0.014362 -0.930340 0.000000 1.000000
92.952191 155.294118 0.000000 -1.390963 -0.329922 0.000000 1.000000
94.159363 155.294118 0.000000 -0.021116 0.150648 0.000000 1.000000
95.366534 155.294118 0.000000 -0.365396 -0.774256 0.000000 1.000000
96.573705 155.294118 0.000000 -0.383212 -0.916722 0.000000 1.000000
97.780876 155.294118 0.000000 -1.151291 -0.523999 0.000000 1.000000
98.988048 155.294118 0.000000 0.374180 0.991390 0.000000 1.000000
100.195219 155.294118 0.000000 0.002899 0.055375 0.000000 1.000000
101.402390 155.294118 0.000000 -1.148027 -1.095413 0.000000 1.000000
102.609562 155.294118 0.000000 0.401130 0.578704 0.000000 1.000000
103.816733 155.294118 0.000000 0.989346 0.916123 0.000000 1.000000
105.023904 155.294118 0.000000 1.355799 0.525109 0.000000 1.000000
106.231076 155.294118 0.000000 -0.604502 0.340713 0.000000 1.000000
107.438247 155.294118 0.000000 0.217011 0.233149 0.000000 1.000000
108.645418 155.294118 0.000000 -0.670515 1.359151 0.000000 1.000000
109.852590 155.294118 0.000000 -0.118521 -1.072847 0.000000 1.000000
111.059761 155.294118 0.000000 -0.474903 0.311148 0.000000 1.000000
112.266932 155.294118 0.000000 -1.617273 0.002014 0.000000 1.000000
113.474104 155.294118 0.000000 0.589319 -0.209360 0.000000 1.000000
114.681275 155.294118 0.000000 0.006355 -0.671710 0.000000 1.000000
115.888446 155.294118 0.000000 -0.324489 0.007697 0.000000 1.000000
117.095618 155.294118 0.000000 0.529612 -0.120238 0.000000 1.000000
118.302789 155.294118 0.000000 -0.069104 0.026358 0.000000 1.000000
119.509960 155.294118 0.000000 0.814846 0.272506 0.000000 1.000000
120.717131 155.294118 0.000000 -0.650560 1.054348 0.000000 1.000000
121.924303 155.294118 0.000000 -0.749090 0.437783 0.000000 1.000000
123.131474 155.294118 0.000000 0.719822 0.788933 0.000000 1.000000
124.338645 155.294118 0.000000 -0.457677 0.565961 0.000000 1.000000
125.545817 155.294118 0.000000 -0.378126 0.495008 0.000000 1.000000
126.752988 155.294118 0.000000 0.846231 1.222033 0.000000 1.000000
127.960159 155.294118 0.000000 0.353574 -0.424815 0.000000 1.000000
129.167331 155.294118 0.000000 0.116824 -0.940770 0.000000 1.000000
130.374502 155.294118 0.000000 -0.583991 0.097096 0.000000 1.000000
131.581673 155.294118 0.000000 0.849603 1.072298 0.000000 1.000000
132.788845 155.294118 0.000000 0.258945 0.822922 0.000000 1.000000
133.996016 155.294118 0.000000 2.132084 -1.318726 0.000000 1.000000
135.203187 155.294118 0.000000 1.214968 0.124742 0.000000 1.000000
136.410359 155.294118 0.000000 0.677429 -1.127363 0.000000 1.000000
137.617530 155.294118 0.000000 0.768671 -0.853186 0.000000 1.000000
138.824701 155.294118 0.000000 -1.704711 0.517255 0.000000 1.000000
140.031873 155.294118 0.000000 -0.181432 0.112299 0.000000 1.000000
141.239044 155.294118 0.000000 -0.927287 -0.900462 0.000000 1.000000
142.446215 155.294118 0.000000 -0.175972 1.559691 0.000000 1.000000
143.653386 155.294118 0.000000 -0.725860 -0.063471 0.000000 1.000000
144.860558 155.294118 0.000000 0.584760 1.114211 0.000000 1.000000
146.067729 155.294118 0.000000 -0.111208 0.188023 0.000000 1.000000
147.274900 155.294118 0.000000 -0.669153 -0.569179 0.000000 1.000000
148.482072 155.294118 0.000000 0.950677 0.178400 0.000000 1.000000
149.689243 155.294118 0.000000 0.815917 -0.846240 0.000000 1.000000
150.896414 155.294118 0.000000 0.244161 1.015666 0.000000 1.000000
152.103586 155.294118 0.000000 1.208697 0.086740 0.000000 1.000000
153.310757 155.294118 0.000000 -0.852965 -1.009725 0.000000 1.000000
154.517928 155.294118 0.000000 -0.805209 0.118726 0.000000 1.000000
155.725100 155.294118 0.000000 0.734691 -1.092473 0.000000 1.000000
156.932271 155.294118 0.000000 -0.726294 -0.380289 0.000000 1.000000
158.139442 155.294118 0.000000 0.345275 -0.544884 0.000000 1.000000
159.346614 155.294118 0.000000 0.320275 0.452940 0.000000 1.000000
160.553785 155.294118 0.000000 0.175338 0.674354 0.000000 1.000000
161.760956 155.294118 0.000000 -0.015031 0.108779 0.000000 1.000000
162.968127 155.294118 0.000000 -0.086189 0.183705 0.000000 1.000000
164.175299 155.294118 0.000000 0.332323 1.130190 0.000000 1.000000
165.382470 155.294118 0.000000 -0.779603 0.748306 0.000000 1.000000
166.589641 155.294118 0.000000 -0.256899 0.798510 0.000000 1.000000
167.796813 155.294118 0.000000 0.917300 -0.099972 0.000000 1.000000
169.003984 155.294118 0.000000 -1.009928 0.005522 0.000000 1.000000
170.211155 155.294118 0.000000 0.091193 0.524536 0.000000 1.000000
171.418327 155.294118 0.000000 0.635961 0.070193 0.000000 1.000000
172.625498 155.294118 0.000000 0.565545 -1.060066 0.000000 1.000000
173.832669 155.294118 0.000000 0.993851 0.284435 0.000000 1.000000
175.039841 155.294118 0.000000 -0.391652 0.172086 0.000000 1.000000
176.247012 155.294118 0.000000 -0.416747 -0.381924 0.000000 1.000000
177.454183 155.294118 0.000000 -0.751935 -1.049173 0.000000 1.000000
178.661355 155.294118 0.000000 0.495173 0.136112 0.000000 1.000000
179.868526 155.294118 0.000000 1.313790 0.828784 0.000000 1.000000
181.075697 155.294118 0.000000 -0.968614 -0.713275 0.000000 1.000000
182.282869 155.294118 0.000000 -0.283391 0.493434 0.000000 1.000000
183.490040 155.294118 0.000000 0.072026 -0.117178 0.000000 1.000000
184.697211 155.294118 0.000000 0.220490 0.564996 0.000000 1.000000
185.904382 155.294118 0.000000 0.307516 0.075367 0.000000 1.000000
187.111554 155.294118 0.000000 -0.039122 -1.050511 0.000000 1.000000
188.318725 155.294118 0.000000 -0.858197 0.151658 0.000000 1.000000
189.525896 155.294118 0.000000 -0.940240 0.234099 0.000000 1.000000
190.733068 155.294118 0.000000 0.333618 -0.100999 0.000000 1.000000
191.940239 155.294118 0.000000 -0.306701 0.786133 0.000000 1.000000
193.147410 155.294118 0.000000 -0.497860 0.246581 0.000000 1.000000
194.354582 155.294118 0.000000 0.722977 -0.470593 0.000000 1.000000
195.561753 155.294118 0.000000 0.032551 0.045667 0.000000 1.000000
196.768924 155.294118 0.000000 -1.124043 -0.161675 0.000000 1.000000
197.976096 155.294118 0.000000 0.329408 -0.531699 0.000000 1.000000
199.183267 155.294118 0.000000 -0.907730 -1.121964 0.000000 1.000000
200.390438 155.294118 0.000000 -0.424052 -1.213909 0.000000 1.000000
201.597610 155.294118 0.000000 -0.152487 0.901225 0.000000 1.000000
202.804781 155.294118 0.000000 0.550644 0.852902 0.000000 1.000000
204.011952 155.294118 0.000000 0.354849 1.842986 0.000000 1.000000
205.219124 155.294118 0.000000 -1.043836 0.490645 0.000000 1.000000
206.426295 155.294118 0.000000 -0.571456 0.679609 0.000000 1.000000
207.633466 155.294118 0.000000 -0.249294 -1.168099 0.000000 1.000000
208.840637 155.294118 0.000000 0.372336 0.631540 0.000000 1.000000
210.047809 155.294118 0.000000 -1.610752 0.192145 0.000000 1.000000
211.254980 155.294118 0.000000 0.343526 1.326524 0.000000 1.000000
212.462151 155.294118 0.000000 -1.028808 0.376112 0.000000 1.000000
213.669323 155.294118 0.000000 -0.334409 0.292951 0.000000 1.000000
214.876494 155.294118 0.000000 -0.872767 -0.561855 0.000000 1.000000
216.083665 155.294118 0.000000 -0.670408 -0.839040 0.000000 1.000000
217.290837 155.294118 0.000000 -1.383820 1.439634 0.000000 1.000000
218.498008 155.294118 0.000000 -1.471117 -0.282508 0.000000 1.000000
219.705179 155.294118 0.000000 0.071265 -0.797548 0.000000 1.000000
220.912351 155.294118 0.000000 -0.591486 -0.007906 0.000000 1.000000
222.119522 155.294118 0.000000 0.418640 0.546659 0.000000 1.000000
223.326693 155.294118 0.000000 -0.416810 0.486378 0.000000 1.000000
224.533865 155.294118 0.000000 -0.377751 0.907054 0.000000 1.000000
225.741036 155.294118 0.000000 -0.128346 -0.090953 0.000000 1.000000
226.948207 155.294118 0.000000 -0.357670 0.189750 0.000000 1.000000
228.155378 155.294118 0.000000 0.758850 0.839690 0.000000 1.000000
229.362550 155.294118 0.000000 0.149447 0.781631 0.000000 1.000000
230.569721 155.294118 0.000000 -0.795642 0.251205 0.000000 1.000000
231.776892 155.294118 0.000000 -1.745801 -0.954659 0.000000 1.000000
232.984064 155.294118 0.000000 0.378874 -0.344508 0.000000 1.000000
234.191235 155.294118 0.000000 -0.396880 -0.838695 0.000000 1.000000
235.398406 155.294118 0.000000 1.260753 0.284008 0.000000 1.000000
236.605578 155.294118 0.000000 0.060224 -0.750912 0.000000 1.000000
237.812749 155.294118 0.000000 0.643006 -1.289618 0.000000 1.000000
239.019920 155.294118 0.000000 -0.220454 -0.974804 0.000000 1.000000
240.227092 155.294118 0.000000 -0.999149 0.332826 0.000000 1.000000
241.434263 155.294118 0.000000 -1.220248 -0.420477 0.000000 1.000000
242.641434 155.294118 0.000000 0.927745 -0.096565 0.000000 1.000000
243.848606 155.294118 0.000000 -0.078693 -0.264487 0.000000 1.000000
245.055777 155.294118 0.000000 0.188150 -0.719922 0.000000 1.000000
246.262948 155.294118 0.000000 -0.186449 0.432333 0.000000 1.000000
247.470120 155.294118 0.000000 -2.094716 -0.334917 0.000000 1.000000
248.677291 155.294118 0.000000 0.640538 -0.618596 0.000000 1.000000
249.884462 155.294118 0.000000 -0.143475 -0.147354 0.000000 1.000000
251.091633 155.294118 0.000000 -0.464529 0.137524 0.000000 1.000000
252.298805 155.294118 0.000000 -0.657311 -0.064201 0.000000 1.000000
253.505976 155.294118 0.000000 0.757632 0.321419 0.000000 1.000000
254.713147 155.294118 0.000000 0.870923 0.327377 0.000000 1.000000
255.920319 155.294118 0.000000 -1.430326 1.525068 0.000000 1.000000
257.127490 155.294118 0.000000 0.075104 -0.995927 0.000000 1.000000
258.334661 155.294118 0.000000 0.654574 1.145258 0.000000 1.000000
259.541833 155.294118 0.000000 0.136851 0.530351 0.000000 1.000000
260.749004 155.294118 0.000000 -0.725981 -0.059040 0.000000 1.000000
261.956175 155.294118 0.000000 -1.388265 -0.226407 0.000000 1.000000
263.163347 155.294118 0.000000 1.040135 -0.276232 0.000000 1.000000
264.370518 155.294118 0.000000 -0.325512 0.235162 0.000000 1.000000
265.577689 155.294118 0.000000 -0.889726 -0.599142 0.000000 1.000000
266.784861 155.294118 0.000000 0.701030 1.495023 0.000000 1.000000
267.992032 155.294118 0.000000 0.217139 -0.941199 0.000000 1.000000
269.199203 155.294118 0.000000 -0.430622 -0.475548 0.000000 1.000000
270.406375 155.294118 0.000000 1.234083 0.758654 0.000000 1.000000
271.613546 155.294118 0.000000 -0.392700 -0.124351 0.000000 1.000000
272.820717 155.294118 0.000000 -1.138789 -0.515817 0.000000 1.000000
274.027888 155.294118 0.000000 -0.692613 -0.106198 0.000000 1.000000
275.235060 155.294118 0.000000 -0.670092 -0.999827 0.000000 1.000000
276.442231 155.294118 0.000000 -0.378534 -0.031047 0.000000 1.000000
277.649402 155.294118 0.000000 0.366768 -0.960345 0.000000 1.000000
278.856574 155.294118 0.000000 -1.567841 0.108428 0.000000 1.000000
280.063745 155.294118 0.000000 -0.911887 0.767847 0.000000 1.000000
281.270916 155.294118 0.000000 0.188386 -0.046774 0.000000 1.000000
282.478088 155.294118 0.000000 0.572535 0.521925 0.000000 1.000000
283.685259 155.294118 0.000000 0.546746 0.591679 0.000000 1.000000
284.892430 155.294118 0.000000 0.543227 0.711324 0.000000 1.000000
286.099602 155.294118 0.000000 -0.735416 0.621326 0.000000 1.000000
287.306773 155.294118 0.000000 0.067261 0.557433 0.000000 1.000000
288.513944 155.294118 0.000000 -0.282172 -1.009241 0.000000 1.000000
289.721116 155.294118 0.000000 0.608809 -0.849099 0.000000 1.000000
290.928287 155.294118 0.000000 -0.607674 -0.491843 0.000000 1.000000
292.135458 155.294118 0.000000 1.071370 0.314820 0.000000 1.000000
293.342629 155.294118 0.000000 0.789657 0.219952 0.000000 1.000000
294.549801 155.294118 0.000000 -0.945990 0.235781 0.000000 1.000000
295.756972 155.294118 0.000000 0.800848 -0.946557 0.000000 1.000000
296.964143 155.294118 0.000000 1.574336 -1.790935 0.000000 1.000000
298.171315 155.294118 0.000000 0.239196 0.610997 0.000000 1.000000
299.378486 155.294118 0.000000 -1.197610 0.416301 0.000000 1.000000
300.585657 155.294118 0.000000 -1.085053 0.406260 0.000000 1.000000
301.792829 155.294118 0.000000 0.134965 -1.352113 0.000000 1.000000
1.207171 158.823529 0.000000 -0.794223 -1.225662 0.000000 1.000000
2.414343 158.823529 0.000000 0.510549 0.366464 0.000000 1.000000
3.621514 158.823529 0.000000 -0.721964 -0.794759 0.000000 1.000000
4.828685 158.823529 0.000000 0.083805 -0.762246 0.000000 1.000000
6.035857 158.823529 0.000000 0.549871 -0.379084 0.000000 1.000000
7.243028 158.823529 0.000000 -0.534565 -0.682724 0.000000 1.000000
8.450199 158.823529 0.000000 -0.783389 -0.721279 0.000000 1.000000
9.657371 158.823529 0.000000 -0.058449 -0.856066 0.000000 1.000000
10.864542 158.823529 0.000000 -0.139789 -0.561616 0.000000 1.000000
12.071713 158.823529 0.000000 0.650065 0.182216 0.000000 1.000000
13.278884 158.823529 0.000000 -0.484101 -0.033172 0.000000 1.000000
14.486056 158.823529 0.000000 0.600872 -0.112915 0.000000 1.000000
15.693227 158.823529 0.000000 -0.292744 0.752808 0.000000 1.000000
16.900398 158.823529 0.000000 1.505751 0.498645 0.000000 1.000000
18.107570 158.823529 0.000000 0.324929 0.238454 0.000000 1.000000
19.314741 158.823529 0.000000 0.147946 1.005769 0.000000 1.000000
20.521912 158.823529 0.000000 -0.099472 0.196143 0.000000 1.000000
21.729084 158.823529 0.000000 -1.750490 1.256058 0.000000 1.000000
22.936255 158.823529 0.000000 0.750137 0.646450 0.000000 1.000000
24.143426 158.823529 0.000000 -1.295203 1.017998 0.000000 1.000000
25.350598 158.823529 0.000000 -0.272647 -0.064216 0.000000 1.000000
26.557769 158.823529 0.000000 0.980993 0.229958 0.000000 1.000000
27.764940 158.823529 0.000000 0.557999 -0.540889 0.000000 1.000000
28.972112 158.823529 0.000000 -0.221561 0.071946 0.000000 1.000000
30.179283 158.823529 0.000000 0.379698 -0.351409 0.000000 1.000000
31.386454 158.823529 0.000000 1.259158 -0.216974 0.000000 1.000000
32.593625 158.823529 0.000000 -0.462778 -0.483022 0.000000 1.000000
33.800797 158.823529 0.000000 -0.551621 -0.048441 0.000000 1.000000
35.007968 158.823529 0.000000 0.913809 -0.142472 0.000000 1.000000
36.215139 158.823529 0.000000 -0.423633 1.506377 0.000000 1.000000
37.422311 158.823529 0.000000 1.305110 -0.090286 0.000000 1.000000
38.629482 158.823529 0.000000 -1.234254 0.640314 0.000000 1.000000
39.836653 158.823529 0.000000 1.243040 -0.377096 0.000000 1.000000
41.043825 158.823529 0.000000 0.452898 0.195398 0.000000 1.000000
42.250996 158.823529 0.000000 0.410600 0.458986 0.000000 1.000000
43.458167 158.823529 0.000000 0.162337 0.809315 0.000000 1.000000
44.665339 158.823529 0.000000 -0.749272 -1.217378 0.000000 1.000000
45.872510 158.823529 0.000000 -1.044447 1.339354 0.000000 1.000000
47.079681 158.823529 0.000000 -0.737964 0.820088 0.000000 1.000000
48.286853 158.823529 0.000000 0.829744 1.305617 0.000000 1.000000
49.494024 158.823529 0.000000 -0.506163 -0.916803 0.000000 1.000000
50.701195 158.823529 0.000000 0.086796 0.833447 0.000000 1.000000
51.908367 158.823529 0.000000 1.184098 -0.295901 0.000000 1.000000
53.115538 158.823529 0.000000 0.050340 0.184004 0.000000 1.000000
54.322709 158.823529 0.000000 -0.280174 -0.126425 0.000000 1.000000
55.529880 158.823529 0.000000 -1.487442 -0.585737 0.000000 1.000000
56.737052 158.823529 0.000000 -0.533640 -0.868234 0.000000 1.000000
57.944223 158.823529 0.000000 0.506584 -0.018449 0.000000 1.000000
59.151394 158.823529 0.000000 0.139339 0.268940 0.000000 1.000000
60.358566 158.823529 0.000000 0.704672 -0.919912 0.000000 1.000000
61.565737 158.823529 0.000000 0.592055 0.268638 0.000000 1.000000
62.772908 158.823529 0.000000 -0.061760 -0.881516 0.000000 1.000000
63.980080 158.823529 0.000000 -1.095130 -0.635197 0.000000 1.000000
65.187251 158.823529 0.000000 0.783380 0.113439 0.000000 1.000000
66.394422 158.823529 0.000000 0.155266 0.560711 0.000000 1.000000
67.601594 158.823529 0.000000 -0.596572 0.524810 0.000000 1.000000
68.808765 158.823529 0.000000 -0.013141 0.435262 0.000000 1.000000
70.015936 158.823529 0.000000 0.837559 0.804818 0.000000 1.000000
71.223108 158.823529 0.000000 -0.797504 -0.394761 0.000000 1.000000
72.430279 158.823529 0.000000 -0.935745 -1.298052 0.000000 1.000000
73.637450 158.823529 0.000000 -1.158371 0.088905 0.000000 1.000000
74.844622 158.823529 0.000000 0.859326 -0.454818 0.000000 1.000000
76.051793 158.823529 0.000000 -0.680216 0.342558 0.000000 1.000000
77.258964 158.823529 0.000000 -0.892015 1.466717 0.000000 1.000000
78.466135 158.823529 0.000000 0.225932 -0.175265 0.000000 1.000000
79.673307 158.823529 0.000000 -0.369180 -0.623802 0.000000 1.000000
80.880478 158.823529 0.000000 -0.965285 -0.331186 0.000000 1.000000
82.087649 158.823529 0.000000 1.393932 -0.529426 0.000000 1.000000
83.294821 158.823529 0.000000 1.011933 0.719193 0.000000 1.000000
84.501992 158.823529 0.000000 -0.174534 0.532224 0.000000 1.000000
85.709163 158.823529 0.000000 -1.087126 0.135189 0.000000 1.000000
86.916335 158.823529 0.000000 0.881603 0.334608 0.000000 1.000000
88.123506 158.823529 0.000000 0.195309 -0.440343 0.000000 1.000000
89.330677 158.823529 0.000000 -0.770644 0.058290 0.000000 1.000000
90.537849 158.823529 0.000000 2.330583 0.376185 0.000000 1.000000
91.745020 158.823529 0.000000 -0.945917 -0.618043 0.000000 1.000000
92.952191 158.823529 0.000000 0.507985 0.505280 0.000000 1.000000
94.159363 158.823529 0.000000 -1.231821 -2.071056 0.000000 1.000000
95.366534 158.823529 0.000000 1.193133 -0.224668 0.000000 1.000000
96.573705 158.823529 0.000000 0.398475 0.067159 0.000000 1.000000
97.780876 158.823529 0.000000 0.973906 -0.244291 0.000000 1.000000
98.988048 158.823529 0.000000 1.153622 -0.231301 0.000000 1.000000
100.195219 158.823529 0.000000 -0.907718 -0.468786 0.000000 1.000000
101.402390 158.823529 0.000000 -0.978450 0.862603 0.000000 1.000000
102.609562 158.823529 0.000000 1.105856 0.989422 0.000000 1.000000
103.816733 158.823529 0.000000 -0.669875 0.386969 0.000000 1.000000
105.023904 158.823529 0.000000 0.837454 0.812727 0.000000 1.000000
106.231076 158.823529 0.000000 0.729057 -0.051614 0.000000 1.000000
107.438247 158.823529 0.000000 0.036605 -0.016846 0.000000 1.000000
108.645418 158.823529 0.000000 1.171134 -0.024755 0.000000 1.000000
109.852590 158.823529 0.000000 0.491246 -0.295099 0.000000 1.000000
111.059761 158.823529 0.000000 0.599352 -1.484596 0.000000 1.000000
112.266932 158.823529 0.000000 0.912644 1.022655 0.000000 1.000000
113.474104 158.823529 0.000000 0.740080 0.763487 0.000000 1.000000
114.681275 158.823529 0.000000 0.554051 -0.079602 0.000000 1.000000
115.888446 158.823529 0.000000 -0.171220 -0.111483 0.000000 1.000000
117.095618 158.823529 0.000000 0.390463 -0.290779 0.000000 1.000000
118.302789 158.823529 0.000000 -0.686285 0.277531 0.000000 1.000000
119.509960 158.823529 0.000000 0.134907 0.721230 0.000000 1.000000
120.717131 158.823529 0.000000 -0.729755 0.898124 0.000000 1.000000
121.924303 158.823529 0.000000 1.174403 0.779880 0.000000 1.000000
123.131474 158.823529 0.000000 -0.474678 -0.419774 0.000000 1.000000
124.338645 158.823529 0.000000 -0.374478 -0.433406 0.000000 1.000000
125.545817 158.823529 0.000000 -0.465937 0.316913 0.000000 1.000000
126.752988 158.823529 0.000000 0.417111 0.065766 0.000000 1.000000
127.960159 158.823529 0.000000 0.040785 1.391902 0.000000 1.000000
129.167331 158.823529 0.000000 0.555608 0.225499 0.000000 1.000000
130.374502 158.823529 0.000000 -0.529860 0.402820 0.000000 1.000000
131.581673 158.823529 0.000000 0.285643 -0.268439 0.000000 1.000000
132.788845 158.823529 0.000000 0.469164 -1.213437 0.000000 1.000000
133.996016 158.823529 0.000000 0.535588 0.438154 0.000000 1.000000
135.203187 158.823529 0.000000 -0.370050 0.018672 0.000000 1.000000
136.410359 158.823529 0.000000 0.181445 0.891944 0.000000 1.000000
137.617530 158.823529 0.000000 0.133475 -0.656046 0.000000 1.000000
138.824701 158.823529 0.000000 0.571820 -0.396473 0.000000 1.000000
140.031873 158.823529 0.000000 -0.486351 -0.419702 0.000000 1.000000
141.239044 158.823529 0.000000 -0.360345 -0.211247 0.000000 1.000000
142.446215 158.823529 0.000000 0.440826 0.975082 0.000000 1.000000
143.653386 158.823529 0.000000 -1.035692 1.021681 0.000000 1.000000
144.860558 158.823529 0.000000 0.225443 -0.556595 0.000000 1.000000
146.067729 158.823529 0.000000 0.473766 0.132209 0.000000 1.000000
147.274900 158.823529 0.000000 0.789085 -0.980614 0.000000 1.000000
148.482072 158.823529 0.000000 0.245513 -0.580093 0.000000 1.000000
149.689243 158.823529 0.000000 1.148189 -0.203688 0.000000 1.000000
150.896414 158.823529 0.000000 -0.130147 0.215458 0.000000 1.000000
152.103586 158.823529 0.000000 -0.084942 -0.481301 0.000000 1.000000
153.310757 158.823529 0.000000 1.714744 -0.724873 0.000000 1.000000
154.517928 158.823529 0.000000 0.296384 -1.588834 0.000000 1.000000
155.725100 158.823529 0.000000 -0.033004 0.886678 0.000000 1.000000
156.932271 158.823529 0.000000 -0.443492 0.047357 0.000000 1.000000
158.139442 158.823529 0.000000 0.430909 -0.276890 0.000000 1.000000
159.346614 158.823529 0.000000 0.795012 -0.001515 0.000000 1.000000
160.553785 158.823529 0.000000 0.028116 0.509311 0.000000 1.000000
161.760956 158.823529 0.000000 -0.011695 0.663870 0.000000 1.000000
162.968127 158.823529 0.000000 -0.834976 0.798531 0.000000 1.000000
164.175299 158.823529 0.000000 0.931304 0.535228 0.000000 1.000000
165.382470 158.823529 0.000000 -0.350596 1.277532 0.000000 1.000000
166.589641 158.823529 0.000000 0.184925 0.245617 0.000000 1.000000
167.796813 158.823529 0.000000 -0.083359 1.225311 0.000000 1.000000
169.003984 158.823529 0.000000 -0.823973 0.217115 0.000000 1.000000
170.211155 158.823529 0.000000 -0.522268 -0.335055 0.000000 1.000000
171.418327 158.823529 0.000000 1.327905 0.554786 0.000000 1.000000
172.625498 158.823529 0.000000 0.118056 0.000534 0.000000 1.000000
173.832669 158.823529 0.000000 -0.232171 0.469703 0.000000 1.000000
175.039841 158.823529 0.000000 -0.756202 0.015671 0.000000 1.000000
176.247012 158.823529 0.000000 0.384472 0.255209 0.000000 1.000000
177.454183 158.823529 0.000000 -0.407560 -1.216200 0.000000 1.000000
178.661355 158.823529 0.000000 -0.248621 -0.008677 0.000000 1.000000
179.868526 158.823529 0.000000 -0.147834 -0.869160 0.000000 1.000000
181.075697 158.823529 0.000000 0.291886 -0.070753 0.000000 1.000000
182.282869 158.823529 0.000000 0.080395 0.280090 0.000000 1.000000
183.490040 158.823529 0.000000 0.216528 0.136218 0.000000 1.000000
184.697211 158.823529 0.000000 0.107038 0.797668 0.000000 1.000000
185.904382 158.823529 0.000000 -0.852248 0.516157 0.000000 1.000000
187.111554 158.823529 0.000000 0.114519 -0.046611 0.000000 1.000000
188.318725 158.823529 0.000000 0.084792 -0.276665 0.000000 1.000000
189.525896 158.823529 0.000000 -0.207637 0.053172 0.000000 1.000000
190.733068 158.823529 0.000000 -0.473659 -0.884451 0.000000 1.000000
191.940239 158.823529 0.000000 -0.255552 0.536058 0.000000 1.000000
193.147410 158.823529 0.000000 -0.378076 0.674768 0.000000 1.000000
194.354582 158.823529 0.000000 0.958125 0.325240 0.000000 1.000000
195.561753 158.823529 0.000000 -0.028164 -0.044598 0.000000 1.000000
196.768924 158.823529 0.000000 0.860462 -0.997827 0.000000 1.000000
197.976096 158.823529 0.000000 -0.293660 -0.446181 0.000000 1.000000
199.183267 158.823529 0.000000 0.098143 -0.260682 0.000000 1.000000
200.390438 158.823529 0.000000 0.414896 -0.163696 0.000000 1.000000
201.597610 158.823529 0.000000 -0.005223 -0.116339 0.000000 1.000000
202.804781 158.823529 0.000000 0.441669 0.088209 0.000000 1.000000
204.011952 158.823529 0.000000 1.683701 0.591634 0.000000 1.000000
205.219124 158.823529 0.000000 -0.581503 0.260267 0.000000 1.000000
206.426295 158.823529 0.000000 -1.018665 -1.353439 0.000000 1.000000
207.633466 158.823529 0.000000 0.116129 -0.079465 0.000000 1.000000
208.840637 158.823529 0.000000 -0.616382 1.176911 0.000000 1.000000
210.047809 158.823529 0.000000 0.570967 1.006502 0.000000 1.000000
211.254980 158.823529 0.000000 1.026428 0.700263 0.000000 1.000000
212.462151 158.823529 0.000000 0.714027 0.118316 0.000000 1.000000
213.669323 158.823529 0.000000 0.598504 0.134991 0.000000 1.000000
214.876494 158.823529 0.000000 -0.044717 1.151882 0.000000 1.000000
216.083665 158.823529 0.000000 -0.127316 -0.061734 0.000000 1.000000
217.290837 158.823529 0.000000 0.712402 -0.081436 0.000000 1.000000
218.498008 158.823529 0.000000 0.374887 -0.304824 0.000000 1.000000
219.705179 158.823529 0.000000 -0.024362 -0.394073 0.000000 1.000000
220.912351 158.823529 0.000000 0.251862 0.283115 0.000000 1.000000
222.119522 158.823529 0.000000 2.115862 0.500590 0.000000 1.000000
223.326693 158.823529 0.000000 0.217915 1.928013 0.000000 1.000000
224.533865 158.823529 0.000000 0.712984 0.758889 0.000000 1.000000
225.741036 158.823529 0.000000 0.658377 0.195781 0.000000 1.000000
226.948207 158.823529 0.000000 -0.178533 -0.267684 0.000000 1.000000
228.155378 158.823529 0.000000 -0.506172 -0.839722 0.000000 1.000000
229.362550 158.823529 0.000000 0.268052 0.074993 0.000000 1.000000
230.569721 158.823529 0.000000 0.027510 -0.548594 0.000000 1.000000
231.776892 158.823529 0.000000 -0.175986 0.465988 0.000000 1.000000
232.984064 158.823529 0.000000 0.409046 0.296044 0.000000 1.000000
234.191235 158.823529 0.000000 0.204548 0.392427 0.000000 1.000000
235.398406 158.823529 0.000000 -1.375201 1.304676 0.000000 1.000000
236.605578 158.823529 0.000000 0.119470 -0.402969 0.000000 1.000000
237.812749 158.823529 0.000000 -0.058321 -0.543896 0.000000 1.000000
239.019920 158.823529 0.000000 0.360129 -0.638402 0.000000 1.000000
240.227092 158.823529 0.000000 -0.076697 0.353859 0.000000 1.000000
241.434263 158.823529 0.000000 -0.279084 0.779799 0.000000 1.000000
242.641434 158.823529 0.000000 -0.382736 1.212814 0.000000 1.000000
243.848606 158.823529 0.000000 -0.578197 -0.479911 0.000000 1.000000
245.055777 158.823529 0.000000 0.552643 0.011816 0.000000 1.000000
246.262948 158.823529 0.000000 -0.747291 -0.061899 0.000000 1.000000
247.470120 158.823529 0.000000 -0.129627 1.157036 0.000000 1.000000
248.677291 158.823529 0.000000 -0.119499 -0.933545 0.000000 1.000000
249.884462 158.823529 0.000000 -0.471149 0.588926 0.000000 1.000000
251.091633 158.823529 0.000000 -1.009316 0.295793 0.000000 1.000000
252.298805 158.823529 0.000000 -1.004015 -1.010412 0.000000 1.000000
253.505976 158.823529 0.000000 0.048657 1.034674 0.000000 1.000000
254.713147 158.823529 0.000000 -0.942101 -0.312425 0.000000 1.000000
255.920319 158.823529 0.000000 0.351843 0.711740 0.000000 1.000000
257.127490 158.823529 0.000000 0.080672 0.710222 0.000000 1.000000
258.334661 158.823529 0.000000 0.097081 -0.636260 0.000000 1.000000
259.541833 158.823529 0.000000 0.305420 0.619359 0.000000 1.000000
260.749004 158.823529 0.000000 0.658852 -0.175555 0.000000 1.000000
261.956175 158.823529 0.000000 -0.679421 1.184739 0.000000 1.000000
263.163347 158.823529 0.000000 -0.132326 1.188940 0.000000 1.000000
264.370518 158.823529 0.000000 -0.319727 0.258415 0.000000 1.000000
265.577689 158.823529 0.000000 0.334848 -1.400469 0.000000 1.000000
266.784861 158.823529 0.000000 -0.981181 -0.072740 0.000000 1.000000
267.992032 158.823529 0.000000 -0.517529 0.293578 0.000000 1.000000
269.199203 158.823529 0.000000 -0.129026 1.223414 0.000000 1.000000
270.406375 158.823529 0.000000 -0.365579 0.386005 0.000000 1.000000
271.613546 158.823529 0.000000 0.637169 -0.894730 0.000000 1.000000
272.820717 158.823529 0.000000 0.782772 1.215870 0.000000 1.000000
274.027888 158.823529 0.000000 0.295706 -1.704811 0.000000 1.000000
275.235060 158.823529 0.000000 0.627579 -0.331408 0.000000 1.000000
276.442231 158.823529 0.000000 -0.198924 -1.035026 0.000000 1.000000
277.649402 158.823529 0.000000 -0.477323 0.766670 0.000000 1.000000
278.856574 158.823529 0.000000 -0.347545 -1.045904 0.000000 1.000000
280.063745 158.823529 0.000000 -1.002526 0.650808 0.000000 1.000000
281.270916 158.823529 0.000000 0.678177 -0.637123 0.000000 1.000000
282.478088 158.823529 0.000000 0.895747 -0.763796 0.000000 1.000000
283.685259 158.823529 0.000000 0.269263 0.386473 0.000000 1.000000
284.892430 158.823529 0.000000 1.004045 -0.635995 0.000000 1.000000
286.099602 158.823529 0.000000 -1.225320 1.030680 0.000000 1.000000
287.306773 158.823529 0.000000 0.192435 0.262493 0.000000 1.000000
288.513944 158.823529 0.000000 -0.407991 0.059548 0.000000 1.000000
289.721116 158.823529 0.000000 -0.982066 0.261974 0.000000 1.000000
290.928287 158.823529 0.000000 1.588598 -0.704838 0.000000 1.000000
292.135458 158.823529 0.000000 -0.028628 -0.894965 0.000000 1.000000
293.342629 158.823529 0.000000 0.089037 0.550135 0.000000 1.000000
294.549801 158.823529 0.000000 0.540217 -0.218786 0.000000 1.000000
295.756972 158.823529 0.000000 -0.794769 -0.255501 0.000000 1.000000
296.964143 158.823529 0.000000 -0.949120 0.447052 0.000000 1.000000
298.171315 158.823529 0.000000 1.222367 0.197125 0.000000 1.000000
299.378486 158.823529 0.000000 -0.689301 0.540814 0.000000 1.000000
300.585657 158.823529 0.000000 -0.227777 0.758653 0.000000 1.000000
301.792829 158.823529 0.000000 -0.629028 -0.754933 0.000000 1.000000
1.207171 162.352941 0.000000 0.014992 -1.198116 0.000000 1.000000
2.414343 162.352941 0.000000 0.065479 -0.281102 0.000000 1.000000
3.621514 162.352941 0.000000 1.154390 0.791893 0.000000 1.000000
4.828685 162.352941 0.000000 -0.383932 -0.744547 0.000000 1.000000
6.035857 162.352941 0.000000 1.210740 0.892079 0.000000 1.000000
7.243028 162.352941 0.000000 -0.466273 -0.050316 0.000000 1.000000
8.450199 162.352941 0.000000 -0.167694 0.035351 0.000000 1.000000
9.657371 162.352941 0.000000 1.267522 0.180021 0.000000 1.000000
10.864542 162.352941 0.000000 -0.682031 0.106948 0.000000 1.000000
12.071713 162.352941 0.000000 -0.419696 0.070337 0.000000 1.000000
13.278884 162.352941 0.000000 0.030412 -0.061404 0.000000 1.000000
14.486056 162.352941 0.000000 0.723391 0.489180 0.000000 1.000000
15.693227 162.352941 0.000000 -0.719749 0.368994 0.000000 1.000000
16.900398 162.352941 0.000000 -1.052111 -0.375867 0.000000 1.000000
18.107570 162.352941 0.000000 -0.364912 -0.139139 0.000000 1.000000
19.314741 162.352941 0.000000 -0.105092 -0.923074 0.000000 1.000000
20.521912 162.352941 0.000000 1.452581 1.322036 0.000000 1.000000
21.729084 162.352941 0.000000 0.706115 -0.099039 0.000000 1.000000
22.936255 162.352941 0.000000 0.398746 1.135852 0.000000 1.000000
24.143426 162.352941 0.000000 0.156855 -0.752953 0.000000 1.000000
25.350598 162.352941 0.000000 0.408553 0.922549 0.000000 1.000000
26.557769 162.352941 0.000000 0.618844 -1.004248 0.000000 1.000000
27.764940 162.352941 0.000000 0.999166 -0.058946 0.000000 1.000000
28.972112 162.352941 0.000000 -0.842592 0.703827 0.000000 1.000000
30.179283 162.352941 0.000000 -0.403709 0.592255 0.000000 1.000000
31.386454 162.352941 0.000000 0.399341 -0.234605 0.000000 1.000000
32.593625 162.352941 0.000000 0.299070 0.238728 0.000000 1.000000
33.800797 162.352941 0.000000 1.272475 -0.597152 0.000000 1.000000
35.007968 162.352941 0.000000 -1.286515 -0.806257 0.000000 1.000000
36.215139 162.352941 0.000000 0.707192 0.045056 0.000000 1.000000
37.422311 162.352941 0.000000 -0.753747 -0.375478 0.000000 1.000000
38.629482 162.352941 0.000000 -1.142974 -1.935952 0.000000 1.000000
39.836653 162.352941 0.000000 0.781247 0.639789 0.000000 1.000000
41.043825 162.352941 0.000000 -0.204730 -0.669981 0.000000 1.000000
42.250996 162.352941 0.000000 -0.205808 0.752337 0.000000 1.000000
43.458167 162.352941 0.000000 -0.563890 -0.537474 0.000000 1.000000
44.665339 162.352941 0.000000 -0.342269 -0.648612 0.000000 1.000000
45.872510 162.352941 0.000000 0.385828 -0.329058 0.000000 1.000000
47.079681 162.352941 0.000000 -0.454374 0.837361 0.000000 1.000000
48.286853 162.352941 0.000000 1.729021 0.356758 0.000000 1.000000
49.494024 162.352941 0.000000 0.511929 0.404615 0.000000 1.000000
50.701195 162.352941 0.000000 0.024061 -0.170796 0.000000 1.000000
51.908367 162.352941 0.000000 -0.916719 0.648459 0.000000 1.000000
53.115538 162.352941 0.000000 -0.513738 -0.237997 0.000000 1.000000
54.322709 162.352941 0.000000 -1.030382 -0.615509 0.000000 1.000000
55.529880 162.352941 0.000000 0.441619 0.242244 0.000000 1.000000
56.737052 162.352941 0.000000 -0.078609 0.552365 0.000000 1.000000
57.944223 162.352941 0.000000 -1.035756 0.150261 0.000000 1.000000
59.151394 162.352941 0.000000 0.516109 -0.901394 0.000000 1.000000
60.358566 162.352941 0.000000 0.298981 1.027784 0.000000 1.000000
61.565737 162.352941 0.000000 -0.318468 -0.073398 0.000000 1.000000
62.772908 162.352941 0.000000 0.872821 0.251723 0.000000 1.000000
63.980080 162.352941 0.000000 0.161695 -0.536545 0.000000 1.000000
65.187251 162.352941 0.000000 -0.238975 -1.750320 0.000000 1.000000
66.394422 162.352941 0.000000 0.545050 -0.624340 0.000000 1.000000
67.601594 162.352941 0.000000 0.057504 0.265512 0.000000 1.000000
68.808765 162.352941 0.000000 -0.006200 0.881150 0.000000 1.000000
70.015936 162.352941 0.000000 0.080998 0.056605 0.000000 1.000000
71.223108 162.352941 0.000000 -0.212117 1.003375 0.000000 1.000000
72.430279 162.352941 0.000000 -0.873493 -0.562004 0.000000 1.000000
73.637450 162.352941 0.000000 0.029572 -0.224187 0.000000 1.000000
74.844622 162.352941 0.000000 -0.571408 1.396712 0.000000 1.000000
76.051793 162.352941 0.000000 0.821826 1.318420 0.000000 1.000000
77.258964 162.352941 0.000000 0.531134 0.731150 0.000000 1.000000
78.466135 162.352941 0.000000 1.019466 -0.942878 0.000000 1.000000
79.673307 162.352941 0.000000 0.642501 -0.328834 0.000000 1.000000
80.880478 162.352941 0.000000 -0.176460 -0.055789 0.000000 1.000000
82.087649 162.352941 0.000000 1.409739 -0.322388 0.000000 1.000000
83.294821 162.352941 0.000000 -0.426316 -0.324123 0.000000 1.000000
84.501992 162.352941 0.000000 1.083485 1.380631 0.000000 1.000000
85.709163 162.352941 0.000000 0.067068 -0.547340 0.000000 1.000000
86.916335 162.352941 0.000000 1.306298 -1.014858 0.000000 1.000000
88.123506 162.352941 0.000000 -0.178125 0.515137 0.000000 1.000000
89.330677 162.352941 0.000000 0.138125 0.200919 0.000000 1.000000
90.537849 162.352941 0.000000 -0.117816 0.247167 0.000000 1.000000
91.745020 162.352941 0.000000 0.746737 0.297860 0.000000 1.000000
92.952191 162.352941 0.000000 0.316073 -0.036659 0.000000 1.000000
94.159363 162.352941 0.000000 0.846020 -1.389925 0.000000 1.000000
95.366534 162.352941 0.000000 1.289675 0.927954 0.000000 1.000000
96.573705 162.352941 0.000000 -0.213307 0.189110 0.000000 1.000000
97.780876 162.352941 0.000000 0.074368 -0.319380 0.000000 1.000000
98.988048 162.352941 0.000000 -0.089872 -0.292473 0.000000 1.000000
100.195219 162.352941 0.000000 -0.476894 0.007958 0.000000 1.000000
101.402390 162.352941 0.000000 0.729524 0.824861 0.000000 1.000000
102.609562 162.352941 0.000000 -0.528035 -0.308507 0.000000 1.000000
103.816733 162.352941 0.000000 0.073226 -0.110074 0.000000 1.000000
105.023904 162.352941 0.000000 1.014392 1.150791 0.000000 1.000000
106.231076 162.352941 0.000000 -0.032390 -0.062862 0.000000 1.000000
107.438247 162.352941 0.000000 0.842719 -0.162748 0.000000 1.000000
108.645418 162.352941 0.000000 0.099000 -0.292762 0.000000 1.000000
109.852590 162.352941 0.000000 0.315389 0.200565 0.000000 1.000000
111.059761 162.352941 0.000000 -1.349697 -0.294809 0.000000 1.000000
112.266932 162.352941 0.000000 -0.116737 0.359859 0.000000 1.000000
113.474104 162.352941 0.000000 -1.088266 0.100259 0.000000 1.000000
114.681275 162.352941 0.000000 0.136542 -0.962903 0.000000 1.000000
115.888446 162.352941 0.000000 0.789564 -0.157442 0.000000 1.000000
117.095618 162.352941 0.000000 -0.820333 -0.057464 0.000000 1.000000
118.302789 162.352941 0.000000 -0.207157 0.713607 0.000000 1.000000
119.509960 162.352941 0.000000 -0.412768 -0.326180 0.000000 1.000000
120.717131 162.352941 0.000000 0.068864 -0.285216 0.000000 1.000000
121.924303 162.352941 0.000000 0.723310 -0.415433 0.000000 1.000000
123.131474 162.352941 0.000000 -0.258394 -0.231995 0.000000 1.000000
124.338645 162.352941 0.000000 0.359089 -0.037472 0.000000 1.000000
125.545817 162.352941 0.000000 -0.513443 -0.277530 0.000000 1.000000
126.752988 162.352941 0.000000 0.000889 0.400204 0.000000 1.000000
127.960159 162.352941 0.000000 -0.839046 1.174362 0.000000 1.000000
129.167331 162.352941 0.000000 0.461859 0.234207 0.000000 1.000000
130.374502 162.352941 0.000000 0.434060 -0.244026 0.000000 1.000000
131.581673 162.352941 0.000000 0.903428 0.296992 0.000000 1.000000
132.788845 162.352941 0.000000 -0.951709 0.418014 0.000000 1.000000
133.996016 162.352941 0.000000 -0.552678 0.460045 0.000000 1.000000
135.203187 162.352941 0.000000 -0.013729 0.644147 0.000000 1.000000
136.410359 162.352941 0.000000 0.310125 0.536673 0.000000 1.000000
137.617530 162.352941 0.000000 0.039496 -0.833294 0.000000 1.000000
138.824701 162.352941 0.000000 -0.106273 0.252982 0.000000 1.000000
140.031873 162.352941 0.000000 0.431369 0.509327 0.000000 1.000000
141.239044 162.352941 0.000000 -1.281891 0.103005 0.000000 1.000000
142.446215 162.352941 0.000000 0.725614 -0.323785 0.000000 1.000000
143.653386 162.352941 0.000000 -1.065232 -0.298977 0.000000 1.000000
144.860558 162.352941 0.000000 -0.140399 0.846771 0.000000 1.000000
146.067729 162.352941 0.000000 0.628178 -0.405361 0.000000 1.000000
147.274900 162.352941 0.000000 -0.666165 -0.518638 0.000000 1.000000
148.482072 162.352941 0.000000 0.947980 -0.113350 0.000000 1.000000
149.689243 162.352941 0.000000 0.174754 -0.026308 0.000000 1.000000
150.896414 162.352941 0.000000 1.694880 1.326068 0.000000 1.000000
152.103586 162.352941 0.000000 -0.196917 -0.620297 0.000000 1.000000
153.310757 162.352941 0.000000 -1.595827 0.497245 0.000000 1.000000
154.517928 162.352941 0.000000 0.418590 -0.246152 0.000000 1.000000
155.725100 162.352941 0.000000 -0.551107 0.626675 0.000000 1.000000
156.932271 162.352941 0.000000 1.044602 -0.909248 0.000000 1.000000
158.139442 162.352941 0.000000 0.404504 0.917883 0.000000 1.000000
159.346614 162.352941 0.000000 0.352291 0.207362 0.000000 1.000000
160.553785 162.352941 0.000000 -0.985673 0.671324 0.000000 1.000000
161.760956 162.352941 0.000000 -0.436687 0.511095 0.000000 1.000000
162.968127 162.352941 0.000000 -0.081630 1.431387 0.000000 1.000000
164.175299 162.352941 0.000000 -1.032332 0.148599 0.000000 1.000000
165.382470 162.352941 0.000000 1.213245 0.691850 0.000000 1.000000
166.589641 162.352941 0.000000 -0.321954 -0.471764 0.000000 1.000000
167.796813 162.352941 0.000000 0.037471 -0.066097 0.000000 1.000000
169.003984 162.352941 0.000000 0.351213 -0.772419 0.000000 1.000000
170.211155 162.352941 0.000000 0.710400 -0.208494 0.000000 1.000000
171.418327 162.352941 0.000000 0.086187 0.178573 0.000000 1.000000
172.625498 162.352941 0.000000 -0.235532 -0.735983 0.000000 1.000000
173.832669 162.352941 0.000000 0.515744 -1.357803 0.000000 1.000000
175.039841 162.352941 0.000000 1.007648 0.016249 0.000000 1.000000
176.247012 162.352941 0.000000 0.278203 -0.675283 0.000000 1.000000
177.454183 162.352941 0.000000 -0.856843 -0.623680 0.000000 1.000000
178.661355 162.352941 0.000000 1.273148 -0.099469 0.000000 1.000000
179.868526 162.352941 0.000000 0.308012 0.219437 0.000000 1.000000
181.075697 162.352941 0.000000 0.506027 0.612313 0.000000 1.000000
182.282869 162.352941 0.000000 0.408450 0.721854 0.000000 1.000000
183.490040 162.352941 0.000000 0.502907 0.417954 0.000000 1.000000
184.697211 162.352941 0.000000 0.110927 -0.409905 0.000000 1.000000
185.904382 162.352941 0.000000 0.115494 0.883346 0.000000 1.000000
187.111554 162.352941 0.000000 0.378282 0.812258 0.000000 1.000000
188.318725 162.352941 0.000000 -0.185675 0.851048 0.000000 1.000000
189.525896 162.352941 0.000000 -1.395540 0.251201 0.000000 1.000000
190.733068 162.352941 0.000000 -0.657118 -0.113771 0.000000 1.000000
191.940239 162.352941 0.000000 -0.748438 -0.593270 0.000000 1.000000
193.147410 162.352941 0.000000 0.552838 0.107091 0.000000 1.000000
194.354582 162.352941 0.000000 1.143997 0.280797 0.000000 1.000000
195.561753 162.352941 0.000000 -0.109054 0.952599 0.000000 1.000000
196.768924 162.352941 0.000000 0.509807 0.449010 0.000000 1.000000
197.976096 162.352941 0.000000 0.218474 -1.087746 0.000000 1.000000
199.183267 162.352941 0.000000 0.600424 -0.260945 0.000000 1.000000
200.390438 162.352941 0.000000 1.360242 0.251424 0.000000 1.000000
201.597610 162.352941 0.000000 0.070313 -0.464799 0.000000 1.000000
202.804781 162.352941 0.000000 1.659774 -0.352742 0.000000 1.000000
204.011952 162.352941 0.000000 0.380798 -0.191784 0.000000 1.000000
205.219124 162.352941 0.000000 -0.589492 -0.746798 0.000000 1.000000
206.426295 162.352941 0.000000 0.077365 -0.045998 0.000000 1.000000
207.633466 162.352941 0.000000 0.527542 -0.256007 0.000000 1.000000
208.840637 162.352941 0.000000 -1.060787 -1.280052 0.000000 1.000000
210.047809 162.352941 0.000000 -0.520507 0.628225 0.000000 1.000000
211.254980 162.352941 0.000000 0.948150 -0.122014 0.000000 1.000000
212.462151 162.352941 0.000000 -0.511488 0.110921 0.000000 1.000000
213.669323 162.352941 0.000000 0.612753 0.628221 0.000000 1.000000
214.876494 162.352941 0.000000 0.091880 -0.129998 0.000000 1.000000
216.083665 162.352941 0.000000 -0.305797 0.932462 0.000000 1.000000
217.290837 162.352941 0.000000 0.942157 -0.603353 0.000000 1.000000
218.498008 162.352941 0.000000 -0.286943 0.520245 0.000000 1.000000
219.705179 162.352941 0.000000 -1.085295 -0.941139 0.000000 1.000000
220.912351 162.352941 0.000000 0.840291 0.848471 0.000000 1.000000
222.119522 162.352941 0.000000 0.021418 -0.321735 0.000000 1.000000
223.326693 162.352941 0.000000 -0.325523 -0.489043 0.000000 1.000000
224.533865 162.352941 0.000000 -1.191946 -0.440149 0.000000 1.000000
225.741036 162.352941 0.000000 -0.345879 1.420334 0.000000 1.000000
226.948207 162.352941 0.000000 0.132436 0.133993 0.000000 1.000000
228.155378 162.352941 0.000000 0.726537 0.424429 0.000000 1.000000
229.362550 162.352941 0.000000 -0.912711 -0.336960 0.000000 1.000000
230.569721 162.352941 0.000000 0.495637 0.065343 0.000000 1.000000
231.776892 162.352941 0.000000 -1.115194 1.649357 0.000000 1.000000
232.984064 162.352941 0.000000 -1.037306 -0.410354 0.000000 1.000000
234.191235 162.352941 0.000000 2.290442 0.356426 0.000000 1.000000
235.398406 162.352941 0.000000 -0.915384 0.201106 0.000000 1.000000
236.605578 162.352941 0.000000 0.296845 0.257914 0.000000 1.000000
237.812749 162.352941 0.000000 0.182098 1.017962 0.000000 1.000000
239.019920 162.352941 0.000000 -0.173866 -1.118281 0.000000 1.000000
240.227092 162.352941 0.000000 -0.006146 1.574867 0.000000 1.000000
241.434263 162.352941 0.000000 0.073697 1.121130 0.000000 1.000000
242.641434 162.352941 0.000000 -0.097136 -0.072366 0.000000 1.000000
243.848606 162.352941 0.000000 0.352259 -0.830004 0.000000 1.000000
245.055777 162.352941 0.000000 1.514755 -0.416685 0.000000 1.000000
246.262948 162.352941 0.000000 0.201898 -0.930926 0.000000 1.000000
247.470120 162.352941 0.000000 -0.417486 1.129291 0.000000 1.000000
248.677291 162.352941 0.000000 -0.549011 -0.163870 0.000000 1.000000
249.884462 162.352941 0.000000 -1.026444 -0.535722 0.000000 1.000000
251.091633 162.352941 0.000000 0.484117 -0.835203 0.000000 1.000000
252.298805 162.352941 0.000000 -0.911807 0.423927 0.000000 1.000000
253.505976 162.352941 0.000000 -0.248056 -0.625019 0.000000 1.000000
254.713147 162.352941 0.000000 0.552255 0.788509 0.000000 1.000000
255.920319 162.352941 0.000000 -0.117901 -0.038206 0.000000 1.000000
257.127490 162.352941 0.000000 0.203248 0.085195 0.000000 1.000000
258.334661 162.352941 0.000000 -0.385088 0.678349 0.000000 1.000000
259.541833 162.352941 0.000000 0.122350 1.176096 0.000000 1.000000
260.749004 162.352941 0.000000 -1.033781 1.077743 0.000000 1.000000
261.956175 162.352941 0.000000 0.536403 0.302906 0.000000 1.000000
263.163347 162.352941 0.000000 -0.294160 0.102043 0.000000 1.000000
264.370518 162.352941 0.000000 0.178044 1.023333 0.000000 1.000000
265.577689 162.352941 0.000000 0.853594 0.390563 0.000000 1.000000
266.784861 162.352941 0.000000 -0.368337 -0.129753 0.000000 1.000000
267.992032 162.352941 0.000000 0.026631 0.135867 0.000000 1.000000
269.199203 162.352941 0.000000 -0.153419 0.787243 0.000000 1.000000
270.406375 162.352941 0.000000 -0.783914 0.575395 0.000000 1.000000
271.613546 162.352941 0.000000 -0.875631 -1.065485 0.000000 1.000000
272.820717 162.352941 0.000000 -0.170175 0.568708 0.000000 1.000000
274.027888 162.352941 0.000000 0.123835 -0.827379 0.000000 1.000000
275.235060 162.352941 0.000000 0.525802 -0.342203 0.000000 1.000000
276.442231 162.352941 0.000000 0.068029 -0.072661 0.000000 1.000000
277.649402 162.352941 0.000000 -0.090439 0.436624 0.000000 1.000000
278.856574 162.352941 0.000000 -0.058197 -1.524964 0.000000 1.000000
280.063745 162.352941 0.000000 0.274545 0.526695 0.000000 1.000000
281.270916 162.352941 0.000000 0.179626 -0.000088 0.000000 1.000000
282.478088 162.352941 0.000000 0.973783 0.530199 0.000000 1.000000
283.685259 162.352941 0.000000 -0.401352 1.049368 0.000000 1.000000
284.892430 162.352941 0.000000 -0.923263 1.408988 0.000000 1.000000
286.099602 162.352941 0.000000 -0.271782 0.196117 0.000000 1.000000
287.306773 162.352941 0.000000 -0.601385 -0.138147 0.000000 1.000000
288.513944 162.352941 0.000000 -0.351919 1.731108 0.000000 1.000000
289.721116 162.352941 0.000000 0.626169 -0.309175 0.000000 1.000000
290.928287 162.352941 0.000000 0.458383 -0.791350 0.000000 1.000000
292.135458 162.352941 0.000000 -0.304856 0.284709 0.000000 1.000000
293.342629 162.352941 0.000000 0.396437 0.661110 0.000000 1.000000
294.549801 162.352941 0.000000 0.081256 1.191416 0.000000 1.000000
295.756972 162.352941 0.000000 0.069662 0.383165 0.000000 1.000000
296.964143 162.352941 0.000000 0.294564 -1.024777 0.000000 1.000000
298.171315 162.352941 0.000000 -0.114635 0.426910 0.000000 1.000000
299.378486 162.352941 0.000000 0.050565 0.283622 0.000000 1.000000
300.585657 162.352941 0.000000 -1.017228 -1.235210 0.000000 1.000000
301.792829 162.352941 0.000000 0.447817 0.531462 0.000000 1.000000
1.207171 165.882353 0.000000 0.136719 0.035369 0.000000 1.000000
2.414343 165.882353 0.000000 0.454085 -0.855534 0.000000 1.000000
3.621514 165.882353 0.000000 -1.196116 0.954833 0.000000 1.000000
4.828685 165.882353 0.000000 -0.351915 -0.895957 0.000000 1.000000
6.035857 165.882353 0.000000 -0.302833 0.108543 0.000000 1.000000
7.243028 165.882353 0.000000 -0.116887 0.390982 0.000000 1.000000
8.450199 165.882353 0.000000 0.240606 0.281511 0.000000 1.000000
9.657371 165.882353 0.000000 -0.232635 0.679408 0.000000 1.000000
10.864542 165.882353 0.000000 -1.169993 -0.318150 0.000000 1.000000
12.071713 165.882353 0.000000 0.551768 -0.379844 0.000000 1.000000
13.278884 165.882353 0.000000 0.025222 0.433884 0.000000 1.000000
14.486056 165.882353 0.000000 -0.800336 0.529979 0.000000 1.000000
15.693227 165.882353 0.000000 -2.131779 0.334309 0.000000 1.000000
16.900398 165.882353 0.000000 0.499499 0.010084 0.000000 1.000000
18.107570 165.882353 0.000000 0.464278 0.466245 0.000000 1.000000
19.314741 165.882353 0.000000 0.481651 0.095976 0.000000 1.000000
20.521912 165.882353 0.000000 0.498081 -0.801925 0.000000 1.000000
21.729084 165.882353 0.000000 -0.600074 -0.005902 0.000000 1.000000
22.936255 165.882353 0.000000 0.247431 -1.294190 0.000000 1.000000
24.143426 165.882353 0.000000 0.404083 0.013822 0.000000 1.000000
25.350598 165.882353 0.000000 -0.918362 0.514413 0.000000 1.000000
26.557769 165.882353 0.000000 0.883357 0.274000 0.000000 1.000000
27.764940 165.882353 0.000000 -0.304114 -0.386994 0.000000 1.000000
28.972112 165.882353 0.000000 -0.601567 -0.562936 0.000000 1.000000
30.179283 165.882353 0.000000 -0.959349 0.071728 0.000000 1.000000
31.386454 165.882353 0.000000 1.018763 0.007721 0.000000 1.000000
32.593625 165.882353 0.000000 0.376836 0.848584 0.000000 1.000000
33.800797 165.882353 0.000000 -0.176521 0.266038 0.000000 1.000000
35.007968 165.882353 0.000000 0.823448 1.073634 0.000000 1.000000
36.215139 165.882353 0.000000 -0.803699 0.782118 0.000000 1.000000
37.422311 165.882353 0.000000 -0.158562 0.802419 0.000000 1.000000
38.629482 165.882353 0.000000 -0.675650 -0.065560 0.000000 1.000000
39.836653 165.882353 0.000000 0.596813 -0.120072 0.000000 1.000000
41.043825 165.882353 0.000000 -0.133847 -0.926449 0.000000 1.000000
42.250996 165.882353 0.000000 -1.092207 -1.052277 0.000000 1.000000
43.458167 165.882353 0.000000 0.083493 0.568413 0.000000 1.000000
44.665339 165.882353 0.000000 0.210557 -1.125138 0.000000 1.000000
45.872510 165.882353 0.000000 0.379191 -0.059706 0.000000 1.000000
47.079681 165.882353 0.000000 0.177619 1.796838 0.000000 1.000000
48.286853 165.882353 0.000000 -0.464227 -0.651480 0.000000 1.000000
49.494024 165.882353 0.000000 0.755181 -0.445621 0.000000 1.000000
50.701195 165.882353 0.000000 0.564204 0.284285 0.000000 1.000000
51.908367 165.882353 0.000000 -0.283901 1.109669 0.000000 1.000000
53.115538 165.882353 0.000000 0.401403 -0.657746 0.000000 1.000000
54.322709 165.882353 0.000000 0.071288 -0.352948 0.000000 1.000000
55.529880 165.882353 0.000000 -0.337260 1.135108 0.000000 1.000000
56.737052 165.882353 0.000000 0.325555 0.914524 0.000000 1.000000
57.944223 165.882353 0.000000 1.354351 -0.836386 0.000000 1.000000
59.151394 165.882353 0.000000 -0.920050 -1.680356 0.000000 1.000000
60.358566 165.882353 0.000000 -0.664758 0.317886 0.000000 1.000000
61.565737 165.882353 0.000000 -0.221039 0.101743 0.000000 1.000000
62.772908 165.882353 0.000000 0.353819 0.709489 0.000000 1.000000
63.980080 165.882353 0.000000 0.584791 -0.451597 0.000000 1.000000
65.187251 165.882353 0.000000 0.874530 0.869662 0.000000 1.000000
66.394422 165.882353 0.000000 0.160639 0.248665 0.000000 1.000000
67.601594 165.882353 0.000000 -0.191612 -0.597754 0.000000 1.000000
68.808765 165.882353 0.000000 -0.691138 -0.217702 0.000000 1.000000
70.015936 165.882353 0.000000 1.009465 0.502515 0.000000 1.000000
71.223108 165.882353 0.000000 0.349626 0.132774 0.000000 1.000000
72.430279 165.882353 0.000000 0.314934 0.141076 0.000000 1.000000
73.637450 165.882353 0.000000 -0.882222 0.114599 0.000000 1.000000
74.844622 165.882353 0.000000 0.139650 -0.074232 0.000000 1.000000
76.051793 165.882353 0.000000 -0.555118 -0.590299 0.000000 1.000000
77.258964 165.882353 0.000000 -0.574422 0.275392 0.000000 1.000000
78.466135 165.882353 0.000000 0.309560 0.348232 0.000000 1.000000
79.673307 165.882353 0.000000 -0.877277 0.070220 0.000000 1.000000
80.880478 165.882353 0.000000 -0.234330 -0.145380 0.000000 1.000000
82.087649 165.882353 0.000000 0.844842 0.991215 0.000000 1.000000
83.294821 165.882353 0.000000 -0.575726 -0.066502 0.000000 1.000000
84.501992 165.882353 0.000000 -0.729226 -0.063436 0.000000 1.000000
85.709163 165.882353 0.000000 0.250985 -0.161446 0.000000 1.000000
86.916335 165.882353 0.000000 -0.091680 0.390498 0.000000 1.000000
88.123506 165.882353 0.000000 -0.056092 0.131286 0.000000 1.000000
89.330677 165.882353 0.000000 1.151760 0.206193 0.000000 1.000000
90.537849 165.882353 0.000000 -0.613959 0.178834 0.000000 1.000000
91.745020 165.882353 0.000000 0.769869 -0.505703 0.000000 1.000000
92.952191 165.882353 0.000000 -1.501038 -0.369490 0.000000 1.000000
94.159363 165.882353 0.000000 0.313974 0.418734 0.000000 1.000000
95.366534 165.882353 0.000000 -0.157046 -0.461127 0.000000 1.000000
96.573705 165.882353 0.000000 -0.039775 0.643307 0.000000 1.000000
97.780876 165.882353 0.000000 -0.453622 -0.707005 0.000000 1.000000
98.988048 165.882353 0.000000 -0.710669 0.660699 0.000000 1.000000
100.195219 165.882353 0.000000 0.563851 0.571727 0.000000 1.000000
101.402390 165.882353 0.000000 1.090038 -0.253237 0.000000 1.000000
102.609562 165.882353 0.000000 0.826148 0.621460 0.000000 1.000000
103.816733 165.882353 0.000000 0.319905 1.017411 0.000000 1.000000
105.023904 165.882353 0.000000 -0.784520 0.473454 0.000000 1.000000
106.231076 165.882353 0.000000 0.476797 -0.440309 0.000000 1.000000
107.438247 165.882353 0.000000 0.212208 0.829210 0.000000 1.000000
108.645418 165.882353 0.000000 0.310659 0.076976 0.000000 1.000000
109.852590 165.882353 0.000000 -0.222302 1.407717 0.000000 1.000000
111.059761 165.882353 0.000000 0.502979 -1.178255 0.000000 1.000000
112.266932 165.882353 0.000000 0.385439 0.634605 0.000000 1.000000
113.474104 165.882353 0.000000 -0.200082 0.718492 0.000000 1.000000
114.681275 165.882353 0.000000 0.962053 -1.086163 0.000000 1.000000
115.888446 165.882353 0.000000 0.468627 -0.495552 0.000000 1.000000
117.095618 165.882353 0.000000 0.279045 -0.774289 0.000000 1.000000
118.302789 165.882353 0.000000 0.615283 -0.030937 0.000000 1.000000
119.509960 165.882353 0.000000 -1.021800 1.488873 0.000000 1.000000
120.717131 165.882353 0.000000 0.690318 -0.446326 0.000000 1.000000
121.924303 165.882353 0.000000 0.534245 -0.917007 0.000000 1.000000
123.131474 165.882353 0.000000 -0.462201 1.080111 0.000000 1.000000
124.338645 165.882353 0.000000 -1.472196 -1.280152 0.000000 1.000000
125.545817 165.882353 0.000000 -0.049134 0.755926 0.000000 1.000000
126.752988 165.882353 0.000000 -0.201470 0.711766 0.000000 1.000000
127.960159 165.882353 0.000000 0.662162 1.109793 0.000000 1.000000
129.167331 165.882353 0.000000 -0.980296 -0.526345 0.000000 1.000000
130.374502 165.882353 0.000000 0.071323 -0.135011 0.000000 1.000000
131.581673 165.882353 0.000000 -0.321634 0.207586 0.000000 1.000000
132.788845 165.882353 0.000000 0.729342 0.021185 0.000000 1.000000
133.996016 165.882353 0.000000 0.627941 0.660364 0.000000 1.000000
135.203187 165.882353 0.000000 -0.406697 0.767896 0.000000 1.000000
136.410359 165.882353 0.000000 -0.171815 0.289446 0.000000 1.000000
137.617530 165.882353 0.000000 0.098046 -0.220134 0.000000 1.000000
138.824701 165.882353 0.000000 -0.324348 0.168140 0.000000 1.000000
140.031873 165.882353 0.000000 -0.696025 0.233620 0.000000 1.000000
141.239044 165.882353 0.000000 -0.952909 0.041298 0.000000 1.000000
142.446215 165.882353 0.000000 0.071918 0.610809 0.000000 1.000000
143.653386 165.882353 0.000000 0.754947 0.098557 0.000000 1.000000
144.860558 165.882353 0.000000 0.093841 -0.542810 0.000000 1.000000
146.067729 165.882353 0.000000 1.017597 -0.994006 0.000000 1.000000
147.274900 165.882353 0.000000 0.829770 0.404112 0.000000 1.000000
148.482072 165.882353 0.000000 -0.450547 1.346346 0.000000 1.000000
149.689243 165.882353 0.000000 -0.841392 -1.272633 0.000000 1.000000
150.896414 165.882353 0.000000 0.486301 1.139766 0.000000 1.000000
152.103586 165.882353 0.000000 -0.219022 0.789680 0.000000 1.000000
153.310757 165.882353 0.000000 -1.326512 -0.437326 0.000000 1.000000
154.517928 165.882353 0.000000 1.005346 -0.441311 0.000000 1.000000
155.725100 165.882353 0.000000 -0.010341 -0.084048 0.000000 1.000000
156.932271 165.882353 0.000000 1.604415 -1.013930 0.000000 1.000000
158.139442 165.882353 0.000000 -0.133439 -0.783457 0.000000 1.000000
159.346614 165.882353 0.000000 0.489922 -0.482285 0.000000 1.000000
160.553785 165.882353 0.000000 0.384960 -0.448029 0.000000 1.000000
161.760956 165.882353 0.000000 -0.439115 -0.654914 0.000000 1.000000
162.968127 165.882353 0.000000 0.293943 0.975552 0.000000 1.000000
164.175299 165.882353 0.000000 -0.308434 -0.063644 0.000000 1.000000
165.382470 165.882353 0.000000 -1.022077 0.306843 0.000000 1.000000
166.589641 165.882353 0.000000 1.936340 -0.677632 0.000000 1.000000
167.796813 165.882353 0.000000 0.325588 0.409440 0.000000 1.000000
169.003984 165.882353 0.000000 -1.078007 0.384729 0.000000 1.000000
170.211155 165.882353 0.000000 0.133356 0.194146 0.000000 1.000000
171.418327 165.882353 0.000000 -1.005133 -0.458280 0.000000 1.000000
172.625498 165.882353 0.000000 -0.457779 1.022044 0.000000 1.000000
173.832669 165.882353 0.000000 -0.564495 0.433757 0.000000 1.000000
175.039841 165.882353 0.000000 -0.014109 -0.113332 0.000000 1.000000
176.247012 165.882353 0.000000 0.324861 0.937308 0.000000 1.000000
177.454183 165.882353 0.000000 -0.655578 -1.213462 0.000000 1.000000
178.661355 165.882353 0.000000 0.270585 -1.261229 0.000000 1.000000
179.868526 165.882353 0.000000 -0.059417 0.023979 0.000000 1.000000
181.075697 165.882353 0.000000 0.351412 0.152994 0.000000 1.000000
182.282869 165.882353 0.000000 0.109726 -0.395635 0.000000 1.000000
183.490040 165.882353 0.000000 0.590129 -1.226230 0.000000 1.000000
184.697211 165.882353 0.000000 0.875042 -0.717349 0.000000 1.000000
185.904382 165.882353 0.000000 -0.831654 -0.099859 0.000000 1.000000
187.111554 165.882353 0.000000 -0.081262 0.690211 0.000000 1.000000
188.318725 165.882353 0.000000 -0.036304 1.822711 0.000000 1.000000
189.525896 165.882353 0.000000 -0.461346 -0.133574 0.000000 1.000000
190.733068 165.882353 0.000000 0.012378 -0.746769 0.000000 1.000000
191.940239 165.882353 0.000000 -0.884059 0.273326 0.000000 1.000000
193.147410 165.882353 0.000000 1.235896 0.173962 0.000000 1.000000
194.354582 165.882353 0.000000 0.975477 1.677874 0.000000 1.000000
195.561753 165.882353 0.000000 -0.698532 -0.185941 0.000000 1.000000
196.768924 165.882353 0.000000 -0.165714 -1.000044 0.000000 1.000000
197.976096 165.882353 0.000000 -0.225558 -0.660654 0.000000 1.000000
199.183267 165.882353 0.000000 0.603151 -0.816484 0.000000 1.000000
200.390438 165.882353 0.000000 -0.032068 1.573186 0.000000 1.000000
201.597610 165.882353 0.000000 1.118166 -0.923121 0.000000 1.000000
202.804781 165.882353 0.000000 -0.126890 -0.096665 0.000000 1.000000
204.011952 165.882353 0.000000 1.571458 -0.150361 0.000000 1.000000
205.219124 165.882353 0.000000 -0.209900 1.095446 0.000000 1.000000
206.426295 165.882353 0.000000 1.345061 0.450434 0.000000 1.000000
207.633466 165.882353 0.000000 0.601054 0.775652 0.000000 1.000000
208.840637 165.882353 0.000000 0.026372 -0.317794 0.000000 1.000000
210.047809 165.882353 0.000000 -0.453405 -0.197903 0.000000 1.000000
211.254980 165.882353 0.000000 0.978346 0.311971 0.000000 1.000000
212.462151 165.882353 0.000000 0.022929 -0.024761 0.000000 1.000000
213.669323 165.882353 0.000000 0.493209 0.393949 0.000000 1.000000
214.876494 165.882353 0.000000 -0.623869 0.500466 0.000000 1.000000
216.083665 165.882353 0.000000 0.200424 -0.851632 0.000000 1.000000
217.290837 165.882353 0.000000 -0.403092 -1.040118 0.000000 1.000000
218.498008 165.882353 0.000000 1.347556 0.528344 0.000000 1.000000
219.705179 165.882353 0.000000 0.178366 0.837268 0.000000 1.000000
220.912351 165.882353 0.000000 -1.007840 -0.066140 0.000000 1.000000
222.119522 165.882353 0.000000 -0.026356 -0.194429 0.000000 1.000000
223.326693 165.882353 0.000000 -0.009189 0.260023 0.000000 1.000000
224.533865 165.882353 0.000000 -0.112348 0.546636 0.000000 1.000000
225.741036 165.882353 0.000000 0.663636 0.276304 0.000000 1.000000
226.948207 165.882353 0.000000 0.505465 -0.404900 0.000000 1.000000
228.155378 165.882353 0.000000 -0.515965 -1.241506 0.000000 1.000000
229.362550 165.882353 0.000000 0.363375 0.929207 0.000000 1.000000
230.569721 165.882353 0.000000 0.678228 0.507557 0.000000 1.000000
231.776892 165.882353 0.000000 0.124192 0.591153 0.000000 1.000000
232.984064 165.882353 0.000000 -0.356431 0.754656 0.000000 1.000000
234.191235 165.882353 0.000000 0.322629 0.929972 0.000000 1.000000
235.398406 165.882353 0.000000 1.592967 0.115106 0.000000 1.000000
236.605578 165.882353 0.000000 -0.615493 -0.068777 0.000000 1.000000
237.812749 165.882353 0.000000 -0.068195 0.329068 0.000000 1.000000
239.019920 165.882353 0.000000 0.417690 -0.657032 0.000000 1.000000
240.227092 165.882353 0.000000 -0.024183 0.302861 0.000000 1.000000
241.434263 165.882353 0.000000 0.174284 -0.091535 0.000000 1.000000
242.641434 165.882353 0.000000 0.955489 -0.810742 0.000000 1.000000
243.848606 165.882353 0.000000 -0.397517 -0.606426 0.000000 1.000000
245.055777 165.882353 0.000000 -0.854603 -0.679416 0.000000 1.000000
246.262948 165.882353 0.000000 -0.291309 -0.384655 0.000000 1.000000
247.470120 165.882353 0.000000 -0.226385 -0.727631 0.000000 1.000000
248.677291 165.882353 0.000000 0.667061 0.523772 0.000000 1.000000
249.884462 165.882353 0.000000 -1.527941 1.270203 0.000000 1.000000
251.091633 165.882353 0.000000 -0.736828 -0.086127 0.000000 1.000000
252.298805 165.882353 0.000000 0.791219 0.463926 0.000000 1.000000
253.505976 165.882353 0.000000 0.322602 -0.623896 0.000000 1.000000
254.713147 165.882353 0.000000 -0.714663 0.900613 0.000000 1.000000
255.920319 165.882353 0.000000 -1.035356 -0.144935 0.000000 1.000000
257.127490 165.882353 0.000000 0.139510 0.214429 0.000000 1.000000
258.334661 165.882353 0.000000 0.770228 -0.828315 0.000000 1.000000
259.541833 165.882353 0.000000 0.419849 -0.483116 0.000000 1.000000
260.749004 165.882353 0.000000 0.477539 -0.068785 0.000000 1.000000
261.956175 165.882353 0.000000 0.245641 0.611257 0.000000 1.000000
263.163347 165.882353 0.000000 -0.913818 -0.234628 0.000000 1.000000
264.370518 165.882353 0.000000 -0.671886 0.352868 0.000000 1.000000
265.577689 165.882353 0.000000 0.399066 0.543949 0.000000 1.000000
266.784861 165.882353 0.000000 -0.345704 0.387478 0.000000 1.000000
267.992032 165.882353 0.000000 0.016079 1.027588 0.000000 1.000000
269.199203 165.882353 0.000000 0.107794 -0.842127 0.000000 1.000000
270.406375 165.882353 0.000000 -0.141540 0.680759 0.000000 1.000000
271.613546 165.882353 0.000000 -0.169880 -0.270578 0.000000 1.000000
272.820717 165.882353 0.000000 0.909276 -0.620165 0.000000 1.000000
274.027888 165.882353 0.000000 -0.107665 0.175542 0.000000 1.000000
275.235060 165.882353 0.000000 -0.368658 -0.805263 0.000000 1.000000
276.442231 165.882353 0.000000 -0.082907 0.734204 0.000000 1.000000
277.649402 165.882353 0.000000 -0.920249 -0.291974 0.000000 1.000000
278.856574 165.882353 0.000000 0.338203 1.248159 0.000000 1.000000
280.063745 165.882353 0.000000 0.012900 -0.084884 0.000000 1.000000
281.270916 165.882353 0.000000 0.155073 -0.632239 0.000000 1.000000
282.478088 165.882353 0.000000 0.724696 1.099702 0.000000 1.000000
283.685259 165.882353 0.000000 0.512080 1.062043 0.000000 1.000000
284.892430 165.882353 0.000000 -0.820415 0.380415 0.000000 1.000000
286.099602 165.882353 0.000000 -0.326586 -0.439094 0.000000 1.000000
287.306773 165.882353 0.000000 0.616362 0.282995 0.000000 1.000000
288.513944 165.882353 0.000000 -0.018283 -0.256209 0.000000 1.000000
289.721116 165.882353 0.000000 -0.613580 1.299021 0.000000 1.000000
290.928287 165.882353 0.000000 -0.410743 0.428135 0.000000 1.000000
292.135458 165.882353 0.000000 0.409099 0.318347 0.000000 1.000000
293.342629 165.882353 0.000000 0.262697 -0.753975 0.000000 1.000000
294.549801 165.882353 0.000000 0.573899 1.456862 0.000000 1.000000
295.756972 165.882353 0.000000 -0.889697 -0.205271 0.000000 1.000000
296.964143 165.882353 0.000000 -1.451093 0.253336 0.000000 1.000000
298.171315 165.882353 0.000000 0.553047 -0.849488 0.000000 1.000000
299.378486 165.882353 0.000000 0.048642 -0.506372 0.000000 1.000000
300.585657 165.882353 0.000000 0.902163 -1.028833 0.000000 1.000000
301.792829 165.882353 0.000000 1.194179 -0.392529 0.000000 1.000000
1.207171 169.411765 0.000000 -1.559290 0.300609 0.000000 1.000000
2.414343 169.411765 0.000000 0.333591 -0.113701 0.000000 1.000000
3.621514 169.411765 0.000000 0.603385 -0.580936 0.000000 1.000000
4.828685 169.411765 0.000000 0.235421 0.280311 0.000000 1.000000
6.035857 169.411765 0.000000 -0.113269 -1.027327 0.000000 1.000000
7.243028 169.411765 0.000000 0.413915 -0.228041 0.000000 1.000000
8.450199 169.411765 0.000000 0.047185 -0.252842 0.000000 1.000000
9.657371 169.411765 0.000000 -0.275693 0.098383 0.000000 1.000000
10.864542 169.411765 0.000000 1.187152 0.582619 0.000000 1.000000
12.071713 169.411765 0.000000 -0.120393 -0.564264 0.000000 1.000000
13.278884 169.411765 0.000000 0.368429 0.988667 0.000000 1.000000
14.486056 169.411765 0.000000 -1.477717 0.098096 0.000000 1.000000
15.693227 169.411765 0.000000 0.638160 -0.151112 0.000000 1.000000
16.900398 169.411765 0.000000 -0.746647 -1.159608 0.000000 1.000000
18.107570 169.411765 0.000000 -0.275888 -0.724198 0.000000 1.000000
19.314741 169.411765 0.000000 -1.168891 0.220081 0.000000 1.000000
20.521912 169.411765 0.000000 0.624264 -1.073624 0.000000 1.000000
21.729084 169.411765 0.000000 1.355734 -0.948537 0.000000 1.000000
22.936255 169.411765 0.000000 -0.409701 -0.845766 0.000000 1.000000
24.143426 169.411765 0.000000 -0.678706 0.103106 0.000000 1.000000
25.350598 169.411765 0.000000 -0.189167 -0.736513 0.000000 1.000000
26.557769 169.411765 0.000000 0.097996 -0.716503 0.000000 1.000000
27.764940 169.411765 0.000000 -0.569549 0.158875 0.000000 1.000000
28.972112 169.411765 0.000000 -0.886242 -0.712963 0.000000 1.000000
30.179283 169.411765 0.000000 -0.998524 0.960240 0.000000 1.000000
31.386454 169.411765 0.000000 0.417463 1.149900 0.000000 1.000000
32.593625 169.411765 0.000000 0.971625 0.093045 0.000000 1.000000
33.800797 169.411765 0.000000 -0.281141 0.306423 0.000000 1.000000
35.007968 169.411765 0.000000 0.257844 -0.519271 0.000000 1.000000
36.215139 169.411765 0.000000 0.683020 0.803996 0.000000 1.000000
37.422311 169.411765 0.000000 -0.278812 -0.618558 0.000000 1.000000
38.629482 169.411765 0.000000 0.187007 -0.976787 0.000000 1.000000
39.836653 169.411765 0.000000 0.432109 -0.124708 0.000000 1.000000
41.043825 169.411765 0.000000 0.487352 -0.798152 0.000000 1.000000
42.250996 169.411765 0.000000 0.033615 -0.533114 0.000000 1.000000
43.458167 169.411765 0.000000 -0.082782 -0.086620 0.000000 1.000000
44.665339 169.411765 0.000000 1.077062 0.139245 0.000000 1.000000
45.872510 169.411765 0.000000 -0.523387 0.066472 0.000000 1.000000
47.079681 169.411765 0.000000 0.330482 0.102179 0.000000 1.000000
48.286853 169.411765 0.000000 -1.010863 0.039997 0.000000 1.000000
49.494024 169.411765 0.000000 1.162501 1.010541 0.000000 1.000000
50.701195 169.411765 0.000000 -0.555665 1.023603 0.000000 1.000000
51.908367 169.411765 0.000000 0.220053 0.146729 0.000000 1.000000
53.115538 169.411765 0.000000 -0.396805 -1.504009 0.000000 1.000000
54.322709 169.411765 0.000000 -0.154687 0.080544 0.000000 1.000000
55.529880 169.411765 0.000000 0.700828 0.140635 0.000000 1.000000
56.737052 169.411765 0.000000 -1.044755 -0.422971 0.000000 1.000000
57.944223 169.411765 0.000000 -0.662138 -1.198980 0.000000 1.000000
59.151394 169.411765 0.000000 0.804646 -0.518246 0.000000 1.000000
60.358566 169.411765 0.000000 1.035667 -1.202952 0.000000 1.000000
61.565737 169.411765 0.000000 0.178747 0.587465 0.000000 1.000000
62.772908 169.411765 0.000000 -1.117502 -0.058868 0.000000 1.000000
63.980080 169.411765 0.000000 -0.942725 1.160867 0.000000 1.000000
65.187251 169.411765 0.000000 -0.273452 -0.204205 0.000000 1.000000
66.394422 169.411765 0.000000 -0.722497 -0.347810 0.000000 1.000000
67.601594 169.411765 0.000000 0.452385 0.287023 0.000000 1.000000
68.808765 169.411765 0.000000 0.070851 1.498069 0.000000 1.000000
70.015936 169.411765 0.000000 -0.730042 -0.030052 0.000000 1.000000
71.223108 169.411765 0.000000 -0.925476 -1.035990 0.000000 1.000000
72.430279 169.411765 0.000000 -0.227094 -0.477839 0.000000 1.000000
73.637450 169.411765 0.000000 0.806894 1.194772 0.000000 1.000000
74.844622 169.411765 0.000000 1.927365 1.245592 0.000000 1.000000
76.051793 169.411765 0.000000 -0.386598 0.007008 0.000000 1.000000
77.258964 169.411765 0.000000 -0.408082 -0.625303 0.000000 1.000000
78.466135 169.411765 0.000000 0.518225 0.674073 0.000000 1.000000
79.673307 169.411765 0.000000 -0.326134 0.811614 0.000000 1.000000
80.880478 169.411765 0.000000 -0.129411 1.471447 0.000000 1.000000
82.087649 169.411765 0.000000 1.721942 -1.229875 0.000000 1.000000
83.294821 169.411765 0.000000 -0.371267 -0.000960 0.000000 1.000000
84.501992 169.411765 0.000000 1.289869 0.015710 0.000000 1.000000
85.709163 169.411765 0.000000 -0.429721 -1.074276 0.000000 1.000000
86.916335 169.411765 0.000000 -0.079706 -0.126795 0.000000 1.000000
88.123506 169.411765 0.000000 -0.175228 0.137103 0.000000 1.000000
89.330677 169.411765 0.000000 -0.391497 1.098403 0.000000 1.000000
90.537849 169.411765 0.000000 0.153618 -0.606650 0.000000 1.000000
91.745020 169.411765 0.000000 -0.767196 -0.486920 0.000000 1.000000
92.952191 169.411765 0.000000 -0.254102 0.406116 0.000000 1.000000
94.159363 169.411765 0.000000 0.900181 1.129384 0.000000 1.000000
95.366534 169.411765 0.000000 -0.833662 0.594796 0.000000 1.000000
96.573705 169.411765 0.000000 -0.185880 -1.447164 0.000000 1.000000
97.780876 169.411765 0.000000 -0.156571 -0.448690 0.000000 1.000000
98.988048 169.411765 0.000000 0.146992 1.500164 0.000000 1.000000
100.195219 169.411765 0.000000 0.871115 -1.287570 0.000000 1.000000
101.402390 169.411765 0.000000 -0.821205 0.751953 0.000000 1.000000
102.609562 169.411765 0.000000 0.234449 -0.416537 0.000000 1.000000
103.816733 169.411765 0.000000 1.536006 0.118966 0.000000 1.000000
105.023904 169.411765 0.000000 0.183317 0.063094 0.000000 1.000000
106.231076 169.411765 0.000000 1.240270 0.418549 0.000000 1.000000
107.438247 169.411765 0.000000 -0.222127 -0.143573 0.000000 1.000000
108.645418 169.411765 0.000000 -0.326424 0.115696 0.000000 1.000000
109.852590 169.411765 0.000000 1.679083 0.032002 0.000000 1.000000
111.059761 169.411765 0.000000 0.527423 -0.698346 0.000000 1.000000
112.266932 169.411765 0.000000 0.830419 0.235066 0.000000 1.000000
113.474104 169.411765 0.000000 0.508547 -0.062000 0.000000 1.000000
114.681275 169.411765 0.000000 -0.180338 -0.547962 0.000000 1.000000
115.888446 169.411765 0.000000 -0.743550 1.249304 0.000000 1.000000
117.095618 169.411765 0.000000 -0.360230 -0.267403 0.000000 1.000000
118.302789 169.411765 0.000000 -0.403567 -0.905115 0.000000 1.000000
119.509960 169.411765 0.000000 0.199397 1.585136 0.000000 1.000000
120.717131 169.411765 0.000000 -0.272109 -0.969602 0.000000 1.000000
121.924303 169.411765 0.000000 -0.264502 0.145924 0.000000 1.000000
123.131474 169.411765 0.000000 0.089699 -0.707343 0.000000 1.000000
124.338645 169.411765 0.000000 -0.992080 -0.219248 0.000000 1.000000
125.545817 169.411765 0.000000 -1.287082 -0.101420 0.000000 1.000000
126.752988 169.411765 0.000000 0.243785 0.290910 0.000000 1.000000
127.960159 169.411765 0.000000 -0.566100 -0.648711 0.000000 1.000000
129.167331 169.411765 0.000000 -1.184378 1.650485 0.000000 1.000000
130.374502 169.411765 0.000000 0.041245 -0.604965 0.000000 1.000000
131.581673 169.411765 0.000000 -1.057389 0.273971 0.000000 1.000000
132.788845 169.411765 0.000000 -0.032009 0.776494 0.000000 1.000000
133.996016 169.411765 0.000000 0.652832 0.009895 0.000000 1.000000
135.203187 169.411765 0.000000 -0.055942 -0.276435 0.000000 1.000000
136.410359 169.411765 0.000000 1.169750 -2.191865 0.000000 1.000000
137.617530 169.411765 0.000000 0.637622 0.142761 0.000000 1.000000
138.824701 169.411765 0.000000 -0.466134 -0.151913 0.000000 1.000000
140.031873 169.411765 0.000000 0.098044 -0.525768 0.000000 1.000000
141.239044 169.411765 0.000000 0.486823 -0.579429 0.000000 1.000000
142.446215 169.411765 0.000000 0.870934 -0.416368 0.000000 1.000000
143.653386 169.411765 0.000000 -0.430353 -0.402866 0.000000 1.000000
144.860558 169.411765 0.000000 0.577491 0.688662 0.000000 1.000000
146.067729 169.411765 0.000000 1.168299 -0.097935 0.000000 1.000000
147.274900 169.411765 0.000000 0.471958 0.564968 0.000000 1.000000
148.482072 169.411765 0.000000 0.277958 2.557044 0.000000 1.000000
149.689243 169.411765 0.000000 -0.069245 -0.665239 0.000000 1.000000
150.896414 169.411765 0.000000 1.122799 0.199878 0.000000 1.000000
152.103586 169.411765 0.000000 -0.676474 0.450673 0.000000 1.000000
153.310757 169.411765 0.000000 -1.407717 0.181872 0.000000 1.000000
154.517928 169.411765 0.000000 -0.806192 -0.051540 0.000000 1.000000
155.725100 169.411765 0.000000 0.249607 -0.272583 0.000000 1.000000
156.932271 169.411765 0.000000 -1.266046 -0.253276 0.000000 1.000000
158.139442 169.411765 0.000000 0.335073 1.576460 0.000000 1.000000
159.346614 169.411765 0.000000 -0.787688 0.350348 0.000000 1.000000
160.553785 169.411765 0.000000 -0.339687 -0.577593 0.000000 1.000000
161.760956 169.411765 0.000000 0.877947 0.534896 0.000000 1.000000
162.968127 169.411765 0.000000 0.894943 -0.855844 0.000000 1.000000
164.175299 169.411765 0.000000 0.847970 1.358898 0.000000 1.000000
165.382470 169.411765 0.000000 0.195677 0.361433 0.000000 1.000000
166.589641 169.411765 0.000000 -0.673846 0.337060 0.000000 1.000000
167.796813 169.411765 0.000000 -1.079639 -0.105609 0.000000 1.000000
169.003984 169.411765 0.000000 1.093013 0.071542 0.000000 1.000000
170.211155 169.411765 0.000000 0.345384 0.949558 0.000000 1.000000
171.418327 169.411765 0.000000 0.608548 0.357872 0.000000 1.000000
172.625498 169.411765 0.000000 0.175511 -0.398163 0.000000 1.000000
173.832669 169.411765 0.000000 -0.962166 -0.319971 0.000000 1.000000
175.039841 169.411765 0.000000 -0.502262 -1.005638 0.000000 1.000000
176.247012 169.411765 0.000000 0.025082 -0.010761 0.000000 1.000000
177.454183 169.411765 0.000000 -0.241354 0.899149 0.000000 1.000000
178.661355 169.411765 0.000000 0.327340 -0.857768 0.000000 1.000000
179.868526 169.411765 0.000000 0.490721 0.381281 0.000000 1.000000
181.075697 169.411765 0.000000 -0.581373 -0.568414 0.000000 1.000000
182.282869 169.411765 0.000000 0.359221 0.504768 0.000000 1.000000
183.490040 169.411765 0.000000 -0.659939 -0.505648 0.000000 1.000000
184.697211 169.411765 0.000000 -0.256802 0.849289 0.000000 1.000000
185.904382 169.411765 0.000000 0.342532 0.829203 0.000000 1.000000
187.111554 169.411765 0.000000 0.843299 -0.224407 0.000000 1.000000
188.318725 169.411765 0.000000 -0.657659 1.460350 0.000000 1.000000
189.525896 169.411765 0.000000 1.466762 -0.830682 0.000000 1.000000
190.733068 169.411765 0.000000 -0.310032 1.172580 0.000000 1.000000
191.940239 169.411765 0.000000 1.325545 1.082471 0.000000 1.000000
193.147410 169.411765 0.000000 -0.617964 0.521776 0.000000 1.000000
194.354582 169.411765 0.000000 -0.799583 -0.462755 0.000000 1.000000
195.561753 169.411765 0.000000 0.370125 -0.117180 0.000000 1.000000
196.768924 169.411765 0.000000 1.358921 -0.379491 0.000000 1.000000
197.976096 169.411765 0.000000 0.441776 -0.491998 0.000000 1.000000
199.183267 169.411765 0.000000 0.727879 0.474943 0.000000 1.000000
200.390438 169.411765 0.000000 0.304416 0.162775 0.000000 1.000000
201.597610 169.411765 0.000000 0.854139 -0.129861 0.000000 1.000000
202.804781 169.411765 0.000000 1.392491 0.346348 0.000000 1.000000
204.011952 169.411765 0.000000 -0.136021 0.156277 0.000000 1.000000
205.219124 169.411765 0.000000 -0.089226 -0.447070 0.000000 1.000000
206.426295 169.411765 0.000000 -0.137081 1.089383 0.000000 1.000000
207.633466 169.411765 0.000000 0.722211 1.554117 0.000000 1.000000
208.840637 169.411765 0.000000 -1.374805 -0.561460 0.000000 1.000000
210.047809 169.411765 0.000000 -0.462211 0.633713 0.000000 1.000000
211.254980 169.411765 0.000000 0.489565 0.152994 0.000000 1.000000
212.462151 169.411765 0.000000 0.387783 0.035300 0.000000 1.000000
213.669323 169.411765 0.000000 0.120075 0.337010 0.000000 1.000000
214.876494 169.411765 0.000000 -0.048159 -0.405666 0.000000 1.000000
216.083665 169.411765 0.000000 -0.171850 -0.196613 0.000000 1.000000
217.290837 169.411765 0.000000 -1.342712 -0.066044 0.000000 1.000000
218.498008 169.411765 0.000000 0.552439 0.122211 0.000000 1.000000
219.705179 169.411765 0.000000 -1.678935 -0.816330 0.000000 1.000000
220.912351 169.411765 0.000000 -0.827177 0.583398 0.000000 1.000000
222.119522 169.411765 0.000000 -1.301535 1.918734 0.000000 1.000000
223.326693 169.411765 0.000000 0.723853 1.168904 0.000000 1.000000
224.533865 169.411765 0.000000 -0.408026 0.260194 0.000000 1.000000
225.741036 169.411765 0.000000 0.664485 0.611564 0.000000 1.000000
226.948207 169.411765 0.000000 -1.103301 0.973774 0.000000 1.000000
228.155378 169.411765 0.000000 1.737145 0.143795 0.000000 1.000000
229.362550 169.411765 0.000000 -0.091273 -0.113877 0.000000 1.000000
230.569721 169.411765 0.000000 0.361004 0.410188 0.000000 1.000000
231.776892 169.411765 0.000000 0.324811 0.611134 0.000000 1.000000
232.984064 169.411765 0.000000 -0.095166 -0.380383 0.000000 1.000000
234.191235 169.411765 0.000000 -0.276242 -0.887369 0.000000 1.000000
235.398406 169.411765 0.000000 -0.521242 0.596825 0.000000 1.000000
236.605578 169.411765 0.000000 0.265191 -0.973720 0.000000 1.000000
237.812749 169.411765 0.000000 1.092029 -0.045705 0.000000 1.000000
239.019920 169.411765 0.000000 -0.680249 1.295694 0.000000 1.000000
240.227092 169.411765 0.000000 -0.469510 -1.198684 0.000000 1.000000
241.434263 169.411765 0.000000 0.047487 -0.606864 0.000000 1.000000
242.641434 169.411765 0.000000 1.698453 -0.604622 0.000000 1.000000
243.848606 169.411765 0.000000 -0.487604 0.530120 0.000000 1.000000
245.055777 169.411765 0.000000 0.139245 -0.821423 0.000000 1.000000
246.262948 169.411765 0.000000 0.658064 0.207086 0.000000 1.000000
247.470120 169.411765 0.000000 1.023351 -0.718090 0.000000 1.000000
248.677291 169.411765 0.000000 -0.389524 0.453722 0.000000 1.000000
249.884462 169.411765 0.000000 0.461432 -0.189183 0.000000 1.000000
251.091633 169.411765 0.000000 -0.126287 0.222509 0.000000 1.000000
252.298805 169.411765 0.000000 -0.548806 0.504255 0.000000 1.000000
253.505976 169.411765 0.000000 -0.836038 -0.271056 0.000000 1.000000
254.713147 169.411765 0.000000 0.291227 -0.598629 0.000000 1.000000
255.920319 169.411765 0.000000 0.330261 -0.340306 0.000000 1.000000
257.127490 169.411765 0.000000 -0.009009 -0.563556 0.000000 1.000000
258.334661 169.411765 0.000000 0.188964 0.556732 0.000000 1.000000
259.541833 169.411765 0.000000 -0.027865 -0.514250 0.000000 1.000000
260.749004 169.411765 0.000000 0.612992 -0.249318 0.000000 1.000000
261.956175 169.411765 0.000000 -0.716458 -0.223477 0.000000 1.000000
263.163347 169.411765 0.000000 0.392816 0.614273 0.000000 1.000000
264.370518 169.411765 0.000000 -0.754564 0.020481 0.000000 1.000000
265.577689 169.411765 0.000000 -0.464169 0.370234 0.000000 1.000000
266.784861 169.411765 0.000000 -0.158653 0.371996 0.000000 1.000000
267.992032 169.411765 0.000000 0.827124 -0.997142 0.000000 1.000000
269.199203 169.411765 0.000000 -0.850010 0.141361 0.000000 1.000000
270.406375 169.411765 0.000000 0.841332 0.018723 0.000000 1.000000
271.613546 169.411765 0.000000 -0.409817 -0.339666 0.000000 1.000000
272.820717 169.411765 0.000000 0.148157 -1.019893 0.000000 1.000000
274.027888 169.411765 0.000000 0.130045 -0.967154 0.000000 1.000000
275.235060 169.411765 0.000000 0.261453 1.297685 0.000000 1.000000
276.442231 169.411765 0.000000 -0.006430 0.523183 0.000000 1.000000
277.649402 169.411765 0.000000 0.741150 -0.121033 0.000000 1.000000
278.856574 169.411765 0.000000 -0.526093 -0.372809 0.000000 1.000000
280.063745 169.411765 0.000000 -0.647279 -0.152524 0.000000 1.000000
281.270916 169.411765 0.000000 0.102865 -1.251320 0.000000 1.000000
282.478088 169.411765 0.000000 -0.104668 0.219341 0.000000 1.000000
283.685259 169.411765 0.000000 0.179518 -0.011671 0.000000 1.000000
284.892430 169.411765 0.000000 0.254244 0.493219 0.000000 1.000000
286.099602 169.411765 0.000000 -1.119100 0.255817 0.000000 1.000000
287.306773 169.411765 0.000000 0.781070 0.034770 0.000000 1.000000
288.513944 169.411765 0.000000 -0.300095 1.546406 0.000000 1.000000
289.721116 169.411765 0.000000 0.060698 -1.195903 0.000000 1.000000
290.928287 169.411765 0.000000 -0.997202 -0.452888 0.000000 1.000000
292.135458 169.411765 0.000000 -1.482522 0.508883 0.000000 1.000000
293.342629 169.411765 0.000000 -0.390772 0.019025 0.000000 1.000000
294.549801 169.411765 0.000000 0.604981 -0.112664 0.000000 1.000000
295.756972 169.411765 0.000000 -1.057332 -1.203394 0.000000 1.000000
296.964143 169.411765 0.000000 -0.931505 -1.624995 0.000000 1.000000
298.171315 169.411765 0.000000 0.908090 0.021852 0.000000 1.000000
299.378486 169.411765 0.000000 0.727780 0.126687 0.000000 1.000000
300.585657 169.411765 0.000000 -1.132152 1.905984 0.000000 1.000000
301.792829 169.411765 0.000000 0.152246 0.120680 0.000000 1.000000
1.207171 172.941176 0.000000 0.734450 0.803666 0.000000 1.000000
2.414343 172.941176 0.000000 2.209282 0.062092 0.000000 1.000000
3.621514 172.941176 0.000000 0.447123 0.060101 0.000000 1.000000
4.828685 172.941176 0.000000 -0.565226 -0.238731 0.000000 1.000000
6.035857 172.941176 0.000000 -0.814412 1.218333 0.000000 1.000000
7.243028 172.941176 0.000000 0.505781 0.600668 0.000000 1.000000
8.450199 172.941176 0.000000 -0.100168 1.062863 0.000000 1.000000
9.657371 172.941176 0.000000 -0.241577 -0.459895 0.000000 1.000000
10.864542 172.941176 0.000000 0.134401 0.805732 0.000000 1.000000
12.071713 172.941176 0.000000 0.750515 -0.931099 0.000000 1.000000
13.278884 172.941176 0.000000 0.478886 1.163817 0.000000 1.000000
14.486056 172.941176 0.000000 -0.051542 -0.327004 0.000000 1.000000
15.693227 172.941176 0.000000 0.647566 0.800541 0.000000 1.000000
16.900398 172.941176 0.000000 -0.503606 -0.266304 0.000000 1.000000
18.107570 172.941176 0.000000 0.486269 -0.530691 0.000000 1.000000
19.314741 172.941176 0.000000 0.313294 0.715025 0.000000 1.000000
20.521912 172.941176 0.000000 -0.080106 0.886247 0.000000 1.000000
21.729084 172.941176 0.000000 0.372092 -0.588400 0.000000 1.000000
22.936255 172.941176 0.000000 0.427558 0.953166 0.000000 1.000000
24.143426 172.941176 0.000000 0.175182 0.141639 0.000000 1.000000
25.350598 172.941176 0.000000 -0.329312 0.374898 0.000000 1.000000
26.557769 172.941176 0.000000 0.396006 1.042297 0.000000 1.000000
27.764940 172.941176 0.000000 -0.346461 0.470251 0.000000 1.000000
28.972112 172.941176 0.000000 0.525602 -0.159871 0.000000 1.000000
30.179283 172.941176 0.000000 0.080038 -1.943805 0.000000 1.000000
31.386454 172.941176 0.000000 0.392484 -1.263170 0.000000 1.000000
32.593625 172.941176 0.000000 -0.659761 -0.671609 0.000000 1.000000
33.800797 172.941176 0.000000 -0.128775 0.249763 0.000000 1.000000
35.007968 172.941176 0.000000 -0.810925 -1.387160 0.000000 1.000000
36.215139 172.941176 0.000000 -0.370823 0.546900 0.000000 1.000000
37.422311 172.941176 0.000000 0.017777 -0.503506 0.000000 1.000000
38.629482 172.941176 0.000000 -0.171091 0.045567 0.000000 1.000000
39.836653 172.941176 0.000000 0.035250 -0.385719 0.000000 1.000000
41.043825 172.941176 0.000000 0.530424 1.253041 0.000000 1.000000
42.250996 172.941176 0.000000 -0.407845 0.232968 0.000000 1.000000
43.458167 172.941176 0.000000 -0.652524 0.242061 0.000000 1.000000
44.665339 172.941176 0.000000 0.388536 -0.011133 0.000000 1.000000
45.872510 172.941176 0.000000 0.527839 0.315336 0.000000 1.000000
47.079681 172.941176 0.000000 -1.797230 0.271852 0.000000 1.000000
48.286853 172.941176 0.000000 -0.231392 -1.182004 0.000000 1.000000
49.494024 172.941176 0.000000 -0.021698 -1.201746 0.000000 1.000000
50.701195 172.941176 0.000000 -0.015435 0.321330 0.000000 1.000000
51.908367 172.941176 0.000000 0.003119 -0.176234 0.000000 1.000000
53.115538 172.941176 0.000000 -0.017194 0.349314 0.000000 1.000000
54.322709 172.941176 0.000000 1.019239 -0.162334 0.000000 1.000000
55.529880 172.941176 0.000000 -0.093313 0.069211 0.000000 1.000000
56.737052 172.941176 0.000000 -0.178938 -0.176220 0.000000 1.000000
57.944223 172.941176 0.000000 -0.267307 -0.133185 0.000000 1.000000
59.151394 172.941176 0.000000 0.258796 -0.461468 0.000000 1.000000
60.358566 172.941176 0.000000 0.128612 -0.506554 0.000000 1.000000
61.565737 172.941176 0.000000 -0.471067 -0.439030 0.000000 1.000000
62.772908 172.941176 0.000000 1.044905 0.516846 0.000000 1.000000
63.980080 172.941176 0.000000 0.568277 -0.226402 0.000000 1.000000
65.187251 172.941176 0.000000 0.619239 0.122778 0.000000 1.000000
66.394422 172.941176 0.000000 -0.706688 -0.632493 0.000000 1.000000
67.601594 172.941176 0.000000 0.817382 1.019711 0.000000 1.000000
68.808765 172.941176 0.000000 0.946999 -0.570754 0.000000 1.000000
70.015936 172.941176 0.000000 -0.443762 0.242743 0.000000 1.000000
71.223108 172.941176 0.000000 0.569487 -1.625642 0.000000 1.000000
72.430279 172.941176 0.000000 0.470057 -0.150956 0.000000 1.000000
73.637450 172.941176 0.000000 0.261592 -1.305628 0.000000 1.000000
74.844622 172.941176 0.000000 -0.884458 -0.179984 0.000000 1.000000
76.051793 172.941176 0.000000 0.585317 -0.166620 0.000000 1.000000
77.258964 172.941176 0.000000 -0.924383 1.369779 0.000000 1.000000
78.466135 172.941176 0.000000 -0.562692 -0.862354 0.000000 1.000000
79.673307 172.941176 0.000000 0.635182 0.233237 0.000000 1.000000
80.880478 172.941176 0.000000 0.287566 -0.660573 0.000000 1.000000
82.087649 172.941176 0.000000 -0.934345 1.037038 0.000000 1.000000
83.294821 172.941176 0.000000 0.269581 0.341432 0.000000 1.000000
84.501992 172.941176 0.000000 -0.058542 -0.336933 0.000000 1.000000
85.709163 172.941176 0.000000 -0.027219 0.792495 0.000000 1.000000
86.916335 172.941176 0.000000 0.081517 -0.764367 0.000000 1.000000
88.123506 172.941176 0.000000 -0.944730 0.195920 0.000000 1.000000
89.330677 172.941176 0.000000 1.035675 0.434561 0.000000 1.000000
90.537849 172.941176 0.000000 -0.042038 0.145670 0.000000 1.000000
91.745020 172.941176 0.000000 -0.120542 0.528365 0.000000 1.000000
92.952191 172.941176 0.000000 0.678841 -0.530288 0.000000 1.000000
94.159363 172.941176 0.000000 -0.271162 -0.989184 0.000000 1.000000
95.366534 172.941176 0.000000 0.011296 1.459055 0.000000 1.000000
96.573705 172.941176 0.000000 -1.094009 1.122887 0.000000 1.000000
97.780876 172.941176 0.000000 0.169626 0.094419 0.000000 1.000000
98.988048 172.941176 0.000000 -0.236394 -0.344342 0.000000 1.000000
100.195219 172.941176 0.000000 0.807221 -0.100694 0.000000 1.000000
101.402390 172.941176 0.000000 0.744603 0.682757 0.000000 1.000000
102.609562 172.941176 0.000000 -0.311513 0.648310 0.000000 1.000000
103.816733 172.941176 0.000000 -0.142365 -0.324322 0.000000 1.000000
105.023904 172.941176 0.000000 -0.369091 -0.708757 0.000000 1.000000
106.231076 172.941176 0.000000 1.069996 1.085357 0.000000 1.000000
107.438247 172.941176 0.000000 1.245544 -0.325841 0.000000 1.000000
108.645418 172.941176 0.000000 0.413047 -0.268935 0.000000 1.000000
109.852590 172.941176 0.000000 0.180740 0.286864 0.000000 1.000000
111.059761 172.941176 0.000000 -0.965566 0.468408 0.000000 1.000000
112.266932 172.941176 0.000000 0.202807 0.111908 0.000000 1.000000
113.474104 172.941176 0.000000 -0.509702 -0.016427 0.000000 1.000000
114.681275 172.941176 0.000000 -0.303909 -0.285369 0.000000 1.000000
115.888446 172.941176 0.000000 -0.442479 -0.300700 0.000000 1.000000
117.095618 172.941176 0.000000 -0.255981 -0.120312 0.000000 1.000000
118.302789 172.941176 0.000000 -0.217776 0.439965 0.000000 1.000000
119.509960 172.941176 0.000000 -1.189645 0.295817 0.000000 1.000000
120.717131 172.941176 0.000000 0.124249 0.102880 0.000000 1.000000
121.924303 172.941176 0.000000 0.553562 0.638242 0.000000 1.000000
123.131474 172.941176 0.000000 -0.030212 0.003960 0.000000 1.000000
124.338645 172.941176 0.000000 -0.404898 -0.516758 0.000000 1.000000
125.545817 172.941176 0.000000 -0.813056 -0.556710 0.000000 1.000000
126.752988 172.941176 0.000000 -0.090309 -0.682959 0.000000 1.000000
127.960159 172.941176 0.000000 0.178313 0.505886 0.000000 1.000000
129.167331 172.941176 0.000000 -0.042528 0.087414 0.000000 1.000000
130.374502 172.941176 0.000000 0.076196 -0.011173 0.000000 1.000000
131.581673 172.941176 0.000000 0.112041 -0.684471 0.000000 1.000000
132.788845 172.941176 0.000000 0.184770 -0.500943 0.000000 1.000000
133.996016 172.941176 0.000000 -0.973993 0.028991 0.000000 1.000000
135.203187 172.941176 0.000000 0.886102 -0.766908 0.000000 1.000000
136.410359 172.941176 0.000000 -0.239135 0.601131 0.000000 1.000000
137.617530 172.941176 0.000000 0.892872 0.317949 0.000000 1.000000
138.824701 172.941176 0.000000 -0.776483 -0.020107 0.000000 1.000000
140.031873 172.941176 0.000000 -0.415258 0.309702 0.000000 1.000000
141.239044 172.941176 0.000000 0.102153 -0.559753 0.000000 1.000000
142.446215 172.941176 0.000000 -0.892198 -0.693550 0.000000 1.000000
143.653386 172.941176 0.000000 0.198528 0.690818 0.000000 1.000000
144.860558 172.941176 0.000000 -0.394426 -0.996616 0.000000 1.000000
146.067729 172.941176 0.000000 -0.079041 0.249668 0.000000 1.000000
147.274900 172.941176 0.000000 -0.096864 -0.391154 0.000000 1.000000
148.482072 172.941176 0.000000 0.212879 -0.862664 0.000000 1.000000
149.689243 172.941176 0.000000 0.230132 0.153850 0.000000 1.000000
150.896414 172.941176 0.000000 0.035594 0.886716 0.000000 1.000000
152.103586 172.941176 0.000000 0.293181 0.315763 0.000000 1.000000
153.310757 172.941176 0.000000 1.123412 0.347739 0.000000 1.000000
154.517928 172.941176 0.000000 0.427818 0.306150 0.000000 1.000000
155.725100 172.941176 0.000000 -0.230992 0.224275 0.000000 1.000000
156.932271 172.941176 0.000000 -0.149370 0.367377 0.000000 1.000000
158.139442 172.941176 0.000000 0.712662 0.502644 0.000000 1.000000
159.346614 172.941176 0.000000 -0.641481 -0.200090 0.000000 1.000000
160.553785 172.941176 0.000000 0.015296 0.172811 0.000000 1.000000
161.760956 172.941176 0.000000 -0.445679 -0.150705 0.000000 1.000000
162.968127 172.941176 0.000000 -0.172444 -1.455688 0.000000 1.000000
164.175299 172.941176 0.000000 -0.404776 -0.764850 0.000000 1.000000
165.382470 172.941176 0.000000 -0.166226 -0.998622 0.000000 1.000000
166.589641 172.941176 0.000000 0.234789 1.330241 0.000000 1.000000
167.796813 172.941176 0.000000 0.070903 0.904525 0.000000 1.000000
169.003984 172.941176 0.000000 -0.148804 -0.265949 0.000000 1.000000
170.211155 172.941176 0.000000 0.747257 -0.310156 0.000000 1.000000
171.418327 172.941176 0.000000 0.019039 0.686086 0.000000 1.000000
172.625498 172.941176 0.000000 1.171783 0.087736 0.000000 1.000000
173.832669 172.941176 0.000000 -0.505760 -0.337506 0.000000 1.000000
175.039841 172.941176 0.000000 -0.808487 0.065317 0.000000 1.000000
176.247012 172.941176 0.000000 0.146222 0.038284 0.000000 1.000000
177.454183 172.941176 0.000000 0.374197 0.390405 0.000000 1.000000
178.661355 172.941176 0.000000 -0.251842 -1.211038 0.000000 1.000000
179.868526 172.941176 0.000000 1.528994 -0.331996 0.000000 1.000000
181.075697 172.941176 0.000000 -0.726785 0.196916 0.000000 1.000000
182.282869 172.941176 0.000000 -0.080636 0.663830 0.000000 1.000000
183.490040 172.941176 0.000000 0.345052 -1.214933 0.000000 1.000000
184.697211 172.941176 0.000000 -0.640654 -1.192871 0.000000 1.000000
185.904382 172.941176 0.000000 -0.191852 0.397207 0.000000 1.000000
187.111554 172.941176 0.000000 -0.839233 0.216781 0.000000 1.000000
188.318725 172.941176 0.000000 0.297992 0.160818 0.000000 1.000000
189.525896 172.941176 0.000000 0.229247 -1.166328 0.000000 1.000000
190.733068 172.941176 0.000000 -0.910939 -0.884730 0.000000 1.000000
191.940239 172.941176 0.000000 -0.182596 0.511512 0.000000 1.000000
193.147410 172.941176 0.000000 -0.630727 0.724460 0.000000 1.000000
194.354582 172.941176 0.000000 0.445706 0.546103 0.000000 1.000000
195.561753 172.941176 0.000000 -0.694153 1.111926 0.000000 1.000000
196.768924 172.941176 0.000000 -0.629143 -0.462547 0.000000 1.000000
197.976096 172.941176 0.000000 -0.519599 -0.000641 0.000000 1.000000
199.183267 172.941176 0.000000 -1.013330 0.350978 0.000000 1.000000
200.390438 172.941176 0.000000 0.882963 0.786494 0.000000 1.000000
201.597610 172.941176 0.000000 -0.732899 -0.010203 0.000000 1.000000
202.804781 172.941176 0.000000 0.469349 0.572348 0.000000 1.000000
204.011952 172.941176 0.000000 -0.617151 -0.368435 0.000000 1.000000
205.219124 172.941176 0.000000 0.475388 0.530572 0.000000 1.000000
206.426295 172.941176 0.000000 0.765089 -1.414987 0.000000 1.000000
207.633466 172.941176 0.000000 -0.463055 0.175626 0.000000 1.000000
208.840637 172.941176 0.000000 0.663265 0.100738 0.000000 1.000000
210.047809 172.941176 0.000000 0.084623 0.305018 0.000000 1.000000
211.254980 172.941176 0.000000 -1.329163 -0.386741 0.000000 1.000000
212.462151 172.941176 0.000000 -0.575752 0.075200 0.000000 1.000000
213.669323 172.941176 0.000000 0.425058 -0.024867 0.000000 1.000000
214.876494 172.941176 0.000000 0.688075 0.824480 0.000000 1.000000
216.083665 172.941176 0.000000 1.075088 -0.531263 0.000000 1.000000
217.290837 172.941176 0.000000 -0.167021 0.666475 0.000000 1.000000
218.498008 172.941176 0.000000 0.538704 0.243439 0.000000 1.000000
219.705179 172.941176 0.000000 -0.536961 0.432870 0.000000 1.000000
220.912351 172.941176 0.000000 -0.478763 0.011842 0.000000 1.000000
222.119522 172.941176 0.000000 0.116637 0.576329 0.000000 1.000000
223.326693 172.941176 0.000000 -0.116481 -0.252123 0.000000 1.000000
224.533865 172.941176 0.000000 -1.184862 0.321929 0.000000 1.000000
225.741036 172.941176 0.000000 -0.176102 -0.406008 0.000000 1.000000
226.948207 172.941176 0.000000 -0.326862 -0.607777 0.000000 1.000000
228.155378 172.941176 0.000000 -0.143454 0.481037 0.000000 1.000000
229.362550 172.941176 0.000000 -1.735488 -1.282267 0.000000 1.000000
230.569721 172.941176 0.000000 -0.039324 -0.485772 0.000000 1.000000
231.776892 172.941176 0.000000 0.487613 -0.261579 0.000000 1.000000
232.984064 172.941176 0.000000 0.528471 0.085835 0.000000 1.000000
234.191235 172.941176 0.000000 -0.340501 0.805634 0.000000 1.000000
235.398406 172.941176 0.000000 -0.869814 -0.384166 0.000000 1.000000
236.605578 172.941176 0.000000 1.322517 -0.936542 0.000000 1.000000
237.812749 172.941176 0.000000 0.186912 0.869799 0.000000 1.000000
239.019920 172.941176 0.000000 0.093866 -0.509671 0.000000 1.000000
240.227092 172.941176 0.000000 0.868491 0.150703 0.000000 1.000000
241.434263 172.941176 0.000000 -0.958494 0.076461 0.000000 1.000000
242.641434 172.941176 0.000000 -0.454699 -0.559582 0.000000 1.000000
243.848606 172.941176 0.000000 0.195448 1.340912 0.000000 1.000000
245.055777 172.941176 0.000000 0.089819 -0.928210 0.000000 1.000000
246.262948 172.941176 0.000000 0.730633 1.576930 0.000000 1.000000
247.470120 172.941176 0.000000 0.203556 -1.094432 0.000000 1.000000
248.677291 172.941176 0.000000 0.328560 -0.116856 0.000000 1.000000
249.884462 172.941176 0.000000 -0.502496 -0.643233 0.000000 1.000000
251.091633 172.941176 0.000000 0.591204 0.218700 0.000000 1.000000
252.298805 172.941176 0.000000 0.043102 0.248864 0.000000 1.000000
253.505976 172.941176 0.000000 0.188951 -0.129263 0.000000 1.000000
254.713147 172.941176 0.000000 -0.048841 -1.080057 0.000000 1.000000
255.920319 172.941176 0.000000 -0.257499 -0.144759 0.000000 1.000000
257.127490 172.941176 0.000000 -0.353945 0.105330 0.000000 1.000000
258.334661 172.941176 0.000000 0.446110 0.668476 0.000000 1.000000
259.541833 172.941176 0.000000 -0.143041 -0.022225 0.000000 1.000000
260.749004 172.941176 0.000000 -0.749183 -0.180154 0.000000 1.000000
261.956175 172.941176 0.000000 -1.837315 -1.066894 0.000000 1.000000
263.163347 172.941176 0.000000 -0.190363 0.131681 0.000000 1.000000
264.370518 172.941176 0.000000 0.297904 -0.569835 0.000000 1.000000
265.577689 172.941176 0.000000 -0.923336 0.305993 0.000000 1.000000
266.784861 172.941176 0.000000 0.283465 -1.109281 0.000000 1.000000
267.992032 172.941176 0.000000 -0.743737 -1.116773 0.000000 1.000000
269.199203 172.941176 0.000000 -0.573405 0.077674 0.000000 1.000000
270.406375 172.941176 0.000000 -0.745407 -0.656516 0.000000 1.000000
271.613546 172.941176 0.000000 0.392436 0.141205 0.000000 1.000000
272.820717 172.941176 0.000000 0.226583 -0.252561 0.000000 1.000000
274.027888 172.941176 0.000000 0.406114 0.397139 0.000000 1.000000
275.235060 172.941176 0.000000 0.757621 -0.999766 0.000000 1.000000
276.442231 172.941176 0.000000 0.660995 -0.056091 0.000000 1.000000
277.649402 172.941176 0.000000 -0.069255 -0.900026 0.000000 1.000000
278.856574 172.941176 0.000000 -0.320695 -0.076104 0.000000 1.000000
280.063745 172.941176 0.000000 1.725907 -0.682877 0.000000 1.000000
281.270916 172.941176 0.000000 -0.751352 0.332640 0.000000 1.000000
282.478088 172.941176 0.000000 -0.726716 -0.797124 0.000000 1.000000
283.685259 172.941176 0.000000 1.067799 -0.297205 0.000000 1.000000
284.892430 172.941176 0.000000 -0.439591 0.287465 0.000000 1.000000
286.099602 172.941176 0.000000 0.471721 -0.025803 0.000000 1.000000
287.306773 172.941176 0.000000 0.790380 0.525537 0.000000 1.000000
288.513944 172.941176 0.000000 0.670522 -0.085658 0.000000 1.000000
289.721116 172.941176 0.000000 -0.783399 1.038785 0.000000 1.000000
290.928287 172.941176 0.000000 -0.038677 -1.187891 0.000000 1.000000
292.135458 172.941176 0.000000 0.758562 0.570753 0.000000 1.000000
293.342629 172.941176 0.000000 -0.384747 -0.318619 0.000000 1.000000
294.549801 172.941176 0.000000 0.720514 -0.438839 0.000000 1.000000
295.756972 172.941176 0.000000 1.146988 0.709379 0.000000 1.000000
296.964143 172.941176 0.000000 0.333325 1.338243 0.000000 1.000000
298.171315 172.941176 0.000000 -0.251305 -0.996404 0.000000 1.000000
299.378486 172.941176 0.000000 0.177596 -0.158338 0.000000 1.000000
300.585657 172.941176 0.000000 -1.687236 -0.331677 0.000000 1.000000
301.792829 172.941176 0.000000 -0.112567 -0.334508 0.000000 1.000000
1.207171 176.470588 0.000000 0.349565 1.263704 0.000000 1.000000
2.414343 176.470588 0.000000 -0.745463 -0.003567 0.000000 1.000000
3.621514 176.470588 0.000000 -0.457082 0.012458 0.000000 1.000000
4.828685 176.470588 0.000000 -0.177097 -0.401964 0.000000 1.000000
6.035857 176.470588 0.000000 -0.976622 0.812343 0.000000 1.000000
7.243028 176.470588 0.000000 -0.268199 -0.695225 0.000000 1.000000
8.450199 176.470588 0.000000 0.979293 0.920698 0.000000 1.000000
9.657371 176.470588 0.000000 0.863554 0.447658 0.000000 1.000000
10.864542 176.470588 0.000000 -0.550686 -0.099330 0.000000 1.000000
12.071713 176.470588 0.000000 1.335704 0.307577 0.000000 1.000000
13.278884 176.470588 0.000000 -0.356391 0.885970 0.000000 1.000000
14.486056 176.470588 0.000000 0.754031 0.273008 0.000000 1.000000
15.693227 176.470588 0.000000 0.343996 0.563217 0.000000 1.000000
16.900398 176.470588 0.000000 -0.242384 0.811141 0.000000 1.000000
18.107570 176.470588 0.000000 -0.251583 0.432318 0.000000 1.000000
19.314741 176.470588 0.000000 -0.520104 -1.444670 0.000000 1.000000
20.521912 176.470588 0.000000 0.220649 -0.472675 0.000000 1.000000
21.729084 176.470588 0.000000 -0.768003 -0.546435 0.000000 1.000000
22.936255 176.470588 0.000000 0.019029 -0.368286 0.000000 1.000000
24.143426 176.470588 0.000000 -0.567933 0.059600 0.000000 1.000000
25.350598 176.470588 0.000000 -0.105849 -0.961830 0.000000 1.000000
26.557769 176.470588 0.000000 0.880445 1.275440 0.000000 1.000000
27.764940 176.470588 0.000000 0.253294 -1.475534 0.000000 1.000000
28.972112 176.470588 0.000000 1.011653 0.788134 0.000000 1.000000
30.179283 176.470588 0.000000 0.866652 0.400782 0.000000 1.000000
31.386454 176.470588 0.000000 -0.040482 -0.628370 0.000000 1.000000
32.593625 176.470588 0.000000 0.191910 -0.184725 0.000000 1.000000
33.800797 176.470588 0.000000 -0.137606 -1.997645 0.000000 1.000000
35.007968 176.470588 0.000000 0.513118 -0.177047 0.000000 1.000000
36.215139 176.470588 0.000000 -0.738957 0.024555 0.000000 1.000000
37.422311 176.470588 0.000000 0.708334 1.488505 0.000000 1.000000
38.629482 176.470588 0.000000 0.915166 -1.986518 0.000000 1.000000
39.836653 176.470588 0.000000 -0.194395 -0.700408 0.000000 1.000000
41.043825 176.470588 0.000000 1.061275 0.248148 0.000000 1.000000
42.250996 176.470588 0.000000 -0.728309 0.557953 0.000000 1.000000
43.458167 176.470588 0.000000 -0.038531 0.539707 0.000000 1.000000
44.665339 176.470588 0.000000 0.513065 -1.016075 0.000000 1.000000
45.872510 176.470588 0.000000 -0.583014 -0.214660 0.000000 1.000000
47.079681 176.470588 0.000000 0.583660 0.385110 0.000000 1.000000
48.286853 176.470588 0.000000 0.155852 -0.953998 0.000000 1.000000
49.494024 176.470588 0.000000 1.213378 0.060757 0.000000 1.000000
50.701195 176.470588 0.000000 -0.702617 0.127137 0.000000 1.000000
51.908367 176.470588 0.000000 -0.339262 -0.550601 0.000000 1.000000
53.115538 176.470588 0.000000 0.209423 -0.062263 0.000000 1.000000
54.322709 176.470588 0.000000 -0.931753 -0.573362 0.000000 1.000000
55.529880 176.470588 0.000000 -0.502869 1.367097 0.000000 1.000000
56.737052 176.470588 0.000000 -0.694916 -0.383310 0.000000 1.000000
57.944223 176.470588 0.000000 -1.076906 -1.146653 0.000000 1.000000
59.151394 176.470588 0.000000 2.011735 0.406073 0.000000 1.000000
60.358566 176.470588 0.000000 -1.085938 -0.918329 0.000000 1.000000
61.565737 176.470588 0.000000 -0.230946 -0.756944 0.000000 1.000000
62.772908 176.470588 0.000000 -0.979616 -1.131111 0.000000 1.000000
63.980080 176.470588 0.000000 -0.809683 1.497317 0.000000 1.000000
65.187251 176.470588 0.000000 0.657239 -0.336766 0.000000 1.000000
66.394422 176.470588 0.000000 -0.262438 -0.019032 0.000000 1.000000
67.601594 176.470588 0.000000 0.493061 1.741836 0.000000 1.000000
68.808765 176.470588 0.000000 -1.622125 0.298939 0.000000 1.000000
70.015936 176.470588 0.000000 -0.771739 0.230117 0.000000 1.000000
71.223108 176.470588 0.000000 0.529330 0.603678 0.000000 1.000000
72.430279 176.470588 0.000000 0.086884 0.577742 0.000000 1.000000
73.637450 176.470588 0.000000 1.584477 0.106284 0.000000 1.000000
74.844622 176.470588 0.000000 -0.351481 0.957770 0.000000 1.000000
76.051793 176.470588 0.000000 -0.698978 -0.921935 0.000000 1.000000
77.258964 176.470588 0.000000 0.295400 -0.111765 0.000000 1.000000
78.466135 176.470588 0.000000 -1.081159 -0.979394 0.000000 1.000000
79.673307 176.470588 0.000000 0.271848 -0.437516 0.000000 1.000000
80.880478 176.470588 0.000000 0.265145 -0.683845 0.000000 1.000000
82.087649 176.470588 0.000000 0.384862 -0.242013 0.000000 1.000000
83.294821 176.470588 0.000000 0.058442 0.604013 0.000000 1.000000
84.501992 176.470588 0.000000 0.256075 -0.187439 0.000000 1.000000
85.709163 176.470588 0.000000 -0.983998 -0.286418 0.000000 1.000000
86.916335 176.470588 0.000000 -0.206209 0.514355 0.000000 1.000000
88.123506 176.470588 0.000000 -0.545431 1.805409 0.000000 1.000000
89.330677 176.470588 0.000000 0.390954 -0.408719 0.000000 1.000000
90.537849 176.470588 0.000000 -0.509805 -0.923939 0.000000 1.000000
91.745020 176.470588 0.000000 0.314447 0.472756 0.000000 1.000000
92.952191 176.470588 0.000000 0.425205 -1.110493 0.000000 1.000000
94.159363 176.470588 0.000000 0.957046 0.038602 0.000000 1.000000
95.366534 176.470588 0.000000 -0.610560 0.239581 0.000000 1.000000
96.573705 176.470588 0.000000 0.242835 -0.195496 0.000000 1.000000
97.780876 176.470588 0.000000 -0.417937 -0.746253 0.000000 1.000000
98.988048 176.470588 0.000000 -1.086761 -1.656404 0.000000 1.000000
100.195219 176.470588 0.000000 -0.490148 0.277856 0.000000 1.000000
101.402390 176.470588 0.000000 -0.703982 -0.607861 0.000000 1.000000
102.609562 176.470588 0.000000 0.658882 0.493077 0.000000 1.000000
103.816733 176.470588 0.000000 0.311228 0.817677 0.000000 1.000000
105.023904 176.470588 0.000000 -0.405902 -1.458427 0.000000 1.000000
106.231076 176.470588 0.000000 -0.608364 0.120594 0.000000 1.000000
107.438247 176.470588 0.000000 0.184234 -0.337236 0.000000 1.000000
108.645418 176.470588 0.000000 1.136927 -1.828558 0.000000 1.000000
109.852590 176.470588 0.000000 -0.396492 -0.911112 0.000000 1.000000
111.059761 176.470588 0.000000 -1.317926 -0.076503 0.000000 1.000000
112.266932 176.470588 0.000000 -0.212036 0.179841 0.000000 1.000000
113.474104 176.470588 0.000000 1.003166 -0.717228 0.000000 1.000000
114.681275 176.470588 0.000000 0.464665 0.074662 0.000000 1.000000
115.888446 176.470588 0.000000 -0.727898 0.649603 0.000000 1.000000
117.095618 176.470588 0.000000 0.388504 0.837906 0.000000 1.000000
118.302789 176.470588 0.000000 0.188645 -0.017282 0.000000 1.000000
119.509960 176.470588 0.000000 0.506570 -0.146531 0.000000 1.000000
120.717131 176.470588 0.000000 -0.512353 0.461966 0.000000 1.000000
121.924303 176.470588 0.000000 -1.439728 -0.833512 0.000000 1.000000
123.131474 176.470588 0.000000 -0.387062 0.196385 0.000000 1.000000
124.338645 176.470588 0.000000 0.321697 0.562328 0.000000 1.000000
125.545817 176.470588 0.000000 0.079390 0.685675 0.000000 1.000000
126.752988 176.470588 0.000000 -0.283948 -0.136061 0.000000 1.000000
127.960159 176.470588 0.000000 1.205351 0.520111 0.000000 1.000000
129.167331 176.470588 0.000000 0.093039 -0.457490 0.000000 1.000000
130.374502 176.470588 0.000000 -0.596932 -1.209905 0.000000 1.000000
131.581673 176.470588 0.000000 0.330123 -1.197398 0.000000 1.000000
132.788845 176.470588 0.000000 -0.196550 0.533625 0.000000 1.000000
133.996016 176.470588 0.000000 -0.273431 -0.299667 0.000000 1.000000
135.203187 176.470588 0.000000 0.743030 0.004798 0.000000 1.000000
136.410359 176.470588 0.000000 0.512511 1.044368 0.000000 1.000000
137.617530 176.470588 0.000000 -0.058588 0.451638 0.000000 1.000000
138.824701 176.470588 0.000000 0.364481 -1.000174 0.000000 1.000000
140.031873 176.470588 0.000000 -0.496588 -0.128900 0.000000 1.000000
141.239044 176.470588 0.000000 0.035673 0.476973 0.000000 1.000000
142.446215 176.470588 0.000000 -1.152525 1.207200 0.000000 1.000000
143.653386 176.470588 0.000000 -0.054400 -0.696230 0.000000 1.000000
144.860558 176.470588 0.000000 0.442972 -0.316947 0.000000 1.000000
146.067729 176.470588 0.000000 0.734196 0.169812 0.000000 1.000000
147.274900 176.470588 0.000000 0.463172 -1.212168 0.000000 1.000000
148.482072 176.470588 0.000000 0.240428 0.472516 0.000000 1.000000
149.689243 176.470588 0.000000 -0.643955 -0.269789 0.000000 1.000000
150.896414 176.470588 0.000000 -0.276015 -0.265048 0.000000 1.000000
152.103586 176.470588 0.000000 -0.070077 0.121740 0.000000 1.000000
153.310757 176.470588 0.000000 -0.077105 0.634571 0.000000 1.000000
154.517928 176.470588 0.000000 0.461428 -0.810827 0.000000 1.000000
155.725100 176.470588 0.000000 -1.098321 1.558905 0.000000 1.000000
156.932271 176.470588 0.000000 0.601580 -0.806532 0.000000 1.000000
158.139442 176.470588 0.000000 1.179673 -0.507821 0.000000 1.000000
159.346614 176.470588 0.000000 0.965934 -0.074228 0.000000 1.000000
160.553785 176.470588 0.000000 1.155568 -1.102828 0.000000 1.000000
161.760956 176.470588 0.000000 0.785078 -1.184553 0.000000 1.000000
162.968127 176.470588 0.000000 0.005537 0.740639 0.000000 1.000000
164.175299 176.470588 0.000000 1.185623 -0.819056 0.000000 1.000000
165.382470 176.470588 0.000000 -0.555251 0.290772 0.000000 1.000000
166.589641 176.470588 0.000000 -0.140624 0.279819 0.000000 1.000000
167.796813 176.470588 0.000000 0.465363 -0.555064 0.000000 1.000000
169.003984 176.470588 0.000000 0.751332 0.211894 0.000000 1.000000
170.211155 176.470588 0.000000 0.278673 -0.819386 0.000000 1.000000
171.418327 176.470588 0.000000 1.197294 0.028619 0.000000 1.000000
172.625498 176.470588 0.000000 0.191832 -0.621037 0.000000 1.000000
173.832669 176.470588 0.000000 0.551616 0.631638 0.000000 1.000000
175.039841 176.470588 0.000000 -1.587016 0.451923 0.000000 1.000000
176.247012 176.470588 0.000000 1.155036 -0.107708 0.000000 1.000000
177.454183 176.470588 0.000000 -0.551346 -0.464327 0.000000 1.000000
178.661355 176.470588 0.000000 -1.301949 1.259144 0.000000 1.000000
179.868526 176.470588 0.000000 -0.852877 0.397643 0.000000 1.000000
181.075697 176.470588 0.000000 -0.418646 -0.357256 0.000000 1.000000
182.282869 176.470588 0.000000 1.092264 0.107517 0.000000 1.000000
183.490040 176.470588 0.000000 -1.336985 0.359487 0.000000 1.000000
184.697211 176.470588 0.000000 -0.897304 -1.124710 0.000000 1.000000
185.904382 176.470588 0.000000 0.503374 -0.565872 0.000000 1.000000
187.111554 176.470588 0.000000 1.297067 0.429556 0.000000 1.000000
188.318725 176.470588 0.000000 -1.118679 -1.071960 0.000000 1.000000
189.525896 176.470588 0.000000 1.588812 0.878530 0.000000 1.000000
190.733068 176.470588 0.000000 0.188033 0.834756 0.000000 1.000000
191.940239 176.470588 0.000000 0.495986 -1.670241 0.000000 1.000000
193.147410 176.470588 0.000000 0.701896 -0.323408 0.000000 1.000000
194.354582 176.470588 0.000000 -0.419792 0.686510 0.000000 1.000000
195.561753 176.470588 0.000000 -0.474379 0.578637 0.000000 1.000000
196.768924 176.470588 0.000000 -0.471756 0.908376 0.000000 1.000000
197.976096 176.470588 0.000000 1.011078 0.522541 0.000000 1.000000
199.183267 176.470588 0.000000 -0.125949 0.061130 0.000000 1.000000
200.390438 176.470588 0.000000 0.676996 0.460619 0.000000 1.000000
201.597610 176.470588 0.000000 -0.240624 0.872041 0.000000 1.000000
202.804781 176.470588 0.000000 -0.075185 -0.445608 0.000000 1.000000
204.011952 176.470588 0.000000 -0.102869 0.465732 0.000000 1.000000
205.219124 176.470588 0.000000 0.948245 -0.214078 0.000000 1.000000
206.426295 176.470588 0.000000 -0.483204 -0.586597 0.000000 1.000000
207.633466 176.470588 0.000000 -0.136778 -0.020213 0.000000 1.000000
208.840637 176.470588 0.000000 1.596978 -0.244043 0.000000 1.000000
210.047809 176.470588 0.000000 -0.696871 1.378511 0.000000 1.000000
211.254980 176.470588 0.000000 -0.751932 -0.983396 0.000000 1.000000
212.462151 176.470588 0.000000 -0.930861 0.597162 0.000000 1.000000
213.669323 176.470588 0.000000 0.129616 -0.499032 0.000000 1.000000
214.876494 176.470588 0.000000 -0.119677 0.174516 0.000000 1.000000
216.083665 176.470588 0.000000 0.532527 -1.054229 0.000000 1.000000
217.290837 176.470588 0.000000 -0.040078 0.435398 0.000000 1.000000
218.498008 176.470588 0.000000 -0.254090 -0.107764 0.000000 1.000000
219.705179 176.470588 0.000000 0.429339 -0.770662 0.000000 1.000000
220.912351 176.470588 0.000000 0.312725 0.546006 0.000000 1.000000
222.119522 176.470588 0.000000 -0.563926 0.194603 0.000000 1.000000
223.326693 176.470588 0.000000 0.364747 0.072030 0.000000 1.000000
224.533865 176.470588 0.000000 1.322122 0.477200 0.000000 1.000000
225.741036 176.470588 0.000000 0.557340 -0.686018 0.000000 1.000000
226.948207 176.470588 0.000000 1.813248 -1.905615 0.000000 1.000000
228.155378 176.470588 0.000000 -0.391455 0.185094 0.000000 1.000000
229.362550 176.470588 0.000000 -0.951292 0.928944 0.000000 1.000000
230.569721 176.470588 0.000000 -1.243906 -0.116429 0.000000 1.000000
231.776892 176.470588 0.000000 -0.823309 -0.872871 0.000000 1.000000
232.984064 176.470588 0.000000 0.003674 1.014703 0.000000 1.000000
234.191235 176.470588 0.000000 -1.069655 -0.533239 0.000000 1.000000
235.398406 176.470588 0.000000 -0.756012 0.492893 0.000000 1.000000
236.605578 176.470588 0.000000 0.660694 0.217474 0.000000 1.000000
237.812749 176.470588 0.000000 -0.291671 0.583715 0.000000 1.000000
239.019920 176.470588 0.000000 1.343540 0.155254 0.000000 1.000000
240.227092 176.470588 0.000000 0.284697 0.033695 0.000000 1.000000
241.434263 176.470588 0.000000 0.067050 -0.763095 0.000000 1.000000
242.641434 176.470588 0.000000 -0.845881 -0.457280 0.000000 1.000000
243.848606 176.470588 0.000000 1.106603 0.640382 0.000000 1.000000
245.055777 176.470588 0.000000 -0.023698 -0.036962 0.000000 1.000000
246.262948 176.470588 0.000000 -0.434357 1.526081 0.000000 1.000000
247.470120 176.470588 0.000000 0.253525 -0.313756 0.000000 1.000000
248.677291 176.470588 0.000000 0.750192 -0.822816 0.000000 1.000000
249.884462 176.470588 0.000000 -0.834661 0.210591 0.000000 1.000000
251.091633 176.470588 0.000000 0.012243 -0.228737 0.000000 1.000000
252.298805 176.470588 0.000000 0.132267 0.610335 0.000000 1.000000
253.505976 176.470588 0.000000 1.030319 1.352663 0.000000 1.000000
254.713147 176.470588 0.000000 -0.008557 -0.498239 0.000000 1.000000
255.920319 176.470588 0.000000 -0.191792 0.536380 0.000000 1.000000
257.127490 176.470588 0.000000 -0.377284 -0.401169 0.000000 1.000000
258.334661 176.470588 0.000000 -0.953256 -0.057441 0.000000 1.000000
259.541833 176.470588 0.000000 -0.020130 -1.131560 0.000000 1.000000
260.749004 176.470588 0.000000 0.095238 0.867075 0.000000 1.000000
261.956175 176.470588 0.000000 -0.185413 -0.364529 0.000000 1.000000
263.163347 176.470588 0.000000 0.131194 0.744220 0.000000 1.000000
264.370518 176.470588 0.000000 -0.709704 0.374786 0.000000 1.000000
265.577689 176.470588 0.000000 0.834391 -1.281315 0.000000 1.000000
266.784861 176.470588 0.000000 -0.472765 0.152967 0.000000 1.000000
267.992032 176.470588 0.000000 0.546748 0.535027 0.000000 1.000000
269.199203 176.470588 0.000000 -0.124726 0.647709 0.000000 1.000000
270.406375 176.470588 0.000000 -0.726087 0.173331 0.000000 1.000000
271.613546 176.470588 0.000000 -0.673451 -1.330621 0.000000 1.000000
272.820717 176.470588 0.000000 -1.292493 1.089356 0.000000 1.000000
274.027888 176.470588 0.000000 -0.576390 0.203958 0.000000 1.000000
275.235060 176.470588 0.000000 0.943197 0.244006 0.000000 1.000000
276.442231 176.470588 0.000000 1.322034 -0.850667 0.000000 1.000000
277.649402 176.470588 0.000000 -1.022415 -0.802931 0.000000 1.000000
278.856574 176.470588 0.000000 -0.078076 0.818373 0.000000 1.000000
280.063745 176.470588 0.000000 0.099872 -0.682894 0.000000 1.000000
281.270916 176.470588 0.000000 -0.082717 0.570096 0.000000 1.000000
282.478088 176.470588 0.000000 0.038094 0.572754 0.000000 1.000000
283.685259 176.470588 0.000000 -0.638181 -0.015242 0.000000 1.000000
284.892430 176.470588 0.000000 -1.171867 -0.722695 0.000000 1.000000
286.099602 176.470588 0.000000 -0.740467 0.255073 0.000000 1.000000
287.306773 176.470588 0.000000 -0.031522 1.316161 0.000000 1.000000
288.513944 176.470588 0.000000 1.164946 0.197873 0.000000 1.000000
289.721116 176.470588 0.000000 0.043603 0.695378 0.000000 1.000000
290.928287 176.470588 0.000000 -0.703873 0.381893 0.000000 1.000000
292.135458 176.470588 0.000000 1.416041 0.219060 0.000000 1.000000
293.342629 176.470588 0.000000 1.404665 0.194732 0.000000 1.000000
294.549801 176.470588 0.000000 -0.582835 0.308794 0.000000 1.000000
295.756972 176.470588 0.000000 -0.274488 0.711404 0.000000 1.000000
296.964143 176.470588 0.000000 0.094067 0.283462 0.000000 1.000000
298.171315 176.470588 0.000000 -0.326970 0.722840 0.000000 1.000000
299.378486 176.470588 0.000000 0.321379 1.176406 0.000000 1.000000
300.585657 176.470588 0.000000 0.876905 0.338007 0.000000 1.000000
301.792829 176.470588 0.000000 0.244508 -0.990891 0.000000 1.000000
